--
-- PostgreSQL database cluster dump
--

\restrict zUAjxGPdUfNtTevojcSo4aZJFVI07yHXzb6WE3QJ8jYY5w7P4tUmjQ14M7zZFVc

SET default_transaction_read_only = off;

SET client_encoding = 'UTF8';
SET standard_conforming_strings = on;

--
-- Roles
--

CREATE ROLE anon;
ALTER ROLE anon WITH NOSUPERUSER INHERIT NOCREATEROLE NOCREATEDB NOLOGIN NOREPLICATION NOBYPASSRLS;
CREATE ROLE authenticated;
ALTER ROLE authenticated WITH NOSUPERUSER INHERIT NOCREATEROLE NOCREATEDB NOLOGIN NOREPLICATION NOBYPASSRLS;
CREATE ROLE authenticator;
ALTER ROLE authenticator WITH NOSUPERUSER NOINHERIT NOCREATEROLE NOCREATEDB LOGIN NOREPLICATION NOBYPASSRLS;
CREATE ROLE dashboard_user;
ALTER ROLE dashboard_user WITH NOSUPERUSER INHERIT CREATEROLE CREATEDB NOLOGIN REPLICATION NOBYPASSRLS;
CREATE ROLE pgbouncer;
ALTER ROLE pgbouncer WITH NOSUPERUSER INHERIT NOCREATEROLE NOCREATEDB LOGIN NOREPLICATION NOBYPASSRLS;
CREATE ROLE postgres;
ALTER ROLE postgres WITH NOSUPERUSER INHERIT CREATEROLE CREATEDB LOGIN REPLICATION BYPASSRLS;
CREATE ROLE service_role;
ALTER ROLE service_role WITH NOSUPERUSER INHERIT NOCREATEROLE NOCREATEDB NOLOGIN NOREPLICATION BYPASSRLS;
CREATE ROLE supabase_admin;
ALTER ROLE supabase_admin WITH SUPERUSER INHERIT CREATEROLE CREATEDB LOGIN REPLICATION BYPASSRLS;
CREATE ROLE supabase_auth_admin;
ALTER ROLE supabase_auth_admin WITH NOSUPERUSER NOINHERIT CREATEROLE NOCREATEDB LOGIN NOREPLICATION NOBYPASSRLS;
CREATE ROLE supabase_etl_admin;
ALTER ROLE supabase_etl_admin WITH NOSUPERUSER INHERIT NOCREATEROLE NOCREATEDB LOGIN REPLICATION NOBYPASSRLS;
CREATE ROLE supabase_read_only_user;
ALTER ROLE supabase_read_only_user WITH NOSUPERUSER INHERIT NOCREATEROLE NOCREATEDB LOGIN NOREPLICATION BYPASSRLS;
CREATE ROLE supabase_realtime_admin;
ALTER ROLE supabase_realtime_admin WITH NOSUPERUSER NOINHERIT NOCREATEROLE NOCREATEDB NOLOGIN NOREPLICATION NOBYPASSRLS;
CREATE ROLE supabase_replication_admin;
ALTER ROLE supabase_replication_admin WITH NOSUPERUSER INHERIT NOCREATEROLE NOCREATEDB LOGIN REPLICATION NOBYPASSRLS;
CREATE ROLE supabase_storage_admin;
ALTER ROLE supabase_storage_admin WITH NOSUPERUSER NOINHERIT CREATEROLE NOCREATEDB LOGIN NOREPLICATION NOBYPASSRLS;

--
-- User Configurations
--

--
-- User Config "anon"
--

ALTER ROLE anon SET statement_timeout TO '3s';

--
-- User Config "authenticated"
--

ALTER ROLE authenticated SET statement_timeout TO '8s';

--
-- User Config "authenticator"
--

ALTER ROLE authenticator SET session_preload_libraries TO 'safeupdate';
ALTER ROLE authenticator SET statement_timeout TO '8s';
ALTER ROLE authenticator SET lock_timeout TO '8s';

--
-- User Config "postgres"
--

ALTER ROLE postgres SET search_path TO E'\\$user', 'public', 'extensions';

--
-- User Config "supabase_admin"
--

ALTER ROLE supabase_admin SET search_path TO '$user', 'public', 'auth', 'extensions';
ALTER ROLE supabase_admin SET log_statement TO 'none';

--
-- User Config "supabase_auth_admin"
--

ALTER ROLE supabase_auth_admin SET search_path TO 'auth';
ALTER ROLE supabase_auth_admin SET idle_in_transaction_session_timeout TO '60000';
ALTER ROLE supabase_auth_admin SET log_statement TO 'none';

--
-- User Config "supabase_read_only_user"
--

ALTER ROLE supabase_read_only_user SET default_transaction_read_only TO 'on';

--
-- User Config "supabase_storage_admin"
--

ALTER ROLE supabase_storage_admin SET search_path TO 'storage';
ALTER ROLE supabase_storage_admin SET log_statement TO 'none';


--
-- Role memberships
--

GRANT anon TO authenticator WITH INHERIT FALSE GRANTED BY supabase_admin;
GRANT anon TO postgres WITH ADMIN OPTION, INHERIT TRUE GRANTED BY supabase_admin;
GRANT authenticated TO authenticator WITH INHERIT FALSE GRANTED BY supabase_admin;
GRANT authenticated TO postgres WITH ADMIN OPTION, INHERIT TRUE GRANTED BY supabase_admin;
GRANT authenticator TO postgres WITH ADMIN OPTION, INHERIT TRUE GRANTED BY supabase_admin;
GRANT authenticator TO supabase_storage_admin WITH INHERIT FALSE GRANTED BY supabase_admin;
GRANT pg_create_subscription TO postgres WITH INHERIT TRUE GRANTED BY supabase_admin;
GRANT pg_monitor TO postgres WITH ADMIN OPTION, INHERIT TRUE GRANTED BY supabase_admin;
GRANT pg_read_all_data TO postgres WITH ADMIN OPTION, INHERIT TRUE GRANTED BY supabase_admin;
GRANT pg_read_all_data TO supabase_etl_admin WITH INHERIT TRUE GRANTED BY supabase_admin;
GRANT pg_read_all_data TO supabase_read_only_user WITH INHERIT TRUE GRANTED BY supabase_admin;
GRANT pg_signal_backend TO postgres WITH ADMIN OPTION, INHERIT TRUE GRANTED BY supabase_admin;
GRANT service_role TO authenticator WITH INHERIT FALSE GRANTED BY supabase_admin;
GRANT service_role TO postgres WITH ADMIN OPTION, INHERIT TRUE GRANTED BY supabase_admin;
GRANT supabase_realtime_admin TO postgres WITH INHERIT TRUE GRANTED BY supabase_admin;






\unrestrict zUAjxGPdUfNtTevojcSo4aZJFVI07yHXzb6WE3QJ8jYY5w7P4tUmjQ14M7zZFVc

--
-- Databases
--

--
-- Database "template1" dump
--

\connect template1

--
-- PostgreSQL database dump
--

\restrict XbCieUhSpfaiDdSeb8CxKGpDP8zDshbVExL0t8L7bVNuJhq1ykyEwd2dC5MYYTN

-- Dumped from database version 17.6
-- Dumped by pg_dump version 17.6 (Debian 17.6-2.pgdg12+1)

SET statement_timeout = 0;
SET lock_timeout = 0;
SET idle_in_transaction_session_timeout = 0;
SET transaction_timeout = 0;
SET client_encoding = 'UTF8';
SET standard_conforming_strings = on;
SELECT pg_catalog.set_config('search_path', '', false);
SET check_function_bodies = false;
SET xmloption = content;
SET client_min_messages = warning;
SET row_security = off;

--
-- PostgreSQL database dump complete
--

\unrestrict XbCieUhSpfaiDdSeb8CxKGpDP8zDshbVExL0t8L7bVNuJhq1ykyEwd2dC5MYYTN

--
-- Database "postgres" dump
--

\connect postgres

--
-- PostgreSQL database dump
--

\restrict MKAd1OmXAfJ9OTjfWZtU5sdXYoV0FwI7wteV0vv6L9vm8gAypkbtnnVmq6hgOtb

-- Dumped from database version 17.6
-- Dumped by pg_dump version 17.6 (Debian 17.6-2.pgdg12+1)

SET statement_timeout = 0;
SET lock_timeout = 0;
SET idle_in_transaction_session_timeout = 0;
SET transaction_timeout = 0;
SET client_encoding = 'UTF8';
SET standard_conforming_strings = on;
SELECT pg_catalog.set_config('search_path', '', false);
SET check_function_bodies = false;
SET xmloption = content;
SET client_min_messages = warning;
SET row_security = off;

--
-- Name: auth; Type: SCHEMA; Schema: -; Owner: supabase_admin
--

CREATE SCHEMA auth;


ALTER SCHEMA auth OWNER TO supabase_admin;

--
-- Name: extensions; Type: SCHEMA; Schema: -; Owner: postgres
--

CREATE SCHEMA extensions;


ALTER SCHEMA extensions OWNER TO postgres;

--
-- Name: graphql; Type: SCHEMA; Schema: -; Owner: supabase_admin
--

CREATE SCHEMA graphql;


ALTER SCHEMA graphql OWNER TO supabase_admin;

--
-- Name: graphql_public; Type: SCHEMA; Schema: -; Owner: supabase_admin
--

CREATE SCHEMA graphql_public;


ALTER SCHEMA graphql_public OWNER TO supabase_admin;

--
-- Name: pgbouncer; Type: SCHEMA; Schema: -; Owner: pgbouncer
--

CREATE SCHEMA pgbouncer;


ALTER SCHEMA pgbouncer OWNER TO pgbouncer;

--
-- Name: realtime; Type: SCHEMA; Schema: -; Owner: supabase_admin
--

CREATE SCHEMA realtime;


ALTER SCHEMA realtime OWNER TO supabase_admin;

--
-- Name: storage; Type: SCHEMA; Schema: -; Owner: supabase_admin
--

CREATE SCHEMA storage;


ALTER SCHEMA storage OWNER TO supabase_admin;

--
-- Name: vault; Type: SCHEMA; Schema: -; Owner: supabase_admin
--

CREATE SCHEMA vault;


ALTER SCHEMA vault OWNER TO supabase_admin;

--
-- Name: pg_graphql; Type: EXTENSION; Schema: -; Owner: -
--

CREATE EXTENSION IF NOT EXISTS pg_graphql WITH SCHEMA graphql;


--
-- Name: EXTENSION pg_graphql; Type: COMMENT; Schema: -; Owner: 
--

COMMENT ON EXTENSION pg_graphql IS 'pg_graphql: GraphQL support';


--
-- Name: pg_stat_statements; Type: EXTENSION; Schema: -; Owner: -
--

CREATE EXTENSION IF NOT EXISTS pg_stat_statements WITH SCHEMA extensions;


--
-- Name: EXTENSION pg_stat_statements; Type: COMMENT; Schema: -; Owner: 
--

COMMENT ON EXTENSION pg_stat_statements IS 'track planning and execution statistics of all SQL statements executed';


--
-- Name: pgcrypto; Type: EXTENSION; Schema: -; Owner: -
--

CREATE EXTENSION IF NOT EXISTS pgcrypto WITH SCHEMA extensions;


--
-- Name: EXTENSION pgcrypto; Type: COMMENT; Schema: -; Owner: 
--

COMMENT ON EXTENSION pgcrypto IS 'cryptographic functions';


--
-- Name: supabase_vault; Type: EXTENSION; Schema: -; Owner: -
--

CREATE EXTENSION IF NOT EXISTS supabase_vault WITH SCHEMA vault;


--
-- Name: EXTENSION supabase_vault; Type: COMMENT; Schema: -; Owner: 
--

COMMENT ON EXTENSION supabase_vault IS 'Supabase Vault Extension';


--
-- Name: uuid-ossp; Type: EXTENSION; Schema: -; Owner: -
--

CREATE EXTENSION IF NOT EXISTS "uuid-ossp" WITH SCHEMA extensions;


--
-- Name: EXTENSION "uuid-ossp"; Type: COMMENT; Schema: -; Owner: 
--

COMMENT ON EXTENSION "uuid-ossp" IS 'generate universally unique identifiers (UUIDs)';


--
-- Name: aal_level; Type: TYPE; Schema: auth; Owner: supabase_auth_admin
--

CREATE TYPE auth.aal_level AS ENUM (
    'aal1',
    'aal2',
    'aal3'
);


ALTER TYPE auth.aal_level OWNER TO supabase_auth_admin;

--
-- Name: code_challenge_method; Type: TYPE; Schema: auth; Owner: supabase_auth_admin
--

CREATE TYPE auth.code_challenge_method AS ENUM (
    's256',
    'plain'
);


ALTER TYPE auth.code_challenge_method OWNER TO supabase_auth_admin;

--
-- Name: factor_status; Type: TYPE; Schema: auth; Owner: supabase_auth_admin
--

CREATE TYPE auth.factor_status AS ENUM (
    'unverified',
    'verified'
);


ALTER TYPE auth.factor_status OWNER TO supabase_auth_admin;

--
-- Name: factor_type; Type: TYPE; Schema: auth; Owner: supabase_auth_admin
--

CREATE TYPE auth.factor_type AS ENUM (
    'totp',
    'webauthn',
    'phone'
);


ALTER TYPE auth.factor_type OWNER TO supabase_auth_admin;

--
-- Name: oauth_authorization_status; Type: TYPE; Schema: auth; Owner: supabase_auth_admin
--

CREATE TYPE auth.oauth_authorization_status AS ENUM (
    'pending',
    'approved',
    'denied',
    'expired'
);


ALTER TYPE auth.oauth_authorization_status OWNER TO supabase_auth_admin;

--
-- Name: oauth_client_type; Type: TYPE; Schema: auth; Owner: supabase_auth_admin
--

CREATE TYPE auth.oauth_client_type AS ENUM (
    'public',
    'confidential'
);


ALTER TYPE auth.oauth_client_type OWNER TO supabase_auth_admin;

--
-- Name: oauth_registration_type; Type: TYPE; Schema: auth; Owner: supabase_auth_admin
--

CREATE TYPE auth.oauth_registration_type AS ENUM (
    'dynamic',
    'manual'
);


ALTER TYPE auth.oauth_registration_type OWNER TO supabase_auth_admin;

--
-- Name: oauth_response_type; Type: TYPE; Schema: auth; Owner: supabase_auth_admin
--

CREATE TYPE auth.oauth_response_type AS ENUM (
    'code'
);


ALTER TYPE auth.oauth_response_type OWNER TO supabase_auth_admin;

--
-- Name: one_time_token_type; Type: TYPE; Schema: auth; Owner: supabase_auth_admin
--

CREATE TYPE auth.one_time_token_type AS ENUM (
    'confirmation_token',
    'reauthentication_token',
    'recovery_token',
    'email_change_token_new',
    'email_change_token_current',
    'phone_change_token'
);


ALTER TYPE auth.one_time_token_type OWNER TO supabase_auth_admin;

--
-- Name: action; Type: TYPE; Schema: realtime; Owner: supabase_admin
--

CREATE TYPE realtime.action AS ENUM (
    'INSERT',
    'UPDATE',
    'DELETE',
    'TRUNCATE',
    'ERROR'
);


ALTER TYPE realtime.action OWNER TO supabase_admin;

--
-- Name: equality_op; Type: TYPE; Schema: realtime; Owner: supabase_admin
--

CREATE TYPE realtime.equality_op AS ENUM (
    'eq',
    'neq',
    'lt',
    'lte',
    'gt',
    'gte',
    'in'
);


ALTER TYPE realtime.equality_op OWNER TO supabase_admin;

--
-- Name: user_defined_filter; Type: TYPE; Schema: realtime; Owner: supabase_admin
--

CREATE TYPE realtime.user_defined_filter AS (
	column_name text,
	op realtime.equality_op,
	value text
);


ALTER TYPE realtime.user_defined_filter OWNER TO supabase_admin;

--
-- Name: wal_column; Type: TYPE; Schema: realtime; Owner: supabase_admin
--

CREATE TYPE realtime.wal_column AS (
	name text,
	type_name text,
	type_oid oid,
	value jsonb,
	is_pkey boolean,
	is_selectable boolean
);


ALTER TYPE realtime.wal_column OWNER TO supabase_admin;

--
-- Name: wal_rls; Type: TYPE; Schema: realtime; Owner: supabase_admin
--

CREATE TYPE realtime.wal_rls AS (
	wal jsonb,
	is_rls_enabled boolean,
	subscription_ids uuid[],
	errors text[]
);


ALTER TYPE realtime.wal_rls OWNER TO supabase_admin;

--
-- Name: buckettype; Type: TYPE; Schema: storage; Owner: supabase_storage_admin
--

CREATE TYPE storage.buckettype AS ENUM (
    'STANDARD',
    'ANALYTICS'
);


ALTER TYPE storage.buckettype OWNER TO supabase_storage_admin;

--
-- Name: email(); Type: FUNCTION; Schema: auth; Owner: supabase_auth_admin
--

CREATE FUNCTION auth.email() RETURNS text
    LANGUAGE sql STABLE
    AS $$
  select 
  coalesce(
    nullif(current_setting('request.jwt.claim.email', true), ''),
    (nullif(current_setting('request.jwt.claims', true), '')::jsonb ->> 'email')
  )::text
$$;


ALTER FUNCTION auth.email() OWNER TO supabase_auth_admin;

--
-- Name: FUNCTION email(); Type: COMMENT; Schema: auth; Owner: supabase_auth_admin
--

COMMENT ON FUNCTION auth.email() IS 'Deprecated. Use auth.jwt() -> ''email'' instead.';


--
-- Name: jwt(); Type: FUNCTION; Schema: auth; Owner: supabase_auth_admin
--

CREATE FUNCTION auth.jwt() RETURNS jsonb
    LANGUAGE sql STABLE
    AS $$
  select 
    coalesce(
        nullif(current_setting('request.jwt.claim', true), ''),
        nullif(current_setting('request.jwt.claims', true), '')
    )::jsonb
$$;


ALTER FUNCTION auth.jwt() OWNER TO supabase_auth_admin;

--
-- Name: role(); Type: FUNCTION; Schema: auth; Owner: supabase_auth_admin
--

CREATE FUNCTION auth.role() RETURNS text
    LANGUAGE sql STABLE
    AS $$
  select 
  coalesce(
    nullif(current_setting('request.jwt.claim.role', true), ''),
    (nullif(current_setting('request.jwt.claims', true), '')::jsonb ->> 'role')
  )::text
$$;


ALTER FUNCTION auth.role() OWNER TO supabase_auth_admin;

--
-- Name: FUNCTION role(); Type: COMMENT; Schema: auth; Owner: supabase_auth_admin
--

COMMENT ON FUNCTION auth.role() IS 'Deprecated. Use auth.jwt() -> ''role'' instead.';


--
-- Name: uid(); Type: FUNCTION; Schema: auth; Owner: supabase_auth_admin
--

CREATE FUNCTION auth.uid() RETURNS uuid
    LANGUAGE sql STABLE
    AS $$
  select 
  coalesce(
    nullif(current_setting('request.jwt.claim.sub', true), ''),
    (nullif(current_setting('request.jwt.claims', true), '')::jsonb ->> 'sub')
  )::uuid
$$;


ALTER FUNCTION auth.uid() OWNER TO supabase_auth_admin;

--
-- Name: FUNCTION uid(); Type: COMMENT; Schema: auth; Owner: supabase_auth_admin
--

COMMENT ON FUNCTION auth.uid() IS 'Deprecated. Use auth.jwt() -> ''sub'' instead.';


--
-- Name: grant_pg_cron_access(); Type: FUNCTION; Schema: extensions; Owner: supabase_admin
--

CREATE FUNCTION extensions.grant_pg_cron_access() RETURNS event_trigger
    LANGUAGE plpgsql
    AS $$
BEGIN
  IF EXISTS (
    SELECT
    FROM pg_event_trigger_ddl_commands() AS ev
    JOIN pg_extension AS ext
    ON ev.objid = ext.oid
    WHERE ext.extname = 'pg_cron'
  )
  THEN
    grant usage on schema cron to postgres with grant option;

    alter default privileges in schema cron grant all on tables to postgres with grant option;
    alter default privileges in schema cron grant all on functions to postgres with grant option;
    alter default privileges in schema cron grant all on sequences to postgres with grant option;

    alter default privileges for user supabase_admin in schema cron grant all
        on sequences to postgres with grant option;
    alter default privileges for user supabase_admin in schema cron grant all
        on tables to postgres with grant option;
    alter default privileges for user supabase_admin in schema cron grant all
        on functions to postgres with grant option;

    grant all privileges on all tables in schema cron to postgres with grant option;
    revoke all on table cron.job from postgres;
    grant select on table cron.job to postgres with grant option;
  END IF;
END;
$$;


ALTER FUNCTION extensions.grant_pg_cron_access() OWNER TO supabase_admin;

--
-- Name: FUNCTION grant_pg_cron_access(); Type: COMMENT; Schema: extensions; Owner: supabase_admin
--

COMMENT ON FUNCTION extensions.grant_pg_cron_access() IS 'Grants access to pg_cron';


--
-- Name: grant_pg_graphql_access(); Type: FUNCTION; Schema: extensions; Owner: supabase_admin
--

CREATE FUNCTION extensions.grant_pg_graphql_access() RETURNS event_trigger
    LANGUAGE plpgsql
    AS $_$
DECLARE
    func_is_graphql_resolve bool;
BEGIN
    func_is_graphql_resolve = (
        SELECT n.proname = 'resolve'
        FROM pg_event_trigger_ddl_commands() AS ev
        LEFT JOIN pg_catalog.pg_proc AS n
        ON ev.objid = n.oid
    );

    IF func_is_graphql_resolve
    THEN
        -- Update public wrapper to pass all arguments through to the pg_graphql resolve func
        DROP FUNCTION IF EXISTS graphql_public.graphql;
        create or replace function graphql_public.graphql(
            "operationName" text default null,
            query text default null,
            variables jsonb default null,
            extensions jsonb default null
        )
            returns jsonb
            language sql
        as $$
            select graphql.resolve(
                query := query,
                variables := coalesce(variables, '{}'),
                "operationName" := "operationName",
                extensions := extensions
            );
        $$;

        -- This hook executes when `graphql.resolve` is created. That is not necessarily the last
        -- function in the extension so we need to grant permissions on existing entities AND
        -- update default permissions to any others that are created after `graphql.resolve`
        grant usage on schema graphql to postgres, anon, authenticated, service_role;
        grant select on all tables in schema graphql to postgres, anon, authenticated, service_role;
        grant execute on all functions in schema graphql to postgres, anon, authenticated, service_role;
        grant all on all sequences in schema graphql to postgres, anon, authenticated, service_role;
        alter default privileges in schema graphql grant all on tables to postgres, anon, authenticated, service_role;
        alter default privileges in schema graphql grant all on functions to postgres, anon, authenticated, service_role;
        alter default privileges in schema graphql grant all on sequences to postgres, anon, authenticated, service_role;

        -- Allow postgres role to allow granting usage on graphql and graphql_public schemas to custom roles
        grant usage on schema graphql_public to postgres with grant option;
        grant usage on schema graphql to postgres with grant option;
    END IF;

END;
$_$;


ALTER FUNCTION extensions.grant_pg_graphql_access() OWNER TO supabase_admin;

--
-- Name: FUNCTION grant_pg_graphql_access(); Type: COMMENT; Schema: extensions; Owner: supabase_admin
--

COMMENT ON FUNCTION extensions.grant_pg_graphql_access() IS 'Grants access to pg_graphql';


--
-- Name: grant_pg_net_access(); Type: FUNCTION; Schema: extensions; Owner: supabase_admin
--

CREATE FUNCTION extensions.grant_pg_net_access() RETURNS event_trigger
    LANGUAGE plpgsql
    AS $$
BEGIN
  IF EXISTS (
    SELECT 1
    FROM pg_event_trigger_ddl_commands() AS ev
    JOIN pg_extension AS ext
    ON ev.objid = ext.oid
    WHERE ext.extname = 'pg_net'
  )
  THEN
    IF NOT EXISTS (
      SELECT 1
      FROM pg_roles
      WHERE rolname = 'supabase_functions_admin'
    )
    THEN
      CREATE USER supabase_functions_admin NOINHERIT CREATEROLE LOGIN NOREPLICATION;
    END IF;

    GRANT USAGE ON SCHEMA net TO supabase_functions_admin, postgres, anon, authenticated, service_role;

    IF EXISTS (
      SELECT FROM pg_extension
      WHERE extname = 'pg_net'
      -- all versions in use on existing projects as of 2025-02-20
      -- version 0.12.0 onwards don't need these applied
      AND extversion IN ('0.2', '0.6', '0.7', '0.7.1', '0.8', '0.10.0', '0.11.0')
    ) THEN
      ALTER function net.http_get(url text, params jsonb, headers jsonb, timeout_milliseconds integer) SECURITY DEFINER;
      ALTER function net.http_post(url text, body jsonb, params jsonb, headers jsonb, timeout_milliseconds integer) SECURITY DEFINER;

      ALTER function net.http_get(url text, params jsonb, headers jsonb, timeout_milliseconds integer) SET search_path = net;
      ALTER function net.http_post(url text, body jsonb, params jsonb, headers jsonb, timeout_milliseconds integer) SET search_path = net;

      REVOKE ALL ON FUNCTION net.http_get(url text, params jsonb, headers jsonb, timeout_milliseconds integer) FROM PUBLIC;
      REVOKE ALL ON FUNCTION net.http_post(url text, body jsonb, params jsonb, headers jsonb, timeout_milliseconds integer) FROM PUBLIC;

      GRANT EXECUTE ON FUNCTION net.http_get(url text, params jsonb, headers jsonb, timeout_milliseconds integer) TO supabase_functions_admin, postgres, anon, authenticated, service_role;
      GRANT EXECUTE ON FUNCTION net.http_post(url text, body jsonb, params jsonb, headers jsonb, timeout_milliseconds integer) TO supabase_functions_admin, postgres, anon, authenticated, service_role;
    END IF;
  END IF;
END;
$$;


ALTER FUNCTION extensions.grant_pg_net_access() OWNER TO supabase_admin;

--
-- Name: FUNCTION grant_pg_net_access(); Type: COMMENT; Schema: extensions; Owner: supabase_admin
--

COMMENT ON FUNCTION extensions.grant_pg_net_access() IS 'Grants access to pg_net';


--
-- Name: pgrst_ddl_watch(); Type: FUNCTION; Schema: extensions; Owner: supabase_admin
--

CREATE FUNCTION extensions.pgrst_ddl_watch() RETURNS event_trigger
    LANGUAGE plpgsql
    AS $$
DECLARE
  cmd record;
BEGIN
  FOR cmd IN SELECT * FROM pg_event_trigger_ddl_commands()
  LOOP
    IF cmd.command_tag IN (
      'CREATE SCHEMA', 'ALTER SCHEMA'
    , 'CREATE TABLE', 'CREATE TABLE AS', 'SELECT INTO', 'ALTER TABLE'
    , 'CREATE FOREIGN TABLE', 'ALTER FOREIGN TABLE'
    , 'CREATE VIEW', 'ALTER VIEW'
    , 'CREATE MATERIALIZED VIEW', 'ALTER MATERIALIZED VIEW'
    , 'CREATE FUNCTION', 'ALTER FUNCTION'
    , 'CREATE TRIGGER'
    , 'CREATE TYPE', 'ALTER TYPE'
    , 'CREATE RULE'
    , 'COMMENT'
    )
    -- don't notify in case of CREATE TEMP table or other objects created on pg_temp
    AND cmd.schema_name is distinct from 'pg_temp'
    THEN
      NOTIFY pgrst, 'reload schema';
    END IF;
  END LOOP;
END; $$;


ALTER FUNCTION extensions.pgrst_ddl_watch() OWNER TO supabase_admin;

--
-- Name: pgrst_drop_watch(); Type: FUNCTION; Schema: extensions; Owner: supabase_admin
--

CREATE FUNCTION extensions.pgrst_drop_watch() RETURNS event_trigger
    LANGUAGE plpgsql
    AS $$
DECLARE
  obj record;
BEGIN
  FOR obj IN SELECT * FROM pg_event_trigger_dropped_objects()
  LOOP
    IF obj.object_type IN (
      'schema'
    , 'table'
    , 'foreign table'
    , 'view'
    , 'materialized view'
    , 'function'
    , 'trigger'
    , 'type'
    , 'rule'
    )
    AND obj.is_temporary IS false -- no pg_temp objects
    THEN
      NOTIFY pgrst, 'reload schema';
    END IF;
  END LOOP;
END; $$;


ALTER FUNCTION extensions.pgrst_drop_watch() OWNER TO supabase_admin;

--
-- Name: set_graphql_placeholder(); Type: FUNCTION; Schema: extensions; Owner: supabase_admin
--

CREATE FUNCTION extensions.set_graphql_placeholder() RETURNS event_trigger
    LANGUAGE plpgsql
    AS $_$
    DECLARE
    graphql_is_dropped bool;
    BEGIN
    graphql_is_dropped = (
        SELECT ev.schema_name = 'graphql_public'
        FROM pg_event_trigger_dropped_objects() AS ev
        WHERE ev.schema_name = 'graphql_public'
    );

    IF graphql_is_dropped
    THEN
        create or replace function graphql_public.graphql(
            "operationName" text default null,
            query text default null,
            variables jsonb default null,
            extensions jsonb default null
        )
            returns jsonb
            language plpgsql
        as $$
            DECLARE
                server_version float;
            BEGIN
                server_version = (SELECT (SPLIT_PART((select version()), ' ', 2))::float);

                IF server_version >= 14 THEN
                    RETURN jsonb_build_object(
                        'errors', jsonb_build_array(
                            jsonb_build_object(
                                'message', 'pg_graphql extension is not enabled.'
                            )
                        )
                    );
                ELSE
                    RETURN jsonb_build_object(
                        'errors', jsonb_build_array(
                            jsonb_build_object(
                                'message', 'pg_graphql is only available on projects running Postgres 14 onwards.'
                            )
                        )
                    );
                END IF;
            END;
        $$;
    END IF;

    END;
$_$;


ALTER FUNCTION extensions.set_graphql_placeholder() OWNER TO supabase_admin;

--
-- Name: FUNCTION set_graphql_placeholder(); Type: COMMENT; Schema: extensions; Owner: supabase_admin
--

COMMENT ON FUNCTION extensions.set_graphql_placeholder() IS 'Reintroduces placeholder function for graphql_public.graphql';


--
-- Name: get_auth(text); Type: FUNCTION; Schema: pgbouncer; Owner: supabase_admin
--

CREATE FUNCTION pgbouncer.get_auth(p_usename text) RETURNS TABLE(username text, password text)
    LANGUAGE plpgsql SECURITY DEFINER
    AS $_$
begin
    raise debug 'PgBouncer auth request: %', p_usename;

    return query
    select 
        rolname::text, 
        case when rolvaliduntil < now() 
            then null 
            else rolpassword::text 
        end 
    from pg_authid 
    where rolname=$1 and rolcanlogin;
end;
$_$;


ALTER FUNCTION pgbouncer.get_auth(p_usename text) OWNER TO supabase_admin;

--
-- Name: handle_new_user(); Type: FUNCTION; Schema: public; Owner: postgres
--

CREATE FUNCTION public.handle_new_user() RETURNS trigger
    LANGUAGE plpgsql SECURITY DEFINER
    AS $$
BEGIN
  INSERT INTO public.user_profiles (id, full_name, email, user_type, nationality, digital_id)
  VALUES (
    NEW.id,
    COALESCE(NEW.raw_user_meta_data ->> 'full_name', 'User'),
    NEW.email,
    COALESCE(NEW.raw_user_meta_data ->> 'user_type', 'Tourist'),
    COALESCE(NEW.raw_user_meta_data ->> 'nationality', 'Unknown'),
    COALESCE(NEW.raw_user_meta_data ->> 'digital_id', 'N/A')
  )
  ON CONFLICT (id) DO UPDATE SET
    full_name = EXCLUDED.full_name,
    email = EXCLUDED.email,
    user_type = EXCLUDED.user_type,
    nationality = EXCLUDED.nationality,
    digital_id = EXCLUDED.digital_id;
  RETURN NEW;
END;
$$;


ALTER FUNCTION public.handle_new_user() OWNER TO postgres;

--
-- Name: run_sql(text); Type: FUNCTION; Schema: public; Owner: postgres
--

CREATE FUNCTION public.run_sql(query text) RETURNS json
    LANGUAGE plpgsql SECURITY DEFINER
    AS $$
BEGIN
  EXECUTE query;
  RETURN '{"success": true}'::json;
EXCEPTION WHEN OTHERS THEN
  RETURN json_build_object(
    'success', false,
    'error', SQLERRM
  );
END;
$$;


ALTER FUNCTION public.run_sql(query text) OWNER TO postgres;

--
-- Name: apply_rls(jsonb, integer); Type: FUNCTION; Schema: realtime; Owner: supabase_admin
--

CREATE FUNCTION realtime.apply_rls(wal jsonb, max_record_bytes integer DEFAULT (1024 * 1024)) RETURNS SETOF realtime.wal_rls
    LANGUAGE plpgsql
    AS $$
declare
-- Regclass of the table e.g. public.notes
entity_ regclass = (quote_ident(wal ->> 'schema') || '.' || quote_ident(wal ->> 'table'))::regclass;

-- I, U, D, T: insert, update ...
action realtime.action = (
    case wal ->> 'action'
        when 'I' then 'INSERT'
        when 'U' then 'UPDATE'
        when 'D' then 'DELETE'
        else 'ERROR'
    end
);

-- Is row level security enabled for the table
is_rls_enabled bool = relrowsecurity from pg_class where oid = entity_;

subscriptions realtime.subscription[] = array_agg(subs)
    from
        realtime.subscription subs
    where
        subs.entity = entity_;

-- Subscription vars
roles regrole[] = array_agg(distinct us.claims_role::text)
    from
        unnest(subscriptions) us;

working_role regrole;
claimed_role regrole;
claims jsonb;

subscription_id uuid;
subscription_has_access bool;
visible_to_subscription_ids uuid[] = '{}';

-- structured info for wal's columns
columns realtime.wal_column[];
-- previous identity values for update/delete
old_columns realtime.wal_column[];

error_record_exceeds_max_size boolean = octet_length(wal::text) > max_record_bytes;

-- Primary jsonb output for record
output jsonb;

begin
perform set_config('role', null, true);

columns =
    array_agg(
        (
            x->>'name',
            x->>'type',
            x->>'typeoid',
            realtime.cast(
                (x->'value') #>> '{}',
                coalesce(
                    (x->>'typeoid')::regtype, -- null when wal2json version <= 2.4
                    (x->>'type')::regtype
                )
            ),
            (pks ->> 'name') is not null,
            true
        )::realtime.wal_column
    )
    from
        jsonb_array_elements(wal -> 'columns') x
        left join jsonb_array_elements(wal -> 'pk') pks
            on (x ->> 'name') = (pks ->> 'name');

old_columns =
    array_agg(
        (
            x->>'name',
            x->>'type',
            x->>'typeoid',
            realtime.cast(
                (x->'value') #>> '{}',
                coalesce(
                    (x->>'typeoid')::regtype, -- null when wal2json version <= 2.4
                    (x->>'type')::regtype
                )
            ),
            (pks ->> 'name') is not null,
            true
        )::realtime.wal_column
    )
    from
        jsonb_array_elements(wal -> 'identity') x
        left join jsonb_array_elements(wal -> 'pk') pks
            on (x ->> 'name') = (pks ->> 'name');

for working_role in select * from unnest(roles) loop

    -- Update `is_selectable` for columns and old_columns
    columns =
        array_agg(
            (
                c.name,
                c.type_name,
                c.type_oid,
                c.value,
                c.is_pkey,
                pg_catalog.has_column_privilege(working_role, entity_, c.name, 'SELECT')
            )::realtime.wal_column
        )
        from
            unnest(columns) c;

    old_columns =
            array_agg(
                (
                    c.name,
                    c.type_name,
                    c.type_oid,
                    c.value,
                    c.is_pkey,
                    pg_catalog.has_column_privilege(working_role, entity_, c.name, 'SELECT')
                )::realtime.wal_column
            )
            from
                unnest(old_columns) c;

    if action <> 'DELETE' and count(1) = 0 from unnest(columns) c where c.is_pkey then
        return next (
            jsonb_build_object(
                'schema', wal ->> 'schema',
                'table', wal ->> 'table',
                'type', action
            ),
            is_rls_enabled,
            -- subscriptions is already filtered by entity
            (select array_agg(s.subscription_id) from unnest(subscriptions) as s where claims_role = working_role),
            array['Error 400: Bad Request, no primary key']
        )::realtime.wal_rls;

    -- The claims role does not have SELECT permission to the primary key of entity
    elsif action <> 'DELETE' and sum(c.is_selectable::int) <> count(1) from unnest(columns) c where c.is_pkey then
        return next (
            jsonb_build_object(
                'schema', wal ->> 'schema',
                'table', wal ->> 'table',
                'type', action
            ),
            is_rls_enabled,
            (select array_agg(s.subscription_id) from unnest(subscriptions) as s where claims_role = working_role),
            array['Error 401: Unauthorized']
        )::realtime.wal_rls;

    else
        output = jsonb_build_object(
            'schema', wal ->> 'schema',
            'table', wal ->> 'table',
            'type', action,
            'commit_timestamp', to_char(
                ((wal ->> 'timestamp')::timestamptz at time zone 'utc'),
                'YYYY-MM-DD"T"HH24:MI:SS.MS"Z"'
            ),
            'columns', (
                select
                    jsonb_agg(
                        jsonb_build_object(
                            'name', pa.attname,
                            'type', pt.typname
                        )
                        order by pa.attnum asc
                    )
                from
                    pg_attribute pa
                    join pg_type pt
                        on pa.atttypid = pt.oid
                where
                    attrelid = entity_
                    and attnum > 0
                    and pg_catalog.has_column_privilege(working_role, entity_, pa.attname, 'SELECT')
            )
        )
        -- Add "record" key for insert and update
        || case
            when action in ('INSERT', 'UPDATE') then
                jsonb_build_object(
                    'record',
                    (
                        select
                            jsonb_object_agg(
                                -- if unchanged toast, get column name and value from old record
                                coalesce((c).name, (oc).name),
                                case
                                    when (c).name is null then (oc).value
                                    else (c).value
                                end
                            )
                        from
                            unnest(columns) c
                            full outer join unnest(old_columns) oc
                                on (c).name = (oc).name
                        where
                            coalesce((c).is_selectable, (oc).is_selectable)
                            and ( not error_record_exceeds_max_size or (octet_length((c).value::text) <= 64))
                    )
                )
            else '{}'::jsonb
        end
        -- Add "old_record" key for update and delete
        || case
            when action = 'UPDATE' then
                jsonb_build_object(
                        'old_record',
                        (
                            select jsonb_object_agg((c).name, (c).value)
                            from unnest(old_columns) c
                            where
                                (c).is_selectable
                                and ( not error_record_exceeds_max_size or (octet_length((c).value::text) <= 64))
                        )
                    )
            when action = 'DELETE' then
                jsonb_build_object(
                    'old_record',
                    (
                        select jsonb_object_agg((c).name, (c).value)
                        from unnest(old_columns) c
                        where
                            (c).is_selectable
                            and ( not error_record_exceeds_max_size or (octet_length((c).value::text) <= 64))
                            and ( not is_rls_enabled or (c).is_pkey ) -- if RLS enabled, we can't secure deletes so filter to pkey
                    )
                )
            else '{}'::jsonb
        end;

        -- Create the prepared statement
        if is_rls_enabled and action <> 'DELETE' then
            if (select 1 from pg_prepared_statements where name = 'walrus_rls_stmt' limit 1) > 0 then
                deallocate walrus_rls_stmt;
            end if;
            execute realtime.build_prepared_statement_sql('walrus_rls_stmt', entity_, columns);
        end if;

        visible_to_subscription_ids = '{}';

        for subscription_id, claims in (
                select
                    subs.subscription_id,
                    subs.claims
                from
                    unnest(subscriptions) subs
                where
                    subs.entity = entity_
                    and subs.claims_role = working_role
                    and (
                        realtime.is_visible_through_filters(columns, subs.filters)
                        or (
                          action = 'DELETE'
                          and realtime.is_visible_through_filters(old_columns, subs.filters)
                        )
                    )
        ) loop

            if not is_rls_enabled or action = 'DELETE' then
                visible_to_subscription_ids = visible_to_subscription_ids || subscription_id;
            else
                -- Check if RLS allows the role to see the record
                perform
                    -- Trim leading and trailing quotes from working_role because set_config
                    -- doesn't recognize the role as valid if they are included
                    set_config('role', trim(both '"' from working_role::text), true),
                    set_config('request.jwt.claims', claims::text, true);

                execute 'execute walrus_rls_stmt' into subscription_has_access;

                if subscription_has_access then
                    visible_to_subscription_ids = visible_to_subscription_ids || subscription_id;
                end if;
            end if;
        end loop;

        perform set_config('role', null, true);

        return next (
            output,
            is_rls_enabled,
            visible_to_subscription_ids,
            case
                when error_record_exceeds_max_size then array['Error 413: Payload Too Large']
                else '{}'
            end
        )::realtime.wal_rls;

    end if;
end loop;

perform set_config('role', null, true);
end;
$$;


ALTER FUNCTION realtime.apply_rls(wal jsonb, max_record_bytes integer) OWNER TO supabase_admin;

--
-- Name: broadcast_changes(text, text, text, text, text, record, record, text); Type: FUNCTION; Schema: realtime; Owner: supabase_admin
--

CREATE FUNCTION realtime.broadcast_changes(topic_name text, event_name text, operation text, table_name text, table_schema text, new record, old record, level text DEFAULT 'ROW'::text) RETURNS void
    LANGUAGE plpgsql
    AS $$
DECLARE
    -- Declare a variable to hold the JSONB representation of the row
    row_data jsonb := '{}'::jsonb;
BEGIN
    IF level = 'STATEMENT' THEN
        RAISE EXCEPTION 'function can only be triggered for each row, not for each statement';
    END IF;
    -- Check the operation type and handle accordingly
    IF operation = 'INSERT' OR operation = 'UPDATE' OR operation = 'DELETE' THEN
        row_data := jsonb_build_object('old_record', OLD, 'record', NEW, 'operation', operation, 'table', table_name, 'schema', table_schema);
        PERFORM realtime.send (row_data, event_name, topic_name);
    ELSE
        RAISE EXCEPTION 'Unexpected operation type: %', operation;
    END IF;
EXCEPTION
    WHEN OTHERS THEN
        RAISE EXCEPTION 'Failed to process the row: %', SQLERRM;
END;

$$;


ALTER FUNCTION realtime.broadcast_changes(topic_name text, event_name text, operation text, table_name text, table_schema text, new record, old record, level text) OWNER TO supabase_admin;

--
-- Name: build_prepared_statement_sql(text, regclass, realtime.wal_column[]); Type: FUNCTION; Schema: realtime; Owner: supabase_admin
--

CREATE FUNCTION realtime.build_prepared_statement_sql(prepared_statement_name text, entity regclass, columns realtime.wal_column[]) RETURNS text
    LANGUAGE sql
    AS $$
      /*
      Builds a sql string that, if executed, creates a prepared statement to
      tests retrive a row from *entity* by its primary key columns.
      Example
          select realtime.build_prepared_statement_sql('public.notes', '{"id"}'::text[], '{"bigint"}'::text[])
      */
          select
      'prepare ' || prepared_statement_name || ' as
          select
              exists(
                  select
                      1
                  from
                      ' || entity || '
                  where
                      ' || string_agg(quote_ident(pkc.name) || '=' || quote_nullable(pkc.value #>> '{}') , ' and ') || '
              )'
          from
              unnest(columns) pkc
          where
              pkc.is_pkey
          group by
              entity
      $$;


ALTER FUNCTION realtime.build_prepared_statement_sql(prepared_statement_name text, entity regclass, columns realtime.wal_column[]) OWNER TO supabase_admin;

--
-- Name: cast(text, regtype); Type: FUNCTION; Schema: realtime; Owner: supabase_admin
--

CREATE FUNCTION realtime."cast"(val text, type_ regtype) RETURNS jsonb
    LANGUAGE plpgsql IMMUTABLE
    AS $$
    declare
      res jsonb;
    begin
      execute format('select to_jsonb(%L::'|| type_::text || ')', val)  into res;
      return res;
    end
    $$;


ALTER FUNCTION realtime."cast"(val text, type_ regtype) OWNER TO supabase_admin;

--
-- Name: check_equality_op(realtime.equality_op, regtype, text, text); Type: FUNCTION; Schema: realtime; Owner: supabase_admin
--

CREATE FUNCTION realtime.check_equality_op(op realtime.equality_op, type_ regtype, val_1 text, val_2 text) RETURNS boolean
    LANGUAGE plpgsql IMMUTABLE
    AS $$
      /*
      Casts *val_1* and *val_2* as type *type_* and check the *op* condition for truthiness
      */
      declare
          op_symbol text = (
              case
                  when op = 'eq' then '='
                  when op = 'neq' then '!='
                  when op = 'lt' then '<'
                  when op = 'lte' then '<='
                  when op = 'gt' then '>'
                  when op = 'gte' then '>='
                  when op = 'in' then '= any'
                  else 'UNKNOWN OP'
              end
          );
          res boolean;
      begin
          execute format(
              'select %L::'|| type_::text || ' ' || op_symbol
              || ' ( %L::'
              || (
                  case
                      when op = 'in' then type_::text || '[]'
                      else type_::text end
              )
              || ')', val_1, val_2) into res;
          return res;
      end;
      $$;


ALTER FUNCTION realtime.check_equality_op(op realtime.equality_op, type_ regtype, val_1 text, val_2 text) OWNER TO supabase_admin;

--
-- Name: is_visible_through_filters(realtime.wal_column[], realtime.user_defined_filter[]); Type: FUNCTION; Schema: realtime; Owner: supabase_admin
--

CREATE FUNCTION realtime.is_visible_through_filters(columns realtime.wal_column[], filters realtime.user_defined_filter[]) RETURNS boolean
    LANGUAGE sql IMMUTABLE
    AS $_$
    /*
    Should the record be visible (true) or filtered out (false) after *filters* are applied
    */
        select
            -- Default to allowed when no filters present
            $2 is null -- no filters. this should not happen because subscriptions has a default
            or array_length($2, 1) is null -- array length of an empty array is null
            or bool_and(
                coalesce(
                    realtime.check_equality_op(
                        op:=f.op,
                        type_:=coalesce(
                            col.type_oid::regtype, -- null when wal2json version <= 2.4
                            col.type_name::regtype
                        ),
                        -- cast jsonb to text
                        val_1:=col.value #>> '{}',
                        val_2:=f.value
                    ),
                    false -- if null, filter does not match
                )
            )
        from
            unnest(filters) f
            join unnest(columns) col
                on f.column_name = col.name;
    $_$;


ALTER FUNCTION realtime.is_visible_through_filters(columns realtime.wal_column[], filters realtime.user_defined_filter[]) OWNER TO supabase_admin;

--
-- Name: list_changes(name, name, integer, integer); Type: FUNCTION; Schema: realtime; Owner: supabase_admin
--

CREATE FUNCTION realtime.list_changes(publication name, slot_name name, max_changes integer, max_record_bytes integer) RETURNS SETOF realtime.wal_rls
    LANGUAGE sql
    SET log_min_messages TO 'fatal'
    AS $$
      with pub as (
        select
          concat_ws(
            ',',
            case when bool_or(pubinsert) then 'insert' else null end,
            case when bool_or(pubupdate) then 'update' else null end,
            case when bool_or(pubdelete) then 'delete' else null end
          ) as w2j_actions,
          coalesce(
            string_agg(
              realtime.quote_wal2json(format('%I.%I', schemaname, tablename)::regclass),
              ','
            ) filter (where ppt.tablename is not null and ppt.tablename not like '% %'),
            ''
          ) w2j_add_tables
        from
          pg_publication pp
          left join pg_publication_tables ppt
            on pp.pubname = ppt.pubname
        where
          pp.pubname = publication
        group by
          pp.pubname
        limit 1
      ),
      w2j as (
        select
          x.*, pub.w2j_add_tables
        from
          pub,
          pg_logical_slot_get_changes(
            slot_name, null, max_changes,
            'include-pk', 'true',
            'include-transaction', 'false',
            'include-timestamp', 'true',
            'include-type-oids', 'true',
            'format-version', '2',
            'actions', pub.w2j_actions,
            'add-tables', pub.w2j_add_tables
          ) x
      )
      select
        xyz.wal,
        xyz.is_rls_enabled,
        xyz.subscription_ids,
        xyz.errors
      from
        w2j,
        realtime.apply_rls(
          wal := w2j.data::jsonb,
          max_record_bytes := max_record_bytes
        ) xyz(wal, is_rls_enabled, subscription_ids, errors)
      where
        w2j.w2j_add_tables <> ''
        and xyz.subscription_ids[1] is not null
    $$;


ALTER FUNCTION realtime.list_changes(publication name, slot_name name, max_changes integer, max_record_bytes integer) OWNER TO supabase_admin;

--
-- Name: quote_wal2json(regclass); Type: FUNCTION; Schema: realtime; Owner: supabase_admin
--

CREATE FUNCTION realtime.quote_wal2json(entity regclass) RETURNS text
    LANGUAGE sql IMMUTABLE STRICT
    AS $$
      select
        (
          select string_agg('' || ch,'')
          from unnest(string_to_array(nsp.nspname::text, null)) with ordinality x(ch, idx)
          where
            not (x.idx = 1 and x.ch = '"')
            and not (
              x.idx = array_length(string_to_array(nsp.nspname::text, null), 1)
              and x.ch = '"'
            )
        )
        || '.'
        || (
          select string_agg('' || ch,'')
          from unnest(string_to_array(pc.relname::text, null)) with ordinality x(ch, idx)
          where
            not (x.idx = 1 and x.ch = '"')
            and not (
              x.idx = array_length(string_to_array(nsp.nspname::text, null), 1)
              and x.ch = '"'
            )
          )
      from
        pg_class pc
        join pg_namespace nsp
          on pc.relnamespace = nsp.oid
      where
        pc.oid = entity
    $$;


ALTER FUNCTION realtime.quote_wal2json(entity regclass) OWNER TO supabase_admin;

--
-- Name: send(jsonb, text, text, boolean); Type: FUNCTION; Schema: realtime; Owner: supabase_admin
--

CREATE FUNCTION realtime.send(payload jsonb, event text, topic text, private boolean DEFAULT true) RETURNS void
    LANGUAGE plpgsql
    AS $$
BEGIN
  BEGIN
    -- Set the topic configuration
    EXECUTE format('SET LOCAL realtime.topic TO %L', topic);

    -- Attempt to insert the message
    INSERT INTO realtime.messages (payload, event, topic, private, extension)
    VALUES (payload, event, topic, private, 'broadcast');
  EXCEPTION
    WHEN OTHERS THEN
      -- Capture and notify the error
      RAISE WARNING 'ErrorSendingBroadcastMessage: %', SQLERRM;
  END;
END;
$$;


ALTER FUNCTION realtime.send(payload jsonb, event text, topic text, private boolean) OWNER TO supabase_admin;

--
-- Name: subscription_check_filters(); Type: FUNCTION; Schema: realtime; Owner: supabase_admin
--

CREATE FUNCTION realtime.subscription_check_filters() RETURNS trigger
    LANGUAGE plpgsql
    AS $$
    /*
    Validates that the user defined filters for a subscription:
    - refer to valid columns that the claimed role may access
    - values are coercable to the correct column type
    */
    declare
        col_names text[] = coalesce(
                array_agg(c.column_name order by c.ordinal_position),
                '{}'::text[]
            )
            from
                information_schema.columns c
            where
                format('%I.%I', c.table_schema, c.table_name)::regclass = new.entity
                and pg_catalog.has_column_privilege(
                    (new.claims ->> 'role'),
                    format('%I.%I', c.table_schema, c.table_name)::regclass,
                    c.column_name,
                    'SELECT'
                );
        filter realtime.user_defined_filter;
        col_type regtype;

        in_val jsonb;
    begin
        for filter in select * from unnest(new.filters) loop
            -- Filtered column is valid
            if not filter.column_name = any(col_names) then
                raise exception 'invalid column for filter %', filter.column_name;
            end if;

            -- Type is sanitized and safe for string interpolation
            col_type = (
                select atttypid::regtype
                from pg_catalog.pg_attribute
                where attrelid = new.entity
                      and attname = filter.column_name
            );
            if col_type is null then
                raise exception 'failed to lookup type for column %', filter.column_name;
            end if;

            -- Set maximum number of entries for in filter
            if filter.op = 'in'::realtime.equality_op then
                in_val = realtime.cast(filter.value, (col_type::text || '[]')::regtype);
                if coalesce(jsonb_array_length(in_val), 0) > 100 then
                    raise exception 'too many values for `in` filter. Maximum 100';
                end if;
            else
                -- raises an exception if value is not coercable to type
                perform realtime.cast(filter.value, col_type);
            end if;

        end loop;

        -- Apply consistent order to filters so the unique constraint on
        -- (subscription_id, entity, filters) can't be tricked by a different filter order
        new.filters = coalesce(
            array_agg(f order by f.column_name, f.op, f.value),
            '{}'
        ) from unnest(new.filters) f;

        return new;
    end;
    $$;


ALTER FUNCTION realtime.subscription_check_filters() OWNER TO supabase_admin;

--
-- Name: to_regrole(text); Type: FUNCTION; Schema: realtime; Owner: supabase_admin
--

CREATE FUNCTION realtime.to_regrole(role_name text) RETURNS regrole
    LANGUAGE sql IMMUTABLE
    AS $$ select role_name::regrole $$;


ALTER FUNCTION realtime.to_regrole(role_name text) OWNER TO supabase_admin;

--
-- Name: topic(); Type: FUNCTION; Schema: realtime; Owner: supabase_realtime_admin
--

CREATE FUNCTION realtime.topic() RETURNS text
    LANGUAGE sql STABLE
    AS $$
select nullif(current_setting('realtime.topic', true), '')::text;
$$;


ALTER FUNCTION realtime.topic() OWNER TO supabase_realtime_admin;

--
-- Name: add_prefixes(text, text); Type: FUNCTION; Schema: storage; Owner: supabase_storage_admin
--

CREATE FUNCTION storage.add_prefixes(_bucket_id text, _name text) RETURNS void
    LANGUAGE plpgsql SECURITY DEFINER
    AS $$
DECLARE
    prefixes text[];
BEGIN
    prefixes := "storage"."get_prefixes"("_name");

    IF array_length(prefixes, 1) > 0 THEN
        INSERT INTO storage.prefixes (name, bucket_id)
        SELECT UNNEST(prefixes) as name, "_bucket_id" ON CONFLICT DO NOTHING;
    END IF;
END;
$$;


ALTER FUNCTION storage.add_prefixes(_bucket_id text, _name text) OWNER TO supabase_storage_admin;

--
-- Name: can_insert_object(text, text, uuid, jsonb); Type: FUNCTION; Schema: storage; Owner: supabase_storage_admin
--

CREATE FUNCTION storage.can_insert_object(bucketid text, name text, owner uuid, metadata jsonb) RETURNS void
    LANGUAGE plpgsql
    AS $$
BEGIN
  INSERT INTO "storage"."objects" ("bucket_id", "name", "owner", "metadata") VALUES (bucketid, name, owner, metadata);
  -- hack to rollback the successful insert
  RAISE sqlstate 'PT200' using
  message = 'ROLLBACK',
  detail = 'rollback successful insert';
END
$$;


ALTER FUNCTION storage.can_insert_object(bucketid text, name text, owner uuid, metadata jsonb) OWNER TO supabase_storage_admin;

--
-- Name: delete_prefix(text, text); Type: FUNCTION; Schema: storage; Owner: supabase_storage_admin
--

CREATE FUNCTION storage.delete_prefix(_bucket_id text, _name text) RETURNS boolean
    LANGUAGE plpgsql SECURITY DEFINER
    AS $$
BEGIN
    -- Check if we can delete the prefix
    IF EXISTS(
        SELECT FROM "storage"."prefixes"
        WHERE "prefixes"."bucket_id" = "_bucket_id"
          AND level = "storage"."get_level"("_name") + 1
          AND "prefixes"."name" COLLATE "C" LIKE "_name" || '/%'
        LIMIT 1
    )
    OR EXISTS(
        SELECT FROM "storage"."objects"
        WHERE "objects"."bucket_id" = "_bucket_id"
          AND "storage"."get_level"("objects"."name") = "storage"."get_level"("_name") + 1
          AND "objects"."name" COLLATE "C" LIKE "_name" || '/%'
        LIMIT 1
    ) THEN
    -- There are sub-objects, skip deletion
    RETURN false;
    ELSE
        DELETE FROM "storage"."prefixes"
        WHERE "prefixes"."bucket_id" = "_bucket_id"
          AND level = "storage"."get_level"("_name")
          AND "prefixes"."name" = "_name";
        RETURN true;
    END IF;
END;
$$;


ALTER FUNCTION storage.delete_prefix(_bucket_id text, _name text) OWNER TO supabase_storage_admin;

--
-- Name: delete_prefix_hierarchy_trigger(); Type: FUNCTION; Schema: storage; Owner: supabase_storage_admin
--

CREATE FUNCTION storage.delete_prefix_hierarchy_trigger() RETURNS trigger
    LANGUAGE plpgsql
    AS $$
DECLARE
    prefix text;
BEGIN
    prefix := "storage"."get_prefix"(OLD."name");

    IF coalesce(prefix, '') != '' THEN
        PERFORM "storage"."delete_prefix"(OLD."bucket_id", prefix);
    END IF;

    RETURN OLD;
END;
$$;


ALTER FUNCTION storage.delete_prefix_hierarchy_trigger() OWNER TO supabase_storage_admin;

--
-- Name: enforce_bucket_name_length(); Type: FUNCTION; Schema: storage; Owner: supabase_storage_admin
--

CREATE FUNCTION storage.enforce_bucket_name_length() RETURNS trigger
    LANGUAGE plpgsql
    AS $$
begin
    if length(new.name) > 100 then
        raise exception 'bucket name "%" is too long (% characters). Max is 100.', new.name, length(new.name);
    end if;
    return new;
end;
$$;


ALTER FUNCTION storage.enforce_bucket_name_length() OWNER TO supabase_storage_admin;

--
-- Name: extension(text); Type: FUNCTION; Schema: storage; Owner: supabase_storage_admin
--

CREATE FUNCTION storage.extension(name text) RETURNS text
    LANGUAGE plpgsql IMMUTABLE
    AS $$
DECLARE
    _parts text[];
    _filename text;
BEGIN
    SELECT string_to_array(name, '/') INTO _parts;
    SELECT _parts[array_length(_parts,1)] INTO _filename;
    RETURN reverse(split_part(reverse(_filename), '.', 1));
END
$$;


ALTER FUNCTION storage.extension(name text) OWNER TO supabase_storage_admin;

--
-- Name: filename(text); Type: FUNCTION; Schema: storage; Owner: supabase_storage_admin
--

CREATE FUNCTION storage.filename(name text) RETURNS text
    LANGUAGE plpgsql
    AS $$
DECLARE
_parts text[];
BEGIN
	select string_to_array(name, '/') into _parts;
	return _parts[array_length(_parts,1)];
END
$$;


ALTER FUNCTION storage.filename(name text) OWNER TO supabase_storage_admin;

--
-- Name: foldername(text); Type: FUNCTION; Schema: storage; Owner: supabase_storage_admin
--

CREATE FUNCTION storage.foldername(name text) RETURNS text[]
    LANGUAGE plpgsql IMMUTABLE
    AS $$
DECLARE
    _parts text[];
BEGIN
    -- Split on "/" to get path segments
    SELECT string_to_array(name, '/') INTO _parts;
    -- Return everything except the last segment
    RETURN _parts[1 : array_length(_parts,1) - 1];
END
$$;


ALTER FUNCTION storage.foldername(name text) OWNER TO supabase_storage_admin;

--
-- Name: get_level(text); Type: FUNCTION; Schema: storage; Owner: supabase_storage_admin
--

CREATE FUNCTION storage.get_level(name text) RETURNS integer
    LANGUAGE sql IMMUTABLE STRICT
    AS $$
SELECT array_length(string_to_array("name", '/'), 1);
$$;


ALTER FUNCTION storage.get_level(name text) OWNER TO supabase_storage_admin;

--
-- Name: get_prefix(text); Type: FUNCTION; Schema: storage; Owner: supabase_storage_admin
--

CREATE FUNCTION storage.get_prefix(name text) RETURNS text
    LANGUAGE sql IMMUTABLE STRICT
    AS $_$
SELECT
    CASE WHEN strpos("name", '/') > 0 THEN
             regexp_replace("name", '[\/]{1}[^\/]+\/?$', '')
         ELSE
             ''
        END;
$_$;


ALTER FUNCTION storage.get_prefix(name text) OWNER TO supabase_storage_admin;

--
-- Name: get_prefixes(text); Type: FUNCTION; Schema: storage; Owner: supabase_storage_admin
--

CREATE FUNCTION storage.get_prefixes(name text) RETURNS text[]
    LANGUAGE plpgsql IMMUTABLE STRICT
    AS $$
DECLARE
    parts text[];
    prefixes text[];
    prefix text;
BEGIN
    -- Split the name into parts by '/'
    parts := string_to_array("name", '/');
    prefixes := '{}';

    -- Construct the prefixes, stopping one level below the last part
    FOR i IN 1..array_length(parts, 1) - 1 LOOP
            prefix := array_to_string(parts[1:i], '/');
            prefixes := array_append(prefixes, prefix);
    END LOOP;

    RETURN prefixes;
END;
$$;


ALTER FUNCTION storage.get_prefixes(name text) OWNER TO supabase_storage_admin;

--
-- Name: get_size_by_bucket(); Type: FUNCTION; Schema: storage; Owner: supabase_storage_admin
--

CREATE FUNCTION storage.get_size_by_bucket() RETURNS TABLE(size bigint, bucket_id text)
    LANGUAGE plpgsql STABLE
    AS $$
BEGIN
    return query
        select sum((metadata->>'size')::bigint) as size, obj.bucket_id
        from "storage".objects as obj
        group by obj.bucket_id;
END
$$;


ALTER FUNCTION storage.get_size_by_bucket() OWNER TO supabase_storage_admin;

--
-- Name: list_multipart_uploads_with_delimiter(text, text, text, integer, text, text); Type: FUNCTION; Schema: storage; Owner: supabase_storage_admin
--

CREATE FUNCTION storage.list_multipart_uploads_with_delimiter(bucket_id text, prefix_param text, delimiter_param text, max_keys integer DEFAULT 100, next_key_token text DEFAULT ''::text, next_upload_token text DEFAULT ''::text) RETURNS TABLE(key text, id text, created_at timestamp with time zone)
    LANGUAGE plpgsql
    AS $_$
BEGIN
    RETURN QUERY EXECUTE
        'SELECT DISTINCT ON(key COLLATE "C") * from (
            SELECT
                CASE
                    WHEN position($2 IN substring(key from length($1) + 1)) > 0 THEN
                        substring(key from 1 for length($1) + position($2 IN substring(key from length($1) + 1)))
                    ELSE
                        key
                END AS key, id, created_at
            FROM
                storage.s3_multipart_uploads
            WHERE
                bucket_id = $5 AND
                key ILIKE $1 || ''%'' AND
                CASE
                    WHEN $4 != '''' AND $6 = '''' THEN
                        CASE
                            WHEN position($2 IN substring(key from length($1) + 1)) > 0 THEN
                                substring(key from 1 for length($1) + position($2 IN substring(key from length($1) + 1))) COLLATE "C" > $4
                            ELSE
                                key COLLATE "C" > $4
                            END
                    ELSE
                        true
                END AND
                CASE
                    WHEN $6 != '''' THEN
                        id COLLATE "C" > $6
                    ELSE
                        true
                    END
            ORDER BY
                key COLLATE "C" ASC, created_at ASC) as e order by key COLLATE "C" LIMIT $3'
        USING prefix_param, delimiter_param, max_keys, next_key_token, bucket_id, next_upload_token;
END;
$_$;


ALTER FUNCTION storage.list_multipart_uploads_with_delimiter(bucket_id text, prefix_param text, delimiter_param text, max_keys integer, next_key_token text, next_upload_token text) OWNER TO supabase_storage_admin;

--
-- Name: list_objects_with_delimiter(text, text, text, integer, text, text); Type: FUNCTION; Schema: storage; Owner: supabase_storage_admin
--

CREATE FUNCTION storage.list_objects_with_delimiter(bucket_id text, prefix_param text, delimiter_param text, max_keys integer DEFAULT 100, start_after text DEFAULT ''::text, next_token text DEFAULT ''::text) RETURNS TABLE(name text, id uuid, metadata jsonb, updated_at timestamp with time zone)
    LANGUAGE plpgsql
    AS $_$
BEGIN
    RETURN QUERY EXECUTE
        'SELECT DISTINCT ON(name COLLATE "C") * from (
            SELECT
                CASE
                    WHEN position($2 IN substring(name from length($1) + 1)) > 0 THEN
                        substring(name from 1 for length($1) + position($2 IN substring(name from length($1) + 1)))
                    ELSE
                        name
                END AS name, id, metadata, updated_at
            FROM
                storage.objects
            WHERE
                bucket_id = $5 AND
                name ILIKE $1 || ''%'' AND
                CASE
                    WHEN $6 != '''' THEN
                    name COLLATE "C" > $6
                ELSE true END
                AND CASE
                    WHEN $4 != '''' THEN
                        CASE
                            WHEN position($2 IN substring(name from length($1) + 1)) > 0 THEN
                                substring(name from 1 for length($1) + position($2 IN substring(name from length($1) + 1))) COLLATE "C" > $4
                            ELSE
                                name COLLATE "C" > $4
                            END
                    ELSE
                        true
                END
            ORDER BY
                name COLLATE "C" ASC) as e order by name COLLATE "C" LIMIT $3'
        USING prefix_param, delimiter_param, max_keys, next_token, bucket_id, start_after;
END;
$_$;


ALTER FUNCTION storage.list_objects_with_delimiter(bucket_id text, prefix_param text, delimiter_param text, max_keys integer, start_after text, next_token text) OWNER TO supabase_storage_admin;

--
-- Name: objects_insert_prefix_trigger(); Type: FUNCTION; Schema: storage; Owner: supabase_storage_admin
--

CREATE FUNCTION storage.objects_insert_prefix_trigger() RETURNS trigger
    LANGUAGE plpgsql
    AS $$
BEGIN
    PERFORM "storage"."add_prefixes"(NEW."bucket_id", NEW."name");
    NEW.level := "storage"."get_level"(NEW."name");

    RETURN NEW;
END;
$$;


ALTER FUNCTION storage.objects_insert_prefix_trigger() OWNER TO supabase_storage_admin;

--
-- Name: objects_update_prefix_trigger(); Type: FUNCTION; Schema: storage; Owner: supabase_storage_admin
--

CREATE FUNCTION storage.objects_update_prefix_trigger() RETURNS trigger
    LANGUAGE plpgsql
    AS $$
DECLARE
    old_prefixes TEXT[];
BEGIN
    -- Ensure this is an update operation and the name has changed
    IF TG_OP = 'UPDATE' AND (NEW."name" <> OLD."name" OR NEW."bucket_id" <> OLD."bucket_id") THEN
        -- Retrieve old prefixes
        old_prefixes := "storage"."get_prefixes"(OLD."name");

        -- Remove old prefixes that are only used by this object
        WITH all_prefixes as (
            SELECT unnest(old_prefixes) as prefix
        ),
        can_delete_prefixes as (
             SELECT prefix
             FROM all_prefixes
             WHERE NOT EXISTS (
                 SELECT 1 FROM "storage"."objects"
                 WHERE "bucket_id" = OLD."bucket_id"
                   AND "name" <> OLD."name"
                   AND "name" LIKE (prefix || '%')
             )
         )
        DELETE FROM "storage"."prefixes" WHERE name IN (SELECT prefix FROM can_delete_prefixes);

        -- Add new prefixes
        PERFORM "storage"."add_prefixes"(NEW."bucket_id", NEW."name");
    END IF;
    -- Set the new level
    NEW."level" := "storage"."get_level"(NEW."name");

    RETURN NEW;
END;
$$;


ALTER FUNCTION storage.objects_update_prefix_trigger() OWNER TO supabase_storage_admin;

--
-- Name: operation(); Type: FUNCTION; Schema: storage; Owner: supabase_storage_admin
--

CREATE FUNCTION storage.operation() RETURNS text
    LANGUAGE plpgsql STABLE
    AS $$
BEGIN
    RETURN current_setting('storage.operation', true);
END;
$$;


ALTER FUNCTION storage.operation() OWNER TO supabase_storage_admin;

--
-- Name: prefixes_insert_trigger(); Type: FUNCTION; Schema: storage; Owner: supabase_storage_admin
--

CREATE FUNCTION storage.prefixes_insert_trigger() RETURNS trigger
    LANGUAGE plpgsql
    AS $$
BEGIN
    PERFORM "storage"."add_prefixes"(NEW."bucket_id", NEW."name");
    RETURN NEW;
END;
$$;


ALTER FUNCTION storage.prefixes_insert_trigger() OWNER TO supabase_storage_admin;

--
-- Name: search(text, text, integer, integer, integer, text, text, text); Type: FUNCTION; Schema: storage; Owner: supabase_storage_admin
--

CREATE FUNCTION storage.search(prefix text, bucketname text, limits integer DEFAULT 100, levels integer DEFAULT 1, offsets integer DEFAULT 0, search text DEFAULT ''::text, sortcolumn text DEFAULT 'name'::text, sortorder text DEFAULT 'asc'::text) RETURNS TABLE(name text, id uuid, updated_at timestamp with time zone, created_at timestamp with time zone, last_accessed_at timestamp with time zone, metadata jsonb)
    LANGUAGE plpgsql
    AS $$
declare
    can_bypass_rls BOOLEAN;
begin
    SELECT rolbypassrls
    INTO can_bypass_rls
    FROM pg_roles
    WHERE rolname = coalesce(nullif(current_setting('role', true), 'none'), current_user);

    IF can_bypass_rls THEN
        RETURN QUERY SELECT * FROM storage.search_v1_optimised(prefix, bucketname, limits, levels, offsets, search, sortcolumn, sortorder);
    ELSE
        RETURN QUERY SELECT * FROM storage.search_legacy_v1(prefix, bucketname, limits, levels, offsets, search, sortcolumn, sortorder);
    END IF;
end;
$$;


ALTER FUNCTION storage.search(prefix text, bucketname text, limits integer, levels integer, offsets integer, search text, sortcolumn text, sortorder text) OWNER TO supabase_storage_admin;

--
-- Name: search_legacy_v1(text, text, integer, integer, integer, text, text, text); Type: FUNCTION; Schema: storage; Owner: supabase_storage_admin
--

CREATE FUNCTION storage.search_legacy_v1(prefix text, bucketname text, limits integer DEFAULT 100, levels integer DEFAULT 1, offsets integer DEFAULT 0, search text DEFAULT ''::text, sortcolumn text DEFAULT 'name'::text, sortorder text DEFAULT 'asc'::text) RETURNS TABLE(name text, id uuid, updated_at timestamp with time zone, created_at timestamp with time zone, last_accessed_at timestamp with time zone, metadata jsonb)
    LANGUAGE plpgsql STABLE
    AS $_$
declare
    v_order_by text;
    v_sort_order text;
begin
    case
        when sortcolumn = 'name' then
            v_order_by = 'name';
        when sortcolumn = 'updated_at' then
            v_order_by = 'updated_at';
        when sortcolumn = 'created_at' then
            v_order_by = 'created_at';
        when sortcolumn = 'last_accessed_at' then
            v_order_by = 'last_accessed_at';
        else
            v_order_by = 'name';
        end case;

    case
        when sortorder = 'asc' then
            v_sort_order = 'asc';
        when sortorder = 'desc' then
            v_sort_order = 'desc';
        else
            v_sort_order = 'asc';
        end case;

    v_order_by = v_order_by || ' ' || v_sort_order;

    return query execute
        'with folders as (
           select path_tokens[$1] as folder
           from storage.objects
             where objects.name ilike $2 || $3 || ''%''
               and bucket_id = $4
               and array_length(objects.path_tokens, 1) <> $1
           group by folder
           order by folder ' || v_sort_order || '
     )
     (select folder as "name",
            null as id,
            null as updated_at,
            null as created_at,
            null as last_accessed_at,
            null as metadata from folders)
     union all
     (select path_tokens[$1] as "name",
            id,
            updated_at,
            created_at,
            last_accessed_at,
            metadata
     from storage.objects
     where objects.name ilike $2 || $3 || ''%''
       and bucket_id = $4
       and array_length(objects.path_tokens, 1) = $1
     order by ' || v_order_by || ')
     limit $5
     offset $6' using levels, prefix, search, bucketname, limits, offsets;
end;
$_$;


ALTER FUNCTION storage.search_legacy_v1(prefix text, bucketname text, limits integer, levels integer, offsets integer, search text, sortcolumn text, sortorder text) OWNER TO supabase_storage_admin;

--
-- Name: search_v1_optimised(text, text, integer, integer, integer, text, text, text); Type: FUNCTION; Schema: storage; Owner: supabase_storage_admin
--

CREATE FUNCTION storage.search_v1_optimised(prefix text, bucketname text, limits integer DEFAULT 100, levels integer DEFAULT 1, offsets integer DEFAULT 0, search text DEFAULT ''::text, sortcolumn text DEFAULT 'name'::text, sortorder text DEFAULT 'asc'::text) RETURNS TABLE(name text, id uuid, updated_at timestamp with time zone, created_at timestamp with time zone, last_accessed_at timestamp with time zone, metadata jsonb)
    LANGUAGE plpgsql STABLE
    AS $_$
declare
    v_order_by text;
    v_sort_order text;
begin
    case
        when sortcolumn = 'name' then
            v_order_by = 'name';
        when sortcolumn = 'updated_at' then
            v_order_by = 'updated_at';
        when sortcolumn = 'created_at' then
            v_order_by = 'created_at';
        when sortcolumn = 'last_accessed_at' then
            v_order_by = 'last_accessed_at';
        else
            v_order_by = 'name';
        end case;

    case
        when sortorder = 'asc' then
            v_sort_order = 'asc';
        when sortorder = 'desc' then
            v_sort_order = 'desc';
        else
            v_sort_order = 'asc';
        end case;

    v_order_by = v_order_by || ' ' || v_sort_order;

    return query execute
        'with folders as (
           select (string_to_array(name, ''/''))[level] as name
           from storage.prefixes
             where lower(prefixes.name) like lower($2 || $3) || ''%''
               and bucket_id = $4
               and level = $1
           order by name ' || v_sort_order || '
     )
     (select name,
            null as id,
            null as updated_at,
            null as created_at,
            null as last_accessed_at,
            null as metadata from folders)
     union all
     (select path_tokens[level] as "name",
            id,
            updated_at,
            created_at,
            last_accessed_at,
            metadata
     from storage.objects
     where lower(objects.name) like lower($2 || $3) || ''%''
       and bucket_id = $4
       and level = $1
     order by ' || v_order_by || ')
     limit $5
     offset $6' using levels, prefix, search, bucketname, limits, offsets;
end;
$_$;


ALTER FUNCTION storage.search_v1_optimised(prefix text, bucketname text, limits integer, levels integer, offsets integer, search text, sortcolumn text, sortorder text) OWNER TO supabase_storage_admin;

--
-- Name: search_v2(text, text, integer, integer, text); Type: FUNCTION; Schema: storage; Owner: supabase_storage_admin
--

CREATE FUNCTION storage.search_v2(prefix text, bucket_name text, limits integer DEFAULT 100, levels integer DEFAULT 1, start_after text DEFAULT ''::text) RETURNS TABLE(key text, name text, id uuid, updated_at timestamp with time zone, created_at timestamp with time zone, metadata jsonb)
    LANGUAGE plpgsql STABLE
    AS $_$
BEGIN
    RETURN query EXECUTE
        $sql$
        SELECT * FROM (
            (
                SELECT
                    split_part(name, '/', $4) AS key,
                    name || '/' AS name,
                    NULL::uuid AS id,
                    NULL::timestamptz AS updated_at,
                    NULL::timestamptz AS created_at,
                    NULL::jsonb AS metadata
                FROM storage.prefixes
                WHERE name COLLATE "C" LIKE $1 || '%'
                AND bucket_id = $2
                AND level = $4
                AND name COLLATE "C" > $5
                ORDER BY prefixes.name COLLATE "C" LIMIT $3
            )
            UNION ALL
            (SELECT split_part(name, '/', $4) AS key,
                name,
                id,
                updated_at,
                created_at,
                metadata
            FROM storage.objects
            WHERE name COLLATE "C" LIKE $1 || '%'
                AND bucket_id = $2
                AND level = $4
                AND name COLLATE "C" > $5
            ORDER BY name COLLATE "C" LIMIT $3)
        ) obj
        ORDER BY name COLLATE "C" LIMIT $3;
        $sql$
        USING prefix, bucket_name, limits, levels, start_after;
END;
$_$;


ALTER FUNCTION storage.search_v2(prefix text, bucket_name text, limits integer, levels integer, start_after text) OWNER TO supabase_storage_admin;

--
-- Name: update_updated_at_column(); Type: FUNCTION; Schema: storage; Owner: supabase_storage_admin
--

CREATE FUNCTION storage.update_updated_at_column() RETURNS trigger
    LANGUAGE plpgsql
    AS $$
BEGIN
    NEW.updated_at = now();
    RETURN NEW; 
END;
$$;


ALTER FUNCTION storage.update_updated_at_column() OWNER TO supabase_storage_admin;

SET default_tablespace = '';

SET default_table_access_method = heap;

--
-- Name: audit_log_entries; Type: TABLE; Schema: auth; Owner: supabase_auth_admin
--

CREATE TABLE auth.audit_log_entries (
    instance_id uuid,
    id uuid NOT NULL,
    payload json,
    created_at timestamp with time zone,
    ip_address character varying(64) DEFAULT ''::character varying NOT NULL
);


ALTER TABLE auth.audit_log_entries OWNER TO supabase_auth_admin;

--
-- Name: TABLE audit_log_entries; Type: COMMENT; Schema: auth; Owner: supabase_auth_admin
--

COMMENT ON TABLE auth.audit_log_entries IS 'Auth: Audit trail for user actions.';


--
-- Name: flow_state; Type: TABLE; Schema: auth; Owner: supabase_auth_admin
--

CREATE TABLE auth.flow_state (
    id uuid NOT NULL,
    user_id uuid,
    auth_code text NOT NULL,
    code_challenge_method auth.code_challenge_method NOT NULL,
    code_challenge text NOT NULL,
    provider_type text NOT NULL,
    provider_access_token text,
    provider_refresh_token text,
    created_at timestamp with time zone,
    updated_at timestamp with time zone,
    authentication_method text NOT NULL,
    auth_code_issued_at timestamp with time zone
);


ALTER TABLE auth.flow_state OWNER TO supabase_auth_admin;

--
-- Name: TABLE flow_state; Type: COMMENT; Schema: auth; Owner: supabase_auth_admin
--

COMMENT ON TABLE auth.flow_state IS 'stores metadata for pkce logins';


--
-- Name: identities; Type: TABLE; Schema: auth; Owner: supabase_auth_admin
--

CREATE TABLE auth.identities (
    provider_id text NOT NULL,
    user_id uuid NOT NULL,
    identity_data jsonb NOT NULL,
    provider text NOT NULL,
    last_sign_in_at timestamp with time zone,
    created_at timestamp with time zone,
    updated_at timestamp with time zone,
    email text GENERATED ALWAYS AS (lower((identity_data ->> 'email'::text))) STORED,
    id uuid DEFAULT gen_random_uuid() NOT NULL
);


ALTER TABLE auth.identities OWNER TO supabase_auth_admin;

--
-- Name: TABLE identities; Type: COMMENT; Schema: auth; Owner: supabase_auth_admin
--

COMMENT ON TABLE auth.identities IS 'Auth: Stores identities associated to a user.';


--
-- Name: COLUMN identities.email; Type: COMMENT; Schema: auth; Owner: supabase_auth_admin
--

COMMENT ON COLUMN auth.identities.email IS 'Auth: Email is a generated column that references the optional email property in the identity_data';


--
-- Name: instances; Type: TABLE; Schema: auth; Owner: supabase_auth_admin
--

CREATE TABLE auth.instances (
    id uuid NOT NULL,
    uuid uuid,
    raw_base_config text,
    created_at timestamp with time zone,
    updated_at timestamp with time zone
);


ALTER TABLE auth.instances OWNER TO supabase_auth_admin;

--
-- Name: TABLE instances; Type: COMMENT; Schema: auth; Owner: supabase_auth_admin
--

COMMENT ON TABLE auth.instances IS 'Auth: Manages users across multiple sites.';


--
-- Name: mfa_amr_claims; Type: TABLE; Schema: auth; Owner: supabase_auth_admin
--

CREATE TABLE auth.mfa_amr_claims (
    session_id uuid NOT NULL,
    created_at timestamp with time zone NOT NULL,
    updated_at timestamp with time zone NOT NULL,
    authentication_method text NOT NULL,
    id uuid NOT NULL
);


ALTER TABLE auth.mfa_amr_claims OWNER TO supabase_auth_admin;

--
-- Name: TABLE mfa_amr_claims; Type: COMMENT; Schema: auth; Owner: supabase_auth_admin
--

COMMENT ON TABLE auth.mfa_amr_claims IS 'auth: stores authenticator method reference claims for multi factor authentication';


--
-- Name: mfa_challenges; Type: TABLE; Schema: auth; Owner: supabase_auth_admin
--

CREATE TABLE auth.mfa_challenges (
    id uuid NOT NULL,
    factor_id uuid NOT NULL,
    created_at timestamp with time zone NOT NULL,
    verified_at timestamp with time zone,
    ip_address inet NOT NULL,
    otp_code text,
    web_authn_session_data jsonb
);


ALTER TABLE auth.mfa_challenges OWNER TO supabase_auth_admin;

--
-- Name: TABLE mfa_challenges; Type: COMMENT; Schema: auth; Owner: supabase_auth_admin
--

COMMENT ON TABLE auth.mfa_challenges IS 'auth: stores metadata about challenge requests made';


--
-- Name: mfa_factors; Type: TABLE; Schema: auth; Owner: supabase_auth_admin
--

CREATE TABLE auth.mfa_factors (
    id uuid NOT NULL,
    user_id uuid NOT NULL,
    friendly_name text,
    factor_type auth.factor_type NOT NULL,
    status auth.factor_status NOT NULL,
    created_at timestamp with time zone NOT NULL,
    updated_at timestamp with time zone NOT NULL,
    secret text,
    phone text,
    last_challenged_at timestamp with time zone,
    web_authn_credential jsonb,
    web_authn_aaguid uuid
);


ALTER TABLE auth.mfa_factors OWNER TO supabase_auth_admin;

--
-- Name: TABLE mfa_factors; Type: COMMENT; Schema: auth; Owner: supabase_auth_admin
--

COMMENT ON TABLE auth.mfa_factors IS 'auth: stores metadata about factors';


--
-- Name: oauth_authorizations; Type: TABLE; Schema: auth; Owner: supabase_auth_admin
--

CREATE TABLE auth.oauth_authorizations (
    id uuid NOT NULL,
    authorization_id text NOT NULL,
    client_id uuid NOT NULL,
    user_id uuid,
    redirect_uri text NOT NULL,
    scope text NOT NULL,
    state text,
    resource text,
    code_challenge text,
    code_challenge_method auth.code_challenge_method,
    response_type auth.oauth_response_type DEFAULT 'code'::auth.oauth_response_type NOT NULL,
    status auth.oauth_authorization_status DEFAULT 'pending'::auth.oauth_authorization_status NOT NULL,
    authorization_code text,
    created_at timestamp with time zone DEFAULT now() NOT NULL,
    expires_at timestamp with time zone DEFAULT (now() + '00:03:00'::interval) NOT NULL,
    approved_at timestamp with time zone,
    CONSTRAINT oauth_authorizations_authorization_code_length CHECK ((char_length(authorization_code) <= 255)),
    CONSTRAINT oauth_authorizations_code_challenge_length CHECK ((char_length(code_challenge) <= 128)),
    CONSTRAINT oauth_authorizations_expires_at_future CHECK ((expires_at > created_at)),
    CONSTRAINT oauth_authorizations_redirect_uri_length CHECK ((char_length(redirect_uri) <= 2048)),
    CONSTRAINT oauth_authorizations_resource_length CHECK ((char_length(resource) <= 2048)),
    CONSTRAINT oauth_authorizations_scope_length CHECK ((char_length(scope) <= 4096)),
    CONSTRAINT oauth_authorizations_state_length CHECK ((char_length(state) <= 4096))
);


ALTER TABLE auth.oauth_authorizations OWNER TO supabase_auth_admin;

--
-- Name: oauth_clients; Type: TABLE; Schema: auth; Owner: supabase_auth_admin
--

CREATE TABLE auth.oauth_clients (
    id uuid NOT NULL,
    client_secret_hash text,
    registration_type auth.oauth_registration_type NOT NULL,
    redirect_uris text NOT NULL,
    grant_types text NOT NULL,
    client_name text,
    client_uri text,
    logo_uri text,
    created_at timestamp with time zone DEFAULT now() NOT NULL,
    updated_at timestamp with time zone DEFAULT now() NOT NULL,
    deleted_at timestamp with time zone,
    client_type auth.oauth_client_type DEFAULT 'confidential'::auth.oauth_client_type NOT NULL,
    CONSTRAINT oauth_clients_client_name_length CHECK ((char_length(client_name) <= 1024)),
    CONSTRAINT oauth_clients_client_uri_length CHECK ((char_length(client_uri) <= 2048)),
    CONSTRAINT oauth_clients_logo_uri_length CHECK ((char_length(logo_uri) <= 2048))
);


ALTER TABLE auth.oauth_clients OWNER TO supabase_auth_admin;

--
-- Name: oauth_consents; Type: TABLE; Schema: auth; Owner: supabase_auth_admin
--

CREATE TABLE auth.oauth_consents (
    id uuid NOT NULL,
    user_id uuid NOT NULL,
    client_id uuid NOT NULL,
    scopes text NOT NULL,
    granted_at timestamp with time zone DEFAULT now() NOT NULL,
    revoked_at timestamp with time zone,
    CONSTRAINT oauth_consents_revoked_after_granted CHECK (((revoked_at IS NULL) OR (revoked_at >= granted_at))),
    CONSTRAINT oauth_consents_scopes_length CHECK ((char_length(scopes) <= 2048)),
    CONSTRAINT oauth_consents_scopes_not_empty CHECK ((char_length(TRIM(BOTH FROM scopes)) > 0))
);


ALTER TABLE auth.oauth_consents OWNER TO supabase_auth_admin;

--
-- Name: one_time_tokens; Type: TABLE; Schema: auth; Owner: supabase_auth_admin
--

CREATE TABLE auth.one_time_tokens (
    id uuid NOT NULL,
    user_id uuid NOT NULL,
    token_type auth.one_time_token_type NOT NULL,
    token_hash text NOT NULL,
    relates_to text NOT NULL,
    created_at timestamp without time zone DEFAULT now() NOT NULL,
    updated_at timestamp without time zone DEFAULT now() NOT NULL,
    CONSTRAINT one_time_tokens_token_hash_check CHECK ((char_length(token_hash) > 0))
);


ALTER TABLE auth.one_time_tokens OWNER TO supabase_auth_admin;

--
-- Name: refresh_tokens; Type: TABLE; Schema: auth; Owner: supabase_auth_admin
--

CREATE TABLE auth.refresh_tokens (
    instance_id uuid,
    id bigint NOT NULL,
    token character varying(255),
    user_id character varying(255),
    revoked boolean,
    created_at timestamp with time zone,
    updated_at timestamp with time zone,
    parent character varying(255),
    session_id uuid
);


ALTER TABLE auth.refresh_tokens OWNER TO supabase_auth_admin;

--
-- Name: TABLE refresh_tokens; Type: COMMENT; Schema: auth; Owner: supabase_auth_admin
--

COMMENT ON TABLE auth.refresh_tokens IS 'Auth: Store of tokens used to refresh JWT tokens once they expire.';


--
-- Name: refresh_tokens_id_seq; Type: SEQUENCE; Schema: auth; Owner: supabase_auth_admin
--

CREATE SEQUENCE auth.refresh_tokens_id_seq
    START WITH 1
    INCREMENT BY 1
    NO MINVALUE
    NO MAXVALUE
    CACHE 1;


ALTER SEQUENCE auth.refresh_tokens_id_seq OWNER TO supabase_auth_admin;

--
-- Name: refresh_tokens_id_seq; Type: SEQUENCE OWNED BY; Schema: auth; Owner: supabase_auth_admin
--

ALTER SEQUENCE auth.refresh_tokens_id_seq OWNED BY auth.refresh_tokens.id;


--
-- Name: saml_providers; Type: TABLE; Schema: auth; Owner: supabase_auth_admin
--

CREATE TABLE auth.saml_providers (
    id uuid NOT NULL,
    sso_provider_id uuid NOT NULL,
    entity_id text NOT NULL,
    metadata_xml text NOT NULL,
    metadata_url text,
    attribute_mapping jsonb,
    created_at timestamp with time zone,
    updated_at timestamp with time zone,
    name_id_format text,
    CONSTRAINT "entity_id not empty" CHECK ((char_length(entity_id) > 0)),
    CONSTRAINT "metadata_url not empty" CHECK (((metadata_url = NULL::text) OR (char_length(metadata_url) > 0))),
    CONSTRAINT "metadata_xml not empty" CHECK ((char_length(metadata_xml) > 0))
);


ALTER TABLE auth.saml_providers OWNER TO supabase_auth_admin;

--
-- Name: TABLE saml_providers; Type: COMMENT; Schema: auth; Owner: supabase_auth_admin
--

COMMENT ON TABLE auth.saml_providers IS 'Auth: Manages SAML Identity Provider connections.';


--
-- Name: saml_relay_states; Type: TABLE; Schema: auth; Owner: supabase_auth_admin
--

CREATE TABLE auth.saml_relay_states (
    id uuid NOT NULL,
    sso_provider_id uuid NOT NULL,
    request_id text NOT NULL,
    for_email text,
    redirect_to text,
    created_at timestamp with time zone,
    updated_at timestamp with time zone,
    flow_state_id uuid,
    CONSTRAINT "request_id not empty" CHECK ((char_length(request_id) > 0))
);


ALTER TABLE auth.saml_relay_states OWNER TO supabase_auth_admin;

--
-- Name: TABLE saml_relay_states; Type: COMMENT; Schema: auth; Owner: supabase_auth_admin
--

COMMENT ON TABLE auth.saml_relay_states IS 'Auth: Contains SAML Relay State information for each Service Provider initiated login.';


--
-- Name: schema_migrations; Type: TABLE; Schema: auth; Owner: supabase_auth_admin
--

CREATE TABLE auth.schema_migrations (
    version character varying(255) NOT NULL
);


ALTER TABLE auth.schema_migrations OWNER TO supabase_auth_admin;

--
-- Name: TABLE schema_migrations; Type: COMMENT; Schema: auth; Owner: supabase_auth_admin
--

COMMENT ON TABLE auth.schema_migrations IS 'Auth: Manages updates to the auth system.';


--
-- Name: sessions; Type: TABLE; Schema: auth; Owner: supabase_auth_admin
--

CREATE TABLE auth.sessions (
    id uuid NOT NULL,
    user_id uuid NOT NULL,
    created_at timestamp with time zone,
    updated_at timestamp with time zone,
    factor_id uuid,
    aal auth.aal_level,
    not_after timestamp with time zone,
    refreshed_at timestamp without time zone,
    user_agent text,
    ip inet,
    tag text,
    oauth_client_id uuid
);


ALTER TABLE auth.sessions OWNER TO supabase_auth_admin;

--
-- Name: TABLE sessions; Type: COMMENT; Schema: auth; Owner: supabase_auth_admin
--

COMMENT ON TABLE auth.sessions IS 'Auth: Stores session data associated to a user.';


--
-- Name: COLUMN sessions.not_after; Type: COMMENT; Schema: auth; Owner: supabase_auth_admin
--

COMMENT ON COLUMN auth.sessions.not_after IS 'Auth: Not after is a nullable column that contains a timestamp after which the session should be regarded as expired.';


--
-- Name: sso_domains; Type: TABLE; Schema: auth; Owner: supabase_auth_admin
--

CREATE TABLE auth.sso_domains (
    id uuid NOT NULL,
    sso_provider_id uuid NOT NULL,
    domain text NOT NULL,
    created_at timestamp with time zone,
    updated_at timestamp with time zone,
    CONSTRAINT "domain not empty" CHECK ((char_length(domain) > 0))
);


ALTER TABLE auth.sso_domains OWNER TO supabase_auth_admin;

--
-- Name: TABLE sso_domains; Type: COMMENT; Schema: auth; Owner: supabase_auth_admin
--

COMMENT ON TABLE auth.sso_domains IS 'Auth: Manages SSO email address domain mapping to an SSO Identity Provider.';


--
-- Name: sso_providers; Type: TABLE; Schema: auth; Owner: supabase_auth_admin
--

CREATE TABLE auth.sso_providers (
    id uuid NOT NULL,
    resource_id text,
    created_at timestamp with time zone,
    updated_at timestamp with time zone,
    disabled boolean,
    CONSTRAINT "resource_id not empty" CHECK (((resource_id = NULL::text) OR (char_length(resource_id) > 0)))
);


ALTER TABLE auth.sso_providers OWNER TO supabase_auth_admin;

--
-- Name: TABLE sso_providers; Type: COMMENT; Schema: auth; Owner: supabase_auth_admin
--

COMMENT ON TABLE auth.sso_providers IS 'Auth: Manages SSO identity provider information; see saml_providers for SAML.';


--
-- Name: COLUMN sso_providers.resource_id; Type: COMMENT; Schema: auth; Owner: supabase_auth_admin
--

COMMENT ON COLUMN auth.sso_providers.resource_id IS 'Auth: Uniquely identifies a SSO provider according to a user-chosen resource ID (case insensitive), useful in infrastructure as code.';


--
-- Name: users; Type: TABLE; Schema: auth; Owner: supabase_auth_admin
--

CREATE TABLE auth.users (
    instance_id uuid,
    id uuid NOT NULL,
    aud character varying(255),
    role character varying(255),
    email character varying(255),
    encrypted_password character varying(255),
    email_confirmed_at timestamp with time zone,
    invited_at timestamp with time zone,
    confirmation_token character varying(255),
    confirmation_sent_at timestamp with time zone,
    recovery_token character varying(255),
    recovery_sent_at timestamp with time zone,
    email_change_token_new character varying(255),
    email_change character varying(255),
    email_change_sent_at timestamp with time zone,
    last_sign_in_at timestamp with time zone,
    raw_app_meta_data jsonb,
    raw_user_meta_data jsonb,
    is_super_admin boolean,
    created_at timestamp with time zone,
    updated_at timestamp with time zone,
    phone text DEFAULT NULL::character varying,
    phone_confirmed_at timestamp with time zone,
    phone_change text DEFAULT ''::character varying,
    phone_change_token character varying(255) DEFAULT ''::character varying,
    phone_change_sent_at timestamp with time zone,
    confirmed_at timestamp with time zone GENERATED ALWAYS AS (LEAST(email_confirmed_at, phone_confirmed_at)) STORED,
    email_change_token_current character varying(255) DEFAULT ''::character varying,
    email_change_confirm_status smallint DEFAULT 0,
    banned_until timestamp with time zone,
    reauthentication_token character varying(255) DEFAULT ''::character varying,
    reauthentication_sent_at timestamp with time zone,
    is_sso_user boolean DEFAULT false NOT NULL,
    deleted_at timestamp with time zone,
    is_anonymous boolean DEFAULT false NOT NULL,
    CONSTRAINT users_email_change_confirm_status_check CHECK (((email_change_confirm_status >= 0) AND (email_change_confirm_status <= 2)))
);


ALTER TABLE auth.users OWNER TO supabase_auth_admin;

--
-- Name: TABLE users; Type: COMMENT; Schema: auth; Owner: supabase_auth_admin
--

COMMENT ON TABLE auth.users IS 'Auth: Stores user login data within a secure schema.';


--
-- Name: COLUMN users.is_sso_user; Type: COMMENT; Schema: auth; Owner: supabase_auth_admin
--

COMMENT ON COLUMN auth.users.is_sso_user IS 'Auth: Set this column to true when the account comes from SSO. These accounts can have duplicate emails.';


--
-- Name: emergency_alerts; Type: TABLE; Schema: public; Owner: postgres
--

CREATE TABLE public.emergency_alerts (
    id uuid DEFAULT gen_random_uuid() NOT NULL,
    user_id uuid,
    alert_type text NOT NULL,
    message text NOT NULL,
    latitude numeric NOT NULL,
    longitude numeric NOT NULL,
    status text DEFAULT 'active'::text,
    created_at timestamp with time zone DEFAULT now()
);


ALTER TABLE public.emergency_alerts OWNER TO postgres;

--
-- Name: kyc_verifications; Type: TABLE; Schema: public; Owner: postgres
--

CREATE TABLE public.kyc_verifications (
    id uuid DEFAULT gen_random_uuid() NOT NULL,
    user_id uuid NOT NULL,
    first_name character varying(100) NOT NULL,
    last_name character varying(100) NOT NULL,
    email character varying(255) NOT NULL,
    nationality character varying(100) NOT NULL,
    id_type character varying(50) NOT NULL,
    id_number character varying(100) NOT NULL,
    id_expiry_date timestamp without time zone NOT NULL,
    address_line_1 text NOT NULL,
    address_line_2 text,
    city character varying(100) NOT NULL,
    state character varying(100) NOT NULL,
    postal_code character varying(20) NOT NULL,
    country character varying(100) NOT NULL,
    id_document_image_path text,
    address_proof_image_path text,
    status character varying(20) DEFAULT 'pending'::character varying,
    submitted_at timestamp without time zone DEFAULT now(),
    updated_at timestamp without time zone DEFAULT now(),
    created_at timestamp without time zone DEFAULT now(),
    CONSTRAINT kyc_verifications_status_check CHECK (((status)::text = ANY ((ARRAY['pending'::character varying, 'verified'::character varying, 'rejected'::character varying])::text[])))
);


ALTER TABLE public.kyc_verifications OWNER TO postgres;

--
-- Name: tourist_info; Type: TABLE; Schema: public; Owner: postgres
--

CREATE TABLE public.tourist_info (
    id uuid DEFAULT gen_random_uuid() NOT NULL,
    user_id uuid,
    destination text NOT NULL,
    check_in_date timestamp with time zone,
    check_out_date timestamp with time zone,
    hotel_info text,
    emergency_contact text,
    created_at timestamp with time zone DEFAULT now()
);


ALTER TABLE public.tourist_info OWNER TO postgres;

--
-- Name: user_locations; Type: TABLE; Schema: public; Owner: postgres
--

CREATE TABLE public.user_locations (
    id uuid DEFAULT gen_random_uuid() NOT NULL,
    user_id uuid,
    latitude numeric NOT NULL,
    longitude numeric NOT NULL,
    location_name text,
    "timestamp" timestamp with time zone DEFAULT now()
);


ALTER TABLE public.user_locations OWNER TO postgres;

--
-- Name: user_profiles; Type: TABLE; Schema: public; Owner: postgres
--

CREATE TABLE public.user_profiles (
    id uuid NOT NULL,
    full_name text NOT NULL,
    email text NOT NULL,
    user_type text DEFAULT 'Tourist'::text NOT NULL,
    nationality text,
    digital_id text,
    created_at timestamp with time zone DEFAULT now()
);


ALTER TABLE public.user_profiles OWNER TO postgres;

--
-- Name: messages; Type: TABLE; Schema: realtime; Owner: supabase_realtime_admin
--

CREATE TABLE realtime.messages (
    topic text NOT NULL,
    extension text NOT NULL,
    payload jsonb,
    event text,
    private boolean DEFAULT false,
    updated_at timestamp without time zone DEFAULT now() NOT NULL,
    inserted_at timestamp without time zone DEFAULT now() NOT NULL,
    id uuid DEFAULT gen_random_uuid() NOT NULL
)
PARTITION BY RANGE (inserted_at);


ALTER TABLE realtime.messages OWNER TO supabase_realtime_admin;

--
-- Name: schema_migrations; Type: TABLE; Schema: realtime; Owner: supabase_admin
--

CREATE TABLE realtime.schema_migrations (
    version bigint NOT NULL,
    inserted_at timestamp(0) without time zone
);


ALTER TABLE realtime.schema_migrations OWNER TO supabase_admin;

--
-- Name: subscription; Type: TABLE; Schema: realtime; Owner: supabase_admin
--

CREATE TABLE realtime.subscription (
    id bigint NOT NULL,
    subscription_id uuid NOT NULL,
    entity regclass NOT NULL,
    filters realtime.user_defined_filter[] DEFAULT '{}'::realtime.user_defined_filter[] NOT NULL,
    claims jsonb NOT NULL,
    claims_role regrole GENERATED ALWAYS AS (realtime.to_regrole((claims ->> 'role'::text))) STORED NOT NULL,
    created_at timestamp without time zone DEFAULT timezone('utc'::text, now()) NOT NULL
);


ALTER TABLE realtime.subscription OWNER TO supabase_admin;

--
-- Name: subscription_id_seq; Type: SEQUENCE; Schema: realtime; Owner: supabase_admin
--

ALTER TABLE realtime.subscription ALTER COLUMN id ADD GENERATED ALWAYS AS IDENTITY (
    SEQUENCE NAME realtime.subscription_id_seq
    START WITH 1
    INCREMENT BY 1
    NO MINVALUE
    NO MAXVALUE
    CACHE 1
);


--
-- Name: buckets; Type: TABLE; Schema: storage; Owner: supabase_storage_admin
--

CREATE TABLE storage.buckets (
    id text NOT NULL,
    name text NOT NULL,
    owner uuid,
    created_at timestamp with time zone DEFAULT now(),
    updated_at timestamp with time zone DEFAULT now(),
    public boolean DEFAULT false,
    avif_autodetection boolean DEFAULT false,
    file_size_limit bigint,
    allowed_mime_types text[],
    owner_id text,
    type storage.buckettype DEFAULT 'STANDARD'::storage.buckettype NOT NULL
);


ALTER TABLE storage.buckets OWNER TO supabase_storage_admin;

--
-- Name: COLUMN buckets.owner; Type: COMMENT; Schema: storage; Owner: supabase_storage_admin
--

COMMENT ON COLUMN storage.buckets.owner IS 'Field is deprecated, use owner_id instead';


--
-- Name: buckets_analytics; Type: TABLE; Schema: storage; Owner: supabase_storage_admin
--

CREATE TABLE storage.buckets_analytics (
    id text NOT NULL,
    type storage.buckettype DEFAULT 'ANALYTICS'::storage.buckettype NOT NULL,
    format text DEFAULT 'ICEBERG'::text NOT NULL,
    created_at timestamp with time zone DEFAULT now() NOT NULL,
    updated_at timestamp with time zone DEFAULT now() NOT NULL
);


ALTER TABLE storage.buckets_analytics OWNER TO supabase_storage_admin;

--
-- Name: migrations; Type: TABLE; Schema: storage; Owner: supabase_storage_admin
--

CREATE TABLE storage.migrations (
    id integer NOT NULL,
    name character varying(100) NOT NULL,
    hash character varying(40) NOT NULL,
    executed_at timestamp without time zone DEFAULT CURRENT_TIMESTAMP
);


ALTER TABLE storage.migrations OWNER TO supabase_storage_admin;

--
-- Name: objects; Type: TABLE; Schema: storage; Owner: supabase_storage_admin
--

CREATE TABLE storage.objects (
    id uuid DEFAULT gen_random_uuid() NOT NULL,
    bucket_id text,
    name text,
    owner uuid,
    created_at timestamp with time zone DEFAULT now(),
    updated_at timestamp with time zone DEFAULT now(),
    last_accessed_at timestamp with time zone DEFAULT now(),
    metadata jsonb,
    path_tokens text[] GENERATED ALWAYS AS (string_to_array(name, '/'::text)) STORED,
    version text,
    owner_id text,
    user_metadata jsonb,
    level integer
);


ALTER TABLE storage.objects OWNER TO supabase_storage_admin;

--
-- Name: COLUMN objects.owner; Type: COMMENT; Schema: storage; Owner: supabase_storage_admin
--

COMMENT ON COLUMN storage.objects.owner IS 'Field is deprecated, use owner_id instead';


--
-- Name: prefixes; Type: TABLE; Schema: storage; Owner: supabase_storage_admin
--

CREATE TABLE storage.prefixes (
    bucket_id text NOT NULL,
    name text NOT NULL COLLATE pg_catalog."C",
    level integer GENERATED ALWAYS AS (storage.get_level(name)) STORED NOT NULL,
    created_at timestamp with time zone DEFAULT now(),
    updated_at timestamp with time zone DEFAULT now()
);


ALTER TABLE storage.prefixes OWNER TO supabase_storage_admin;

--
-- Name: s3_multipart_uploads; Type: TABLE; Schema: storage; Owner: supabase_storage_admin
--

CREATE TABLE storage.s3_multipart_uploads (
    id text NOT NULL,
    in_progress_size bigint DEFAULT 0 NOT NULL,
    upload_signature text NOT NULL,
    bucket_id text NOT NULL,
    key text NOT NULL COLLATE pg_catalog."C",
    version text NOT NULL,
    owner_id text,
    created_at timestamp with time zone DEFAULT now() NOT NULL,
    user_metadata jsonb
);


ALTER TABLE storage.s3_multipart_uploads OWNER TO supabase_storage_admin;

--
-- Name: s3_multipart_uploads_parts; Type: TABLE; Schema: storage; Owner: supabase_storage_admin
--

CREATE TABLE storage.s3_multipart_uploads_parts (
    id uuid DEFAULT gen_random_uuid() NOT NULL,
    upload_id text NOT NULL,
    size bigint DEFAULT 0 NOT NULL,
    part_number integer NOT NULL,
    bucket_id text NOT NULL,
    key text NOT NULL COLLATE pg_catalog."C",
    etag text NOT NULL,
    owner_id text,
    version text NOT NULL,
    created_at timestamp with time zone DEFAULT now() NOT NULL
);


ALTER TABLE storage.s3_multipart_uploads_parts OWNER TO supabase_storage_admin;

--
-- Name: refresh_tokens id; Type: DEFAULT; Schema: auth; Owner: supabase_auth_admin
--

ALTER TABLE ONLY auth.refresh_tokens ALTER COLUMN id SET DEFAULT nextval('auth.refresh_tokens_id_seq'::regclass);


--
-- Data for Name: audit_log_entries; Type: TABLE DATA; Schema: auth; Owner: supabase_auth_admin
--

COPY auth.audit_log_entries (instance_id, id, payload, created_at, ip_address) FROM stdin;
00000000-0000-0000-0000-000000000000	4ee4cbb5-d264-440b-95f6-56705699c700	{"action":"user_confirmation_requested","actor_id":"d4d02cc5-a86c-490a-b4c9-d84d08bb6379","actor_name":"Aditya","actor_username":"mui237756@gmail.com","actor_via_sso":false,"log_type":"user","traits":{"provider":"email"}}	2025-09-17 13:33:54.268743+00	
00000000-0000-0000-0000-000000000000	bf0529c3-b685-4fdb-bc18-f65f75273949	{"action":"user_signedup","actor_id":"d4d02cc5-a86c-490a-b4c9-d84d08bb6379","actor_name":"Aditya","actor_username":"mui237756@gmail.com","actor_via_sso":false,"log_type":"team","traits":{"provider":"email"}}	2025-09-17 13:35:00.645489+00	
00000000-0000-0000-0000-000000000000	c0c9f3df-713a-401b-97f0-c159a1dfa493	{"action":"user_confirmation_requested","actor_id":"7e5347b3-44a9-41c2-a92a-f7f37d517314","actor_name":"Aditya","actor_username":"flyingjatt320@gmail.com","actor_via_sso":false,"log_type":"user","traits":{"provider":"email"}}	2025-09-17 13:38:21.962299+00	
00000000-0000-0000-0000-000000000000	2c721b12-67d4-4b99-b081-7ae3192cabb5	{"action":"user_signedup","actor_id":"7e5347b3-44a9-41c2-a92a-f7f37d517314","actor_name":"Aditya","actor_username":"flyingjatt320@gmail.com","actor_via_sso":false,"log_type":"team","traits":{"provider":"email"}}	2025-09-17 13:38:40.582106+00	
00000000-0000-0000-0000-000000000000	cac0fc24-9c60-46d1-a042-fe536fa555dc	{"action":"user_repeated_signup","actor_id":"7e5347b3-44a9-41c2-a92a-f7f37d517314","actor_name":"Aditya","actor_username":"flyingjatt320@gmail.com","actor_via_sso":false,"log_type":"user","traits":{"provider":"email"}}	2025-09-17 13:38:43.243116+00	
00000000-0000-0000-0000-000000000000	827b8d89-d897-4392-bdcf-880403e56466	{"action":"login","actor_id":"7e5347b3-44a9-41c2-a92a-f7f37d517314","actor_name":"Aditya","actor_username":"flyingjatt320@gmail.com","actor_via_sso":false,"log_type":"account","traits":{"provider":"email"}}	2025-09-17 13:39:05.458768+00	
00000000-0000-0000-0000-000000000000	b7ba9974-7c73-4504-8bd4-292a1721bc33	{"action":"login","actor_id":"d4d02cc5-a86c-490a-b4c9-d84d08bb6379","actor_name":"Aditya","actor_username":"mui237756@gmail.com","actor_via_sso":false,"log_type":"account","traits":{"provider":"email"}}	2025-09-17 13:39:20.439687+00	
00000000-0000-0000-0000-000000000000	83194490-93fd-4d61-b228-c83409c36ca4	{"action":"login","actor_id":"7e5347b3-44a9-41c2-a92a-f7f37d517314","actor_name":"Aditya","actor_username":"flyingjatt320@gmail.com","actor_via_sso":false,"log_type":"account","traits":{"provider":"email"}}	2025-09-17 13:44:19.579039+00	
00000000-0000-0000-0000-000000000000	3942dcd1-facd-488b-bd1f-cb7a3796121b	{"action":"login","actor_id":"7e5347b3-44a9-41c2-a92a-f7f37d517314","actor_name":"Aditya","actor_username":"flyingjatt320@gmail.com","actor_via_sso":false,"log_type":"account","traits":{"provider":"email"}}	2025-09-17 13:56:04.16772+00	
00000000-0000-0000-0000-000000000000	202a32cc-1b5d-4cf9-ae97-99e9496a1f60	{"action":"login","actor_id":"7e5347b3-44a9-41c2-a92a-f7f37d517314","actor_name":"Aditya","actor_username":"flyingjatt320@gmail.com","actor_via_sso":false,"log_type":"account","traits":{"provider":"email"}}	2025-09-17 14:07:26.233941+00	
00000000-0000-0000-0000-000000000000	490c5095-aed8-44f4-9437-0f09c504f422	{"action":"login","actor_id":"7e5347b3-44a9-41c2-a92a-f7f37d517314","actor_name":"Aditya","actor_username":"flyingjatt320@gmail.com","actor_via_sso":false,"log_type":"account","traits":{"provider":"email"}}	2025-09-17 14:13:01.716628+00	
00000000-0000-0000-0000-000000000000	78bcc719-abb9-4a03-b7cf-d778655c53f7	{"action":"login","actor_id":"7e5347b3-44a9-41c2-a92a-f7f37d517314","actor_name":"Aditya","actor_username":"flyingjatt320@gmail.com","actor_via_sso":false,"log_type":"account","traits":{"provider":"email"}}	2025-09-17 14:30:36.239396+00	
00000000-0000-0000-0000-000000000000	3f404553-85ac-4303-9129-26bc5e81478b	{"action":"logout","actor_id":"7e5347b3-44a9-41c2-a92a-f7f37d517314","actor_name":"Aditya","actor_username":"flyingjatt320@gmail.com","actor_via_sso":false,"log_type":"account"}	2025-09-17 14:31:35.426713+00	
00000000-0000-0000-0000-000000000000	9a6eb953-36ec-46ec-940e-62c66e8a4eff	{"action":"login","actor_id":"7e5347b3-44a9-41c2-a92a-f7f37d517314","actor_name":"Aditya","actor_username":"flyingjatt320@gmail.com","actor_via_sso":false,"log_type":"account","traits":{"provider":"email"}}	2025-09-17 14:47:31.895514+00	
00000000-0000-0000-0000-000000000000	38637719-91a6-4ed0-ab88-09d8af961c5b	{"action":"login","actor_id":"7e5347b3-44a9-41c2-a92a-f7f37d517314","actor_name":"Aditya","actor_username":"flyingjatt320@gmail.com","actor_via_sso":false,"log_type":"account","traits":{"provider":"email"}}	2025-09-17 14:54:00.142237+00	
00000000-0000-0000-0000-000000000000	7ba8b824-1a17-42b4-b3b0-697325e3794e	{"action":"login","actor_id":"7e5347b3-44a9-41c2-a92a-f7f37d517314","actor_name":"Aditya","actor_username":"flyingjatt320@gmail.com","actor_via_sso":false,"log_type":"account","traits":{"provider":"email"}}	2025-09-17 15:04:18.50382+00	
00000000-0000-0000-0000-000000000000	b847e3dc-5bf2-428c-bef5-46161b310da6	{"action":"login","actor_id":"7e5347b3-44a9-41c2-a92a-f7f37d517314","actor_name":"Aditya","actor_username":"flyingjatt320@gmail.com","actor_via_sso":false,"log_type":"account","traits":{"provider":"email"}}	2025-09-17 15:14:56.732303+00	
00000000-0000-0000-0000-000000000000	a7ecb50b-08d8-4340-887f-b7635eb33d14	{"action":"login","actor_id":"7e5347b3-44a9-41c2-a92a-f7f37d517314","actor_name":"Aditya","actor_username":"flyingjatt320@gmail.com","actor_via_sso":false,"log_type":"account","traits":{"provider":"email"}}	2025-09-17 15:35:52.819737+00	
00000000-0000-0000-0000-000000000000	243191dd-f3da-4c1b-9ca3-6ce247a19b56	{"action":"login","actor_id":"7e5347b3-44a9-41c2-a92a-f7f37d517314","actor_name":"Aditya","actor_username":"flyingjatt320@gmail.com","actor_via_sso":false,"log_type":"account","traits":{"provider":"email"}}	2025-09-17 15:43:48.139079+00	
00000000-0000-0000-0000-000000000000	4340c7a9-af0f-4e97-8122-cda14e56d99b	{"action":"login","actor_id":"7e5347b3-44a9-41c2-a92a-f7f37d517314","actor_name":"Aditya","actor_username":"flyingjatt320@gmail.com","actor_via_sso":false,"log_type":"account","traits":{"provider":"email"}}	2025-09-17 15:47:58.036157+00	
00000000-0000-0000-0000-000000000000	00994759-c729-4bf9-a6c6-7d99833c99aa	{"action":"login","actor_id":"7e5347b3-44a9-41c2-a92a-f7f37d517314","actor_name":"Aditya","actor_username":"flyingjatt320@gmail.com","actor_via_sso":false,"log_type":"account","traits":{"provider":"email"}}	2025-09-17 15:58:45.366771+00	
00000000-0000-0000-0000-000000000000	76e2e1db-0956-4fc5-828a-86762d3fbf51	{"action":"login","actor_id":"7e5347b3-44a9-41c2-a92a-f7f37d517314","actor_name":"Aditya","actor_username":"flyingjatt320@gmail.com","actor_via_sso":false,"log_type":"account","traits":{"provider":"email"}}	2025-09-17 16:06:19.285386+00	
00000000-0000-0000-0000-000000000000	fbefa9e3-0fd2-49be-9294-01c4c9a4ef8a	{"action":"login","actor_id":"7e5347b3-44a9-41c2-a92a-f7f37d517314","actor_name":"Aditya","actor_username":"flyingjatt320@gmail.com","actor_via_sso":false,"log_type":"account","traits":{"provider":"email"}}	2025-09-17 16:17:04.629587+00	
00000000-0000-0000-0000-000000000000	418cc914-8bf8-4a4d-9226-92771b2056ca	{"action":"logout","actor_id":"7e5347b3-44a9-41c2-a92a-f7f37d517314","actor_name":"Aditya","actor_username":"flyingjatt320@gmail.com","actor_via_sso":false,"log_type":"account"}	2025-09-17 16:18:23.30939+00	
00000000-0000-0000-0000-000000000000	bcae00b6-8a80-41f0-821d-c834faeefa47	{"action":"login","actor_id":"d4d02cc5-a86c-490a-b4c9-d84d08bb6379","actor_name":"Aditya","actor_username":"mui237756@gmail.com","actor_via_sso":false,"log_type":"account","traits":{"provider":"email"}}	2025-09-17 16:18:35.267242+00	
00000000-0000-0000-0000-000000000000	5685b9d3-c90e-4300-81f6-5bd3db2240d2	{"action":"logout","actor_id":"d4d02cc5-a86c-490a-b4c9-d84d08bb6379","actor_name":"Aditya","actor_username":"mui237756@gmail.com","actor_via_sso":false,"log_type":"account"}	2025-09-17 16:18:43.930323+00	
00000000-0000-0000-0000-000000000000	8c73381e-958a-419a-8c73-78d1918e70fb	{"action":"login","actor_id":"7e5347b3-44a9-41c2-a92a-f7f37d517314","actor_name":"Aditya","actor_username":"flyingjatt320@gmail.com","actor_via_sso":false,"log_type":"account","traits":{"provider":"email"}}	2025-09-17 16:18:50.856659+00	
00000000-0000-0000-0000-000000000000	802ae7a8-ffd9-4827-a1a1-68ad1c2fc188	{"action":"login","actor_id":"7e5347b3-44a9-41c2-a92a-f7f37d517314","actor_name":"Aditya","actor_username":"flyingjatt320@gmail.com","actor_via_sso":false,"log_type":"account","traits":{"provider":"email"}}	2025-09-17 16:21:50.929277+00	
00000000-0000-0000-0000-000000000000	125e77c8-4b3d-43a6-b7ef-3d622140e825	{"action":"logout","actor_id":"7e5347b3-44a9-41c2-a92a-f7f37d517314","actor_name":"Aditya","actor_username":"flyingjatt320@gmail.com","actor_via_sso":false,"log_type":"account"}	2025-09-17 16:28:17.04269+00	
00000000-0000-0000-0000-000000000000	6dfa7648-31b1-4dff-9aa3-fd6ae50b83c0	{"action":"login","actor_id":"7e5347b3-44a9-41c2-a92a-f7f37d517314","actor_name":"Aditya","actor_username":"flyingjatt320@gmail.com","actor_via_sso":false,"log_type":"account","traits":{"provider":"email"}}	2025-09-17 16:34:32.598217+00	
00000000-0000-0000-0000-000000000000	651e6aca-97d5-4614-8830-e2d29140420f	{"action":"login","actor_id":"7e5347b3-44a9-41c2-a92a-f7f37d517314","actor_name":"Aditya","actor_username":"flyingjatt320@gmail.com","actor_via_sso":false,"log_type":"account","traits":{"provider":"email"}}	2025-09-17 16:38:07.610896+00	
00000000-0000-0000-0000-000000000000	8874037c-1386-49c8-99e5-0a52fd7afcd8	{"action":"login","actor_id":"7e5347b3-44a9-41c2-a92a-f7f37d517314","actor_name":"Aditya","actor_username":"flyingjatt320@gmail.com","actor_via_sso":false,"log_type":"account","traits":{"provider":"email"}}	2025-09-17 16:51:58.366449+00	
00000000-0000-0000-0000-000000000000	6cc53fb5-d355-4813-b2f9-090ce03842f5	{"action":"login","actor_id":"7e5347b3-44a9-41c2-a92a-f7f37d517314","actor_name":"Aditya","actor_username":"flyingjatt320@gmail.com","actor_via_sso":false,"log_type":"account","traits":{"provider":"email"}}	2025-09-17 17:05:56.076862+00	
00000000-0000-0000-0000-000000000000	ef132da0-2da8-4445-a29e-f302747e670e	{"action":"login","actor_id":"7e5347b3-44a9-41c2-a92a-f7f37d517314","actor_name":"Aditya","actor_username":"flyingjatt320@gmail.com","actor_via_sso":false,"log_type":"account","traits":{"provider":"email"}}	2025-09-17 17:19:26.410462+00	
00000000-0000-0000-0000-000000000000	f6c67a51-7a23-43d5-90bd-37d3ac64cb99	{"action":"login","actor_id":"7e5347b3-44a9-41c2-a92a-f7f37d517314","actor_name":"Aditya","actor_username":"flyingjatt320@gmail.com","actor_via_sso":false,"log_type":"account","traits":{"provider":"email"}}	2025-09-17 17:26:03.616293+00	
00000000-0000-0000-0000-000000000000	c0c11c66-5b04-4995-bec5-25a81f87cd76	{"action":"login","actor_id":"7e5347b3-44a9-41c2-a92a-f7f37d517314","actor_name":"Aditya","actor_username":"flyingjatt320@gmail.com","actor_via_sso":false,"log_type":"account","traits":{"provider":"email"}}	2025-09-17 17:35:23.506904+00	
00000000-0000-0000-0000-000000000000	033b27fb-19b8-4c31-b10e-89e527c8d172	{"action":"login","actor_id":"7e5347b3-44a9-41c2-a92a-f7f37d517314","actor_name":"Aditya","actor_username":"flyingjatt320@gmail.com","actor_via_sso":false,"log_type":"account","traits":{"provider":"email"}}	2025-09-17 17:36:53.116755+00	
00000000-0000-0000-0000-000000000000	b4312deb-54c8-4304-89aa-dbf34a4db540	{"action":"token_refreshed","actor_id":"7e5347b3-44a9-41c2-a92a-f7f37d517314","actor_name":"Aditya","actor_username":"flyingjatt320@gmail.com","actor_via_sso":false,"log_type":"token"}	2025-09-18 02:26:17.867633+00	
00000000-0000-0000-0000-000000000000	64778c28-1ca4-46b0-8f0c-34e5fc2a88a9	{"action":"token_revoked","actor_id":"7e5347b3-44a9-41c2-a92a-f7f37d517314","actor_name":"Aditya","actor_username":"flyingjatt320@gmail.com","actor_via_sso":false,"log_type":"token"}	2025-09-18 02:26:17.894304+00	
00000000-0000-0000-0000-000000000000	27c0b10c-b0bf-4dc0-81c8-97ca332a8849	{"action":"login","actor_id":"7e5347b3-44a9-41c2-a92a-f7f37d517314","actor_name":"Aditya","actor_username":"flyingjatt320@gmail.com","actor_via_sso":false,"log_type":"account","traits":{"provider":"email"}}	2025-09-18 02:26:38.395845+00	
00000000-0000-0000-0000-000000000000	c61fe166-15c6-45d3-a1c9-0b6ec3c06c58	{"action":"token_refreshed","actor_id":"7e5347b3-44a9-41c2-a92a-f7f37d517314","actor_name":"Aditya","actor_username":"flyingjatt320@gmail.com","actor_via_sso":false,"log_type":"token"}	2025-09-18 05:35:51.197425+00	
00000000-0000-0000-0000-000000000000	d14cbecd-4d2a-46bb-b922-1d321a1568d4	{"action":"token_revoked","actor_id":"7e5347b3-44a9-41c2-a92a-f7f37d517314","actor_name":"Aditya","actor_username":"flyingjatt320@gmail.com","actor_via_sso":false,"log_type":"token"}	2025-09-18 05:35:51.208067+00	
00000000-0000-0000-0000-000000000000	e5a852fd-73de-48c5-b9fc-26cf24a27755	{"action":"login","actor_id":"7e5347b3-44a9-41c2-a92a-f7f37d517314","actor_name":"Aditya","actor_username":"flyingjatt320@gmail.com","actor_via_sso":false,"log_type":"account","traits":{"provider":"email"}}	2025-09-18 05:36:12.525965+00	
00000000-0000-0000-0000-000000000000	0e1e3aac-ac07-4347-90e5-d845ffd6b9b5	{"action":"user_confirmation_requested","actor_id":"45dd8b9e-6b06-45fd-8375-5d32c7ba4dc9","actor_name":"atul","actor_username":"atulorigin27@gmail.com","actor_via_sso":false,"log_type":"user","traits":{"provider":"email"}}	2025-09-18 06:29:58.037241+00	
00000000-0000-0000-0000-000000000000	f2faebdc-d0cf-4f97-8b59-9c5d86607af8	{"action":"user_confirmation_requested","actor_id":"c858ad1d-2682-423d-a6d5-62522a47d43d","actor_name":"Atul","actor_username":"atulorigin2006@gmail.com","actor_via_sso":false,"log_type":"user","traits":{"provider":"email"}}	2025-09-18 06:30:47.986375+00	
00000000-0000-0000-0000-000000000000	90f309d5-f6ed-4c0f-8bc4-58d5fba1998c	{"action":"user_signedup","actor_id":"c858ad1d-2682-423d-a6d5-62522a47d43d","actor_name":"Atul","actor_username":"atulorigin2006@gmail.com","actor_via_sso":false,"log_type":"team","traits":{"provider":"email"}}	2025-09-18 06:31:27.598297+00	
00000000-0000-0000-0000-000000000000	7a7068f1-4171-4e5a-bbe7-c8e649083b0e	{"action":"login","actor_id":"c858ad1d-2682-423d-a6d5-62522a47d43d","actor_name":"Atul","actor_username":"atulorigin2006@gmail.com","actor_via_sso":false,"log_type":"account","traits":{"provider":"email"}}	2025-09-18 06:31:45.504652+00	
00000000-0000-0000-0000-000000000000	b43442e7-1cca-4e48-9186-9d00127558f8	{"action":"login","actor_id":"7e5347b3-44a9-41c2-a92a-f7f37d517314","actor_name":"Aditya","actor_username":"flyingjatt320@gmail.com","actor_via_sso":false,"log_type":"account","traits":{"provider":"email"}}	2025-09-18 06:33:15.734623+00	
00000000-0000-0000-0000-000000000000	03351c2d-9497-409d-8710-2fab3ca1fb32	{"action":"token_refreshed","actor_id":"c858ad1d-2682-423d-a6d5-62522a47d43d","actor_name":"Atul","actor_username":"atulorigin2006@gmail.com","actor_via_sso":false,"log_type":"token"}	2025-09-18 08:57:11.049315+00	
00000000-0000-0000-0000-000000000000	07218889-56c2-446a-b701-8c1d2a1956a6	{"action":"token_revoked","actor_id":"c858ad1d-2682-423d-a6d5-62522a47d43d","actor_name":"Atul","actor_username":"atulorigin2006@gmail.com","actor_via_sso":false,"log_type":"token"}	2025-09-18 08:57:11.066474+00	
00000000-0000-0000-0000-000000000000	86ef3dd8-2c34-4416-bb5a-80872df2b321	{"action":"token_refreshed","actor_id":"7e5347b3-44a9-41c2-a92a-f7f37d517314","actor_name":"Aditya","actor_username":"flyingjatt320@gmail.com","actor_via_sso":false,"log_type":"token"}	2025-09-18 09:38:23.524196+00	
00000000-0000-0000-0000-000000000000	6a2edacd-d624-41d4-829b-afbb4b4f2975	{"action":"token_revoked","actor_id":"7e5347b3-44a9-41c2-a92a-f7f37d517314","actor_name":"Aditya","actor_username":"flyingjatt320@gmail.com","actor_via_sso":false,"log_type":"token"}	2025-09-18 09:38:23.542192+00	
00000000-0000-0000-0000-000000000000	1c5d2bce-6f68-4e74-9012-fc5418b24801	{"action":"login","actor_id":"7e5347b3-44a9-41c2-a92a-f7f37d517314","actor_name":"Aditya","actor_username":"flyingjatt320@gmail.com","actor_via_sso":false,"log_type":"account","traits":{"provider":"email"}}	2025-09-18 09:38:45.665577+00	
00000000-0000-0000-0000-000000000000	c7a5e0bf-7c1f-41bd-8e36-b19024583091	{"action":"token_refreshed","actor_id":"7e5347b3-44a9-41c2-a92a-f7f37d517314","actor_name":"Aditya","actor_username":"flyingjatt320@gmail.com","actor_via_sso":false,"log_type":"token"}	2025-09-18 12:39:50.91217+00	
00000000-0000-0000-0000-000000000000	77a1ccc1-e9a6-491a-8e44-65faa2354019	{"action":"token_revoked","actor_id":"7e5347b3-44a9-41c2-a92a-f7f37d517314","actor_name":"Aditya","actor_username":"flyingjatt320@gmail.com","actor_via_sso":false,"log_type":"token"}	2025-09-18 12:39:50.92661+00	
00000000-0000-0000-0000-000000000000	83f59120-a673-472b-bac9-571afc28c716	{"action":"login","actor_id":"7e5347b3-44a9-41c2-a92a-f7f37d517314","actor_name":"Aditya","actor_username":"flyingjatt320@gmail.com","actor_via_sso":false,"log_type":"account","traits":{"provider":"email"}}	2025-09-18 12:41:56.214915+00	
00000000-0000-0000-0000-000000000000	4951915f-7b24-4bd6-949c-0735c278621b	{"action":"login","actor_id":"7e5347b3-44a9-41c2-a92a-f7f37d517314","actor_name":"Aditya","actor_username":"flyingjatt320@gmail.com","actor_via_sso":false,"log_type":"account","traits":{"provider":"email"}}	2025-09-18 12:41:58.661481+00	
00000000-0000-0000-0000-000000000000	60aa2ab5-3c1f-45ab-b662-816513f0c9e4	{"action":"login","actor_id":"7e5347b3-44a9-41c2-a92a-f7f37d517314","actor_name":"Aditya","actor_username":"flyingjatt320@gmail.com","actor_via_sso":false,"log_type":"account","traits":{"provider":"email"}}	2025-09-18 12:43:33.929381+00	
00000000-0000-0000-0000-000000000000	e067e16f-b91e-450f-981b-9eaebef88f38	{"action":"login","actor_id":"7e5347b3-44a9-41c2-a92a-f7f37d517314","actor_name":"Aditya","actor_username":"flyingjatt320@gmail.com","actor_via_sso":false,"log_type":"account","traits":{"provider":"email"}}	2025-09-18 12:43:36.872856+00	
00000000-0000-0000-0000-000000000000	f3decc7d-0500-494e-958c-49ff102fb8f9	{"action":"login","actor_id":"7e5347b3-44a9-41c2-a92a-f7f37d517314","actor_name":"Aditya","actor_username":"flyingjatt320@gmail.com","actor_via_sso":false,"log_type":"account","traits":{"provider":"email"}}	2025-09-18 12:43:36.97023+00	
00000000-0000-0000-0000-000000000000	b4546f0e-860a-4151-b591-2a3a8fffb1bd	{"action":"token_refreshed","actor_id":"7e5347b3-44a9-41c2-a92a-f7f37d517314","actor_name":"Aditya","actor_username":"flyingjatt320@gmail.com","actor_via_sso":false,"log_type":"token"}	2025-09-18 15:45:43.139135+00	
00000000-0000-0000-0000-000000000000	f440214c-9f38-49db-b7aa-f7953fc60c92	{"action":"token_revoked","actor_id":"7e5347b3-44a9-41c2-a92a-f7f37d517314","actor_name":"Aditya","actor_username":"flyingjatt320@gmail.com","actor_via_sso":false,"log_type":"token"}	2025-09-18 15:45:43.154805+00	
00000000-0000-0000-0000-000000000000	9912b91a-04f5-4298-8fd3-5ef54dacb723	{"action":"login","actor_id":"7e5347b3-44a9-41c2-a92a-f7f37d517314","actor_name":"Aditya","actor_username":"flyingjatt320@gmail.com","actor_via_sso":false,"log_type":"account","traits":{"provider":"email"}}	2025-09-18 15:48:04.268609+00	
00000000-0000-0000-0000-000000000000	4e2e34e0-b8d1-47ed-985d-0209fd7fe441	{"action":"login","actor_id":"7e5347b3-44a9-41c2-a92a-f7f37d517314","actor_name":"Aditya","actor_username":"flyingjatt320@gmail.com","actor_via_sso":false,"log_type":"account","traits":{"provider":"email"}}	2025-09-18 15:53:26.423893+00	
00000000-0000-0000-0000-000000000000	c10044e1-0923-471d-a88a-712938eedf10	{"action":"login","actor_id":"7e5347b3-44a9-41c2-a92a-f7f37d517314","actor_name":"Aditya","actor_username":"flyingjatt320@gmail.com","actor_via_sso":false,"log_type":"account","traits":{"provider":"email"}}	2025-09-18 16:00:36.815806+00	
00000000-0000-0000-0000-000000000000	3cfa0896-91f4-4cf2-b01b-ca621ca9ff2f	{"action":"login","actor_id":"7e5347b3-44a9-41c2-a92a-f7f37d517314","actor_name":"Aditya","actor_username":"flyingjatt320@gmail.com","actor_via_sso":false,"log_type":"account","traits":{"provider":"email"}}	2025-09-18 16:53:03.925873+00	
00000000-0000-0000-0000-000000000000	c7dea8de-aee5-478a-bf16-592de0b5eea4	{"action":"login","actor_id":"7e5347b3-44a9-41c2-a92a-f7f37d517314","actor_name":"Aditya","actor_username":"flyingjatt320@gmail.com","actor_via_sso":false,"log_type":"account","traits":{"provider":"email"}}	2025-09-18 17:01:32.09946+00	
00000000-0000-0000-0000-000000000000	7d258432-895c-4ece-925a-68badfdedc91	{"action":"login","actor_id":"7e5347b3-44a9-41c2-a92a-f7f37d517314","actor_name":"Aditya","actor_username":"flyingjatt320@gmail.com","actor_via_sso":false,"log_type":"account","traits":{"provider":"email"}}	2025-09-18 17:19:25.137248+00	
00000000-0000-0000-0000-000000000000	08138333-7d21-486c-8e8a-b60f67b7ca6d	{"action":"login","actor_id":"7e5347b3-44a9-41c2-a92a-f7f37d517314","actor_name":"Aditya","actor_username":"flyingjatt320@gmail.com","actor_via_sso":false,"log_type":"account","traits":{"provider":"email"}}	2025-09-18 17:25:35.284084+00	
00000000-0000-0000-0000-000000000000	bf27b23b-0b8f-4333-a745-065fb938e9ad	{"action":"login","actor_id":"7e5347b3-44a9-41c2-a92a-f7f37d517314","actor_name":"Aditya","actor_username":"flyingjatt320@gmail.com","actor_via_sso":false,"log_type":"account","traits":{"provider":"email"}}	2025-09-18 17:33:24.949981+00	
00000000-0000-0000-0000-000000000000	eb352a31-83db-4a63-a2bc-1495c5e56cd9	{"action":"login","actor_id":"7e5347b3-44a9-41c2-a92a-f7f37d517314","actor_name":"Aditya","actor_username":"flyingjatt320@gmail.com","actor_via_sso":false,"log_type":"account","traits":{"provider":"email"}}	2025-09-18 17:49:56.722878+00	
00000000-0000-0000-0000-000000000000	1d1d61d4-bae6-4393-a044-2af04ed699e9	{"action":"login","actor_id":"7e5347b3-44a9-41c2-a92a-f7f37d517314","actor_name":"Aditya","actor_username":"flyingjatt320@gmail.com","actor_via_sso":false,"log_type":"account","traits":{"provider":"email"}}	2025-09-18 17:50:27.061891+00	
00000000-0000-0000-0000-000000000000	1f932b79-253d-43fa-adaf-45e64cd4e0f9	{"action":"login","actor_id":"7e5347b3-44a9-41c2-a92a-f7f37d517314","actor_name":"Aditya","actor_username":"flyingjatt320@gmail.com","actor_via_sso":false,"log_type":"account","traits":{"provider":"email"}}	2025-09-18 17:52:08.640912+00	
00000000-0000-0000-0000-000000000000	99f9b173-d922-494e-a009-893029d94c48	{"action":"login","actor_id":"7e5347b3-44a9-41c2-a92a-f7f37d517314","actor_name":"Aditya","actor_username":"flyingjatt320@gmail.com","actor_via_sso":false,"log_type":"account","traits":{"provider":"email"}}	2025-09-18 17:54:08.530152+00	
00000000-0000-0000-0000-000000000000	ad026263-ae9e-4429-a331-c95e8558d8d7	{"action":"login","actor_id":"d4d02cc5-a86c-490a-b4c9-d84d08bb6379","actor_name":"Aditya","actor_username":"mui237756@gmail.com","actor_via_sso":false,"log_type":"account","traits":{"provider":"email"}}	2025-09-18 17:58:29.173818+00	
00000000-0000-0000-0000-000000000000	7cd4b774-2554-47f7-914b-4ad8e66751e5	{"action":"login","actor_id":"7e5347b3-44a9-41c2-a92a-f7f37d517314","actor_name":"Aditya","actor_username":"flyingjatt320@gmail.com","actor_via_sso":false,"log_type":"account","traits":{"provider":"email"}}	2025-09-18 18:46:41.584267+00	
00000000-0000-0000-0000-000000000000	9c4e25be-4dfd-4a00-ab7d-b298bb53f5ac	{"action":"token_refreshed","actor_id":"c858ad1d-2682-423d-a6d5-62522a47d43d","actor_name":"Atul","actor_username":"atulorigin2006@gmail.com","actor_via_sso":false,"log_type":"token"}	2025-09-19 02:29:28.725145+00	
00000000-0000-0000-0000-000000000000	bc35f1ca-d449-4e52-aa91-618f30ed9ebe	{"action":"token_revoked","actor_id":"c858ad1d-2682-423d-a6d5-62522a47d43d","actor_name":"Atul","actor_username":"atulorigin2006@gmail.com","actor_via_sso":false,"log_type":"token"}	2025-09-19 02:29:28.751407+00	
00000000-0000-0000-0000-000000000000	c8157ad0-8d16-4b73-9d7b-d226366688d7	{"action":"login","actor_id":"c858ad1d-2682-423d-a6d5-62522a47d43d","actor_name":"Atul","actor_username":"atulorigin2006@gmail.com","actor_via_sso":false,"log_type":"account","traits":{"provider":"email"}}	2025-09-19 02:29:45.286171+00	
00000000-0000-0000-0000-000000000000	c1c78651-d14a-415f-b481-43ee2eec73b2	{"action":"token_refreshed","actor_id":"7e5347b3-44a9-41c2-a92a-f7f37d517314","actor_name":"Aditya","actor_username":"flyingjatt320@gmail.com","actor_via_sso":false,"log_type":"token"}	2025-09-19 02:36:51.084298+00	
00000000-0000-0000-0000-000000000000	6d9a37f3-ec79-4ab1-a7fb-d55de68ce08d	{"action":"token_revoked","actor_id":"7e5347b3-44a9-41c2-a92a-f7f37d517314","actor_name":"Aditya","actor_username":"flyingjatt320@gmail.com","actor_via_sso":false,"log_type":"token"}	2025-09-19 02:36:51.094883+00	
00000000-0000-0000-0000-000000000000	db0e245f-c584-4d6e-998d-3adb2beabb04	{"action":"login","actor_id":"7e5347b3-44a9-41c2-a92a-f7f37d517314","actor_name":"Aditya","actor_username":"flyingjatt320@gmail.com","actor_via_sso":false,"log_type":"account","traits":{"provider":"email"}}	2025-09-19 02:37:08.617536+00	
00000000-0000-0000-0000-000000000000	233e8f3f-b869-4be5-812d-6666ae0435e6	{"action":"login","actor_id":"7e5347b3-44a9-41c2-a92a-f7f37d517314","actor_name":"Aditya","actor_username":"flyingjatt320@gmail.com","actor_via_sso":false,"log_type":"account","traits":{"provider":"email"}}	2025-09-19 02:37:08.634563+00	
00000000-0000-0000-0000-000000000000	2f04147e-7a16-4c9c-aa05-69b962a0d756	{"action":"login","actor_id":"7e5347b3-44a9-41c2-a92a-f7f37d517314","actor_name":"Aditya","actor_username":"flyingjatt320@gmail.com","actor_via_sso":false,"log_type":"account","traits":{"provider":"email"}}	2025-09-19 02:37:53.720114+00	
00000000-0000-0000-0000-000000000000	42f3791d-ebc1-43ba-acc8-684bb9f7d216	{"action":"login","actor_id":"7e5347b3-44a9-41c2-a92a-f7f37d517314","actor_name":"Aditya","actor_username":"flyingjatt320@gmail.com","actor_via_sso":false,"log_type":"account","traits":{"provider":"email"}}	2025-09-19 03:07:57.752699+00	
00000000-0000-0000-0000-000000000000	cb6a8792-68cd-4d45-9f5c-f4a38bc2a66a	{"action":"login","actor_id":"7e5347b3-44a9-41c2-a92a-f7f37d517314","actor_name":"Aditya","actor_username":"flyingjatt320@gmail.com","actor_via_sso":false,"log_type":"account","traits":{"provider":"email"}}	2025-09-19 03:07:57.753416+00	
00000000-0000-0000-0000-000000000000	dfdd5b92-af59-403c-81d7-c522e82ad621	{"action":"login","actor_id":"7e5347b3-44a9-41c2-a92a-f7f37d517314","actor_name":"Aditya","actor_username":"flyingjatt320@gmail.com","actor_via_sso":false,"log_type":"account","traits":{"provider":"email"}}	2025-09-19 03:09:01.890903+00	
00000000-0000-0000-0000-000000000000	ea970505-5e3c-46f3-bf08-7cd53740ac7c	{"action":"login","actor_id":"7e5347b3-44a9-41c2-a92a-f7f37d517314","actor_name":"Aditya","actor_username":"flyingjatt320@gmail.com","actor_via_sso":false,"log_type":"account","traits":{"provider":"email"}}	2025-09-19 03:34:23.689951+00	
00000000-0000-0000-0000-000000000000	d88d1930-5963-4f04-a49e-834a843c0e39	{"action":"login","actor_id":"7e5347b3-44a9-41c2-a92a-f7f37d517314","actor_name":"Aditya","actor_username":"flyingjatt320@gmail.com","actor_via_sso":false,"log_type":"account","traits":{"provider":"email"}}	2025-09-19 03:34:48.440667+00	
00000000-0000-0000-0000-000000000000	86b25337-37ba-456d-9ba3-01647c18d428	{"action":"login","actor_id":"7e5347b3-44a9-41c2-a92a-f7f37d517314","actor_name":"Aditya","actor_username":"flyingjatt320@gmail.com","actor_via_sso":false,"log_type":"account","traits":{"provider":"email"}}	2025-09-19 03:34:48.5678+00	
00000000-0000-0000-0000-000000000000	8acba4da-83ea-4fb2-b723-a055aae5f106	{"action":"token_refreshed","actor_id":"7e5347b3-44a9-41c2-a92a-f7f37d517314","actor_name":"Aditya","actor_username":"flyingjatt320@gmail.com","actor_via_sso":false,"log_type":"token"}	2025-09-19 04:41:55.547479+00	
00000000-0000-0000-0000-000000000000	2f026bc7-0d97-41e4-9941-1638aefdbc80	{"action":"token_revoked","actor_id":"7e5347b3-44a9-41c2-a92a-f7f37d517314","actor_name":"Aditya","actor_username":"flyingjatt320@gmail.com","actor_via_sso":false,"log_type":"token"}	2025-09-19 04:41:55.567149+00	
00000000-0000-0000-0000-000000000000	7f3aede0-f1dd-4f0b-b7ce-2553b0c6cfa2	{"action":"logout","actor_id":"7e5347b3-44a9-41c2-a92a-f7f37d517314","actor_name":"Aditya","actor_username":"flyingjatt320@gmail.com","actor_via_sso":false,"log_type":"account"}	2025-09-19 04:46:05.53362+00	
00000000-0000-0000-0000-000000000000	5858f116-6c0f-47b3-a8d5-26ebe2165f3b	{"action":"login","actor_id":"7e5347b3-44a9-41c2-a92a-f7f37d517314","actor_name":"Aditya","actor_username":"flyingjatt320@gmail.com","actor_via_sso":false,"log_type":"account","traits":{"provider":"email"}}	2025-09-19 05:38:10.292555+00	
00000000-0000-0000-0000-000000000000	b3f32a82-5f6d-4175-82ed-d3b9840ad961	{"action":"token_refreshed","actor_id":"7e5347b3-44a9-41c2-a92a-f7f37d517314","actor_name":"Aditya","actor_username":"flyingjatt320@gmail.com","actor_via_sso":false,"log_type":"token"}	2025-09-19 06:44:01.494062+00	
00000000-0000-0000-0000-000000000000	8ed31dfc-409f-4f3b-a409-5412fff349b6	{"action":"token_revoked","actor_id":"7e5347b3-44a9-41c2-a92a-f7f37d517314","actor_name":"Aditya","actor_username":"flyingjatt320@gmail.com","actor_via_sso":false,"log_type":"token"}	2025-09-19 06:44:01.509754+00	
00000000-0000-0000-0000-000000000000	4c619de2-c047-4833-bb0c-f468d35724f5	{"action":"token_refreshed","actor_id":"c858ad1d-2682-423d-a6d5-62522a47d43d","actor_name":"Atul","actor_username":"atulorigin2006@gmail.com","actor_via_sso":false,"log_type":"token"}	2025-09-19 08:05:29.441308+00	
00000000-0000-0000-0000-000000000000	55eef649-e95d-4035-9907-5d1faaebae82	{"action":"token_revoked","actor_id":"c858ad1d-2682-423d-a6d5-62522a47d43d","actor_name":"Atul","actor_username":"atulorigin2006@gmail.com","actor_via_sso":false,"log_type":"token"}	2025-09-19 08:05:29.46837+00	
00000000-0000-0000-0000-000000000000	bc16d0e0-0925-45c7-a7d7-8e95cebdcdfd	{"action":"login","actor_id":"7e5347b3-44a9-41c2-a92a-f7f37d517314","actor_name":"Aditya","actor_username":"flyingjatt320@gmail.com","actor_via_sso":false,"log_type":"account","traits":{"provider":"email"}}	2025-09-19 08:05:46.744076+00	
00000000-0000-0000-0000-000000000000	192f1ff0-72a7-4133-829b-fbfb21701f05	{"action":"login","actor_id":"c858ad1d-2682-423d-a6d5-62522a47d43d","actor_name":"Atul","actor_username":"atulorigin2006@gmail.com","actor_via_sso":false,"log_type":"account","traits":{"provider":"email"}}	2025-09-19 08:05:49.308773+00	
00000000-0000-0000-0000-000000000000	f7620bc8-a034-4e03-bbc4-9dcc4dd9cbb5	{"action":"login","actor_id":"c858ad1d-2682-423d-a6d5-62522a47d43d","actor_name":"Atul","actor_username":"atulorigin2006@gmail.com","actor_via_sso":false,"log_type":"account","traits":{"provider":"email"}}	2025-09-19 08:08:20.097789+00	
00000000-0000-0000-0000-000000000000	f021dd2e-e2a2-49ce-828c-731f98362ed8	{"action":"login","actor_id":"c858ad1d-2682-423d-a6d5-62522a47d43d","actor_name":"Atul","actor_username":"atulorigin2006@gmail.com","actor_via_sso":false,"log_type":"account","traits":{"provider":"email"}}	2025-09-19 08:08:54.875295+00	
00000000-0000-0000-0000-000000000000	1fe9b916-99a5-4851-936e-64ba624b8ebe	{"action":"login","actor_id":"c858ad1d-2682-423d-a6d5-62522a47d43d","actor_name":"Atul","actor_username":"atulorigin2006@gmail.com","actor_via_sso":false,"log_type":"account","traits":{"provider":"email"}}	2025-09-19 08:09:05.762144+00	
00000000-0000-0000-0000-000000000000	2721acc4-5aa2-434f-8c3b-fcc166a86469	{"action":"logout","actor_id":"c858ad1d-2682-423d-a6d5-62522a47d43d","actor_name":"Atul","actor_username":"atulorigin2006@gmail.com","actor_via_sso":false,"log_type":"account"}	2025-09-19 08:09:24.218233+00	
00000000-0000-0000-0000-000000000000	35e2736e-f2c6-44db-a733-9d48f80aa01a	{"action":"login","actor_id":"7e5347b3-44a9-41c2-a92a-f7f37d517314","actor_name":"Aditya","actor_username":"flyingjatt320@gmail.com","actor_via_sso":false,"log_type":"account","traits":{"provider":"email"}}	2025-09-19 08:10:58.31826+00	
00000000-0000-0000-0000-000000000000	dc60cbd4-fe11-41e3-9782-535d185ba266	{"action":"user_confirmation_requested","actor_id":"869c64da-7ec1-4127-ae3d-958500811d27","actor_name":"Vyom","actor_username":"goelvyom1504@gmail.com","actor_via_sso":false,"log_type":"user","traits":{"provider":"email"}}	2025-09-19 10:28:58.036306+00	
00000000-0000-0000-0000-000000000000	7d4fff1e-790f-4306-b4c0-4b17d92e6de9	{"action":"token_refreshed","actor_id":"7e5347b3-44a9-41c2-a92a-f7f37d517314","actor_name":"Aditya","actor_username":"flyingjatt320@gmail.com","actor_via_sso":false,"log_type":"token"}	2025-09-19 11:37:38.184371+00	
00000000-0000-0000-0000-000000000000	bac42320-d9a7-4274-8a78-9283881bd29f	{"action":"token_revoked","actor_id":"7e5347b3-44a9-41c2-a92a-f7f37d517314","actor_name":"Aditya","actor_username":"flyingjatt320@gmail.com","actor_via_sso":false,"log_type":"token"}	2025-09-19 11:37:38.213668+00	
00000000-0000-0000-0000-000000000000	e6356b4e-5edd-417c-897e-658d72aa679d	{"action":"token_refreshed","actor_id":"7e5347b3-44a9-41c2-a92a-f7f37d517314","actor_name":"Aditya","actor_username":"flyingjatt320@gmail.com","actor_via_sso":false,"log_type":"token"}	2025-09-19 12:24:14.302353+00	
00000000-0000-0000-0000-000000000000	5d44e4cc-aaea-4a0d-9cd9-27899e9935f3	{"action":"token_revoked","actor_id":"7e5347b3-44a9-41c2-a92a-f7f37d517314","actor_name":"Aditya","actor_username":"flyingjatt320@gmail.com","actor_via_sso":false,"log_type":"token"}	2025-09-19 12:24:14.317383+00	
00000000-0000-0000-0000-000000000000	5736532e-0adf-4192-b710-b5a20dc0e181	{"action":"logout","actor_id":"7e5347b3-44a9-41c2-a92a-f7f37d517314","actor_name":"Aditya","actor_username":"flyingjatt320@gmail.com","actor_via_sso":false,"log_type":"account"}	2025-09-19 12:24:35.302554+00	
00000000-0000-0000-0000-000000000000	4f12d919-212b-4534-9f17-5ddcc1efbbe9	{"action":"login","actor_id":"c858ad1d-2682-423d-a6d5-62522a47d43d","actor_name":"Atul","actor_username":"atulorigin2006@gmail.com","actor_via_sso":false,"log_type":"account","traits":{"provider":"email"}}	2025-09-19 12:24:44.41604+00	
00000000-0000-0000-0000-000000000000	2d29e3f2-0c24-4d67-84c8-f3ae808fa2c5	{"action":"token_refreshed","actor_id":"7e5347b3-44a9-41c2-a92a-f7f37d517314","actor_name":"Aditya","actor_username":"flyingjatt320@gmail.com","actor_via_sso":false,"log_type":"token"}	2025-09-19 12:37:05.472736+00	
00000000-0000-0000-0000-000000000000	9ca742b4-13f7-4a02-914e-8a36735f8f00	{"action":"token_revoked","actor_id":"7e5347b3-44a9-41c2-a92a-f7f37d517314","actor_name":"Aditya","actor_username":"flyingjatt320@gmail.com","actor_via_sso":false,"log_type":"token"}	2025-09-19 12:37:05.47785+00	
00000000-0000-0000-0000-000000000000	ecd38486-c5d1-4c80-bda4-acded47b29bf	{"action":"token_refreshed","actor_id":"7e5347b3-44a9-41c2-a92a-f7f37d517314","actor_name":"Aditya","actor_username":"flyingjatt320@gmail.com","actor_via_sso":false,"log_type":"token"}	2025-09-19 13:37:31.581526+00	
00000000-0000-0000-0000-000000000000	1d862d48-fd9d-44c7-96cc-66393e22c7c1	{"action":"token_revoked","actor_id":"7e5347b3-44a9-41c2-a92a-f7f37d517314","actor_name":"Aditya","actor_username":"flyingjatt320@gmail.com","actor_via_sso":false,"log_type":"token"}	2025-09-19 13:37:31.599421+00	
00000000-0000-0000-0000-000000000000	05e26018-835c-464f-98d7-980d7183c4e3	{"action":"token_refreshed","actor_id":"7e5347b3-44a9-41c2-a92a-f7f37d517314","actor_name":"Aditya","actor_username":"flyingjatt320@gmail.com","actor_via_sso":false,"log_type":"token"}	2025-09-19 14:42:35.576204+00	
00000000-0000-0000-0000-000000000000	036b317c-afa5-4f7f-ac2a-09db317577ef	{"action":"token_revoked","actor_id":"7e5347b3-44a9-41c2-a92a-f7f37d517314","actor_name":"Aditya","actor_username":"flyingjatt320@gmail.com","actor_via_sso":false,"log_type":"token"}	2025-09-19 14:42:35.603154+00	
00000000-0000-0000-0000-000000000000	7694ffb1-c127-4d8a-ba9f-afc7f02a8da1	{"action":"logout","actor_id":"7e5347b3-44a9-41c2-a92a-f7f37d517314","actor_name":"Aditya","actor_username":"flyingjatt320@gmail.com","actor_via_sso":false,"log_type":"account"}	2025-09-19 14:42:38.021309+00	
00000000-0000-0000-0000-000000000000	45d3abb0-5344-498b-bc4d-373874239df0	{"action":"login","actor_id":"d4d02cc5-a86c-490a-b4c9-d84d08bb6379","actor_name":"Aditya","actor_username":"mui237756@gmail.com","actor_via_sso":false,"log_type":"account","traits":{"provider":"email"}}	2025-09-19 14:42:48.971739+00	
00000000-0000-0000-0000-000000000000	629e08a5-a25e-4f3f-8297-8f1553456d6f	{"action":"token_refreshed","actor_id":"d4d02cc5-a86c-490a-b4c9-d84d08bb6379","actor_name":"Aditya","actor_username":"mui237756@gmail.com","actor_via_sso":false,"log_type":"token"}	2025-09-19 17:53:20.400246+00	
00000000-0000-0000-0000-000000000000	29d0a397-4449-4255-8a48-9c34aacbf1ae	{"action":"token_revoked","actor_id":"d4d02cc5-a86c-490a-b4c9-d84d08bb6379","actor_name":"Aditya","actor_username":"mui237756@gmail.com","actor_via_sso":false,"log_type":"token"}	2025-09-19 17:53:20.419065+00	
00000000-0000-0000-0000-000000000000	9ad38766-307d-4d82-9159-a4edd8da9945	{"action":"logout","actor_id":"d4d02cc5-a86c-490a-b4c9-d84d08bb6379","actor_name":"Aditya","actor_username":"mui237756@gmail.com","actor_via_sso":false,"log_type":"account"}	2025-09-19 18:45:31.994505+00	
00000000-0000-0000-0000-000000000000	6cdd4824-bcf0-4dcb-9b14-bf162dac014a	{"action":"user_confirmation_requested","actor_id":"6ec4fde4-a9aa-4eac-afea-7caa0006a289","actor_name":"Lord Dhiman","actor_username":"aditya2356yr@gmail.com","actor_via_sso":false,"log_type":"user","traits":{"provider":"email"}}	2025-09-19 18:46:13.197389+00	
00000000-0000-0000-0000-000000000000	ddeb2efa-11a3-4c3d-91f2-2cd2fddf6268	{"action":"user_signedup","actor_id":"6ec4fde4-a9aa-4eac-afea-7caa0006a289","actor_name":"Lord Dhiman","actor_username":"aditya2356yr@gmail.com","actor_via_sso":false,"log_type":"team","traits":{"provider":"email"}}	2025-09-19 18:46:44.2531+00	
00000000-0000-0000-0000-000000000000	07c7ae48-7643-48af-b500-1d1e28ea288d	{"action":"login","actor_id":"6ec4fde4-a9aa-4eac-afea-7caa0006a289","actor_name":"Lord Dhiman","actor_username":"aditya2356yr@gmail.com","actor_via_sso":false,"log_type":"account","traits":{"provider":"email"}}	2025-09-19 18:47:33.5313+00	
00000000-0000-0000-0000-000000000000	44ef22d8-9560-4a7a-abe8-e4b9e80b4f9f	{"action":"token_refreshed","actor_id":"6ec4fde4-a9aa-4eac-afea-7caa0006a289","actor_name":"Lord Dhiman","actor_username":"aditya2356yr@gmail.com","actor_via_sso":false,"log_type":"token"}	2025-09-20 02:47:31.327382+00	
00000000-0000-0000-0000-000000000000	7a38c2ba-25e2-48b4-af24-fc897ff7ad36	{"action":"token_revoked","actor_id":"6ec4fde4-a9aa-4eac-afea-7caa0006a289","actor_name":"Lord Dhiman","actor_username":"aditya2356yr@gmail.com","actor_via_sso":false,"log_type":"token"}	2025-09-20 02:47:31.352313+00	
00000000-0000-0000-0000-000000000000	4aa1ba56-b67b-4af2-bfe3-1d37b59b28ce	{"action":"token_refreshed","actor_id":"6ec4fde4-a9aa-4eac-afea-7caa0006a289","actor_name":"Lord Dhiman","actor_username":"aditya2356yr@gmail.com","actor_via_sso":false,"log_type":"token"}	2025-09-20 03:46:58.495658+00	
00000000-0000-0000-0000-000000000000	e3809a1e-c356-442e-94e7-cf7b804310c7	{"action":"token_revoked","actor_id":"6ec4fde4-a9aa-4eac-afea-7caa0006a289","actor_name":"Lord Dhiman","actor_username":"aditya2356yr@gmail.com","actor_via_sso":false,"log_type":"token"}	2025-09-20 03:46:58.508051+00	
00000000-0000-0000-0000-000000000000	13f0b654-4c5e-41c1-a2e0-e3d930ba5845	{"action":"user_confirmation_requested","actor_id":"e1d12a21-45bd-4c81-b18f-c2b1c90c88f4","actor_name":"Gauri","actor_username":"gupta.2808gauri@gmail.com","actor_via_sso":false,"log_type":"user","traits":{"provider":"email"}}	2025-09-20 04:17:45.583758+00	
00000000-0000-0000-0000-000000000000	b4540495-edd1-4850-8748-2286c5a906a9	{"action":"user_confirmation_requested","actor_id":"2edfc1e4-02f9-4e84-8c02-56017ba4a41f","actor_name":"Gauri","actor_username":"gauri.gupta282007@gmail.com","actor_via_sso":false,"log_type":"user","traits":{"provider":"email"}}	2025-09-20 04:18:43.742765+00	
00000000-0000-0000-0000-000000000000	bc4cbc42-d1e8-4703-bcf2-fe8e9a961988	{"action":"user_signedup","actor_id":"2edfc1e4-02f9-4e84-8c02-56017ba4a41f","actor_name":"Gauri","actor_username":"gauri.gupta282007@gmail.com","actor_via_sso":false,"log_type":"team","traits":{"provider":"email"}}	2025-09-20 04:19:00.750715+00	
00000000-0000-0000-0000-000000000000	9b69e20a-da18-4300-b79e-efe45b226919	{"action":"login","actor_id":"2edfc1e4-02f9-4e84-8c02-56017ba4a41f","actor_name":"Gauri","actor_username":"gauri.gupta282007@gmail.com","actor_via_sso":false,"log_type":"account","traits":{"provider":"email"}}	2025-09-20 04:21:19.926025+00	
00000000-0000-0000-0000-000000000000	085b2c14-78c2-4b0f-b695-562cd5fd4ecd	{"action":"login","actor_id":"2edfc1e4-02f9-4e84-8c02-56017ba4a41f","actor_name":"Gauri","actor_username":"gauri.gupta282007@gmail.com","actor_via_sso":false,"log_type":"account","traits":{"provider":"email"}}	2025-09-20 04:23:39.956234+00	
00000000-0000-0000-0000-000000000000	e76d3e45-8a1b-4e04-af29-95508cb8580d	{"action":"user_confirmation_requested","actor_id":"cdfa1eb6-dbb2-4d96-b66e-c55fe50d8547","actor_name":"Vyom","actor_username":"goelvyom1505@gmail.com","actor_via_sso":false,"log_type":"user","traits":{"provider":"email"}}	2025-09-20 04:28:41.018603+00	
00000000-0000-0000-0000-000000000000	dd96579d-3181-46c7-b4e0-bee6f5a448e7	{"action":"user_confirmation_requested","actor_id":"da66f9b7-2df0-41ce-86e0-5f25b9230a3d","actor_name":"jitendra","actor_username":"sahnijit87@gmail.com","actor_via_sso":false,"log_type":"user","traits":{"provider":"email"}}	2025-09-20 04:29:11.391816+00	
00000000-0000-0000-0000-000000000000	0288e1fe-15f1-42b1-82cd-a9a483aaa0f2	{"action":"user_signedup","actor_id":"cdfa1eb6-dbb2-4d96-b66e-c55fe50d8547","actor_name":"Vyom","actor_username":"goelvyom1505@gmail.com","actor_via_sso":false,"log_type":"team","traits":{"provider":"email"}}	2025-09-20 04:29:27.074568+00	
00000000-0000-0000-0000-000000000000	f22a027c-f027-451b-bbe8-d2cdcd96ff00	{"action":"user_signedup","actor_id":"da66f9b7-2df0-41ce-86e0-5f25b9230a3d","actor_name":"jitendra","actor_username":"sahnijit87@gmail.com","actor_via_sso":false,"log_type":"team","traits":{"provider":"email"}}	2025-09-20 04:29:40.088286+00	
00000000-0000-0000-0000-000000000000	5fd84175-7512-450f-8c66-87eb495c0ab4	{"action":"login","actor_id":"cdfa1eb6-dbb2-4d96-b66e-c55fe50d8547","actor_name":"Vyom","actor_username":"goelvyom1505@gmail.com","actor_via_sso":false,"log_type":"account","traits":{"provider":"email"}}	2025-09-20 04:29:46.733235+00	
00000000-0000-0000-0000-000000000000	9b2b09ad-2e29-4b42-8309-a60f5257ec9d	{"action":"login","actor_id":"cdfa1eb6-dbb2-4d96-b66e-c55fe50d8547","actor_name":"Vyom","actor_username":"goelvyom1505@gmail.com","actor_via_sso":false,"log_type":"account","traits":{"provider":"email"}}	2025-09-20 04:29:47.971074+00	
00000000-0000-0000-0000-000000000000	45d9945c-33a3-4e6b-a8ba-d915e421b293	{"action":"login","actor_id":"da66f9b7-2df0-41ce-86e0-5f25b9230a3d","actor_name":"jitendra","actor_username":"sahnijit87@gmail.com","actor_via_sso":false,"log_type":"account","traits":{"provider":"email"}}	2025-09-20 04:30:48.48012+00	
00000000-0000-0000-0000-000000000000	3006c73b-3b9e-4482-989f-450167a9578d	{"action":"logout","actor_id":"6ec4fde4-a9aa-4eac-afea-7caa0006a289","actor_name":"Lord Dhiman","actor_username":"aditya2356yr@gmail.com","actor_via_sso":false,"log_type":"account"}	2025-09-20 04:37:44.239421+00	
00000000-0000-0000-0000-000000000000	9f244fa9-05ee-42ec-8e11-4cd46f0ae267	{"action":"login","actor_id":"d4d02cc5-a86c-490a-b4c9-d84d08bb6379","actor_name":"Aditya","actor_username":"mui237756@gmail.com","actor_via_sso":false,"log_type":"account","traits":{"provider":"email"}}	2025-09-20 04:37:55.613949+00	
00000000-0000-0000-0000-000000000000	9d1b5d9d-fce0-4d1f-bc36-79c1b503b33d	{"action":"login","actor_id":"da66f9b7-2df0-41ce-86e0-5f25b9230a3d","actor_name":"jitendra","actor_username":"sahnijit87@gmail.com","actor_via_sso":false,"log_type":"account","traits":{"provider":"email"}}	2025-09-20 05:03:01.527261+00	
00000000-0000-0000-0000-000000000000	045e8e92-f2ae-46ad-bcf3-c9fbb5c4d6af	{"action":"login","actor_id":"da66f9b7-2df0-41ce-86e0-5f25b9230a3d","actor_name":"jitendra","actor_username":"sahnijit87@gmail.com","actor_via_sso":false,"log_type":"account","traits":{"provider":"email"}}	2025-09-20 05:03:02.136691+00	
00000000-0000-0000-0000-000000000000	a07a3d72-c9bb-4bf0-8754-09c05c70e016	{"action":"token_refreshed","actor_id":"d4d02cc5-a86c-490a-b4c9-d84d08bb6379","actor_name":"Aditya","actor_username":"mui237756@gmail.com","actor_via_sso":false,"log_type":"token"}	2025-09-20 05:43:17.717831+00	
00000000-0000-0000-0000-000000000000	e26f1781-a17d-4c40-aa04-8051b3ef1ea2	{"action":"token_revoked","actor_id":"d4d02cc5-a86c-490a-b4c9-d84d08bb6379","actor_name":"Aditya","actor_username":"mui237756@gmail.com","actor_via_sso":false,"log_type":"token"}	2025-09-20 05:43:17.736662+00	
00000000-0000-0000-0000-000000000000	e05fd279-377e-49e6-88ca-ac647e9247a9	{"action":"token_refreshed","actor_id":"da66f9b7-2df0-41ce-86e0-5f25b9230a3d","actor_name":"jitendra","actor_username":"sahnijit87@gmail.com","actor_via_sso":false,"log_type":"token"}	2025-09-20 06:02:23.681825+00	
00000000-0000-0000-0000-000000000000	8c15f0a5-22ea-450a-9c55-524ca967680e	{"action":"token_revoked","actor_id":"da66f9b7-2df0-41ce-86e0-5f25b9230a3d","actor_name":"jitendra","actor_username":"sahnijit87@gmail.com","actor_via_sso":false,"log_type":"token"}	2025-09-20 06:02:23.69465+00	
00000000-0000-0000-0000-000000000000	a612c2c6-2980-49ef-9a6c-8ee0aa434cf1	{"action":"token_refreshed","actor_id":"c858ad1d-2682-423d-a6d5-62522a47d43d","actor_name":"Atul","actor_username":"atulorigin2006@gmail.com","actor_via_sso":false,"log_type":"token"}	2025-09-20 06:27:11.498294+00	
00000000-0000-0000-0000-000000000000	39e828b3-2759-48a5-a88e-a85661194544	{"action":"token_revoked","actor_id":"c858ad1d-2682-423d-a6d5-62522a47d43d","actor_name":"Atul","actor_username":"atulorigin2006@gmail.com","actor_via_sso":false,"log_type":"token"}	2025-09-20 06:27:11.513495+00	
00000000-0000-0000-0000-000000000000	290ec2be-2f6d-4df1-ad5e-70475e24f471	{"action":"logout","actor_id":"c858ad1d-2682-423d-a6d5-62522a47d43d","actor_name":"Atul","actor_username":"atulorigin2006@gmail.com","actor_via_sso":false,"log_type":"account"}	2025-09-20 06:29:02.598182+00	
00000000-0000-0000-0000-000000000000	d06c2be2-afac-40c2-8e22-6e885fa54859	{"action":"token_refreshed","actor_id":"d4d02cc5-a86c-490a-b4c9-d84d08bb6379","actor_name":"Aditya","actor_username":"mui237756@gmail.com","actor_via_sso":false,"log_type":"token"}	2025-09-20 07:21:08.562244+00	
00000000-0000-0000-0000-000000000000	6175924e-5606-4d76-b95f-e605a80e3252	{"action":"token_revoked","actor_id":"d4d02cc5-a86c-490a-b4c9-d84d08bb6379","actor_name":"Aditya","actor_username":"mui237756@gmail.com","actor_via_sso":false,"log_type":"token"}	2025-09-20 07:21:08.577981+00	
00000000-0000-0000-0000-000000000000	fc5c33bb-63a2-4f23-8db5-ddb82254c387	{"action":"logout","actor_id":"d4d02cc5-a86c-490a-b4c9-d84d08bb6379","actor_name":"Aditya","actor_username":"mui237756@gmail.com","actor_via_sso":false,"log_type":"account"}	2025-09-20 07:43:18.596362+00	
00000000-0000-0000-0000-000000000000	35edf235-f90b-4afc-8a2a-9c98a2b4b65f	{"action":"user_confirmation_requested","actor_id":"4b9d2fbf-08b7-4b2d-b9e2-3477a47c79d6","actor_name":"Aditya","actor_username":"adityadhiman200477@gmail.com","actor_via_sso":false,"log_type":"user","traits":{"provider":"email"}}	2025-09-20 07:44:49.054129+00	
00000000-0000-0000-0000-000000000000	2821a12b-e8e0-47cb-80a5-62434c9bc2a2	{"action":"user_signedup","actor_id":"4b9d2fbf-08b7-4b2d-b9e2-3477a47c79d6","actor_name":"Aditya","actor_username":"adityadhiman200477@gmail.com","actor_via_sso":false,"log_type":"team","traits":{"provider":"email"}}	2025-09-20 07:44:58.344371+00	
00000000-0000-0000-0000-000000000000	a8d529c6-67e7-44e8-8d17-6555f9567171	{"action":"login","actor_id":"4b9d2fbf-08b7-4b2d-b9e2-3477a47c79d6","actor_name":"Aditya","actor_username":"adityadhiman200477@gmail.com","actor_via_sso":false,"log_type":"account","traits":{"provider":"email"}}	2025-09-20 07:45:35.17795+00	
00000000-0000-0000-0000-000000000000	28bfe383-53e8-4383-8b9c-5b6a93d7e9b8	{"action":"logout","actor_id":"4b9d2fbf-08b7-4b2d-b9e2-3477a47c79d6","actor_name":"Aditya","actor_username":"adityadhiman200477@gmail.com","actor_via_sso":false,"log_type":"account"}	2025-09-20 07:50:17.052724+00	
00000000-0000-0000-0000-000000000000	ebdb3870-5a40-4a50-bacc-bd997d3587d2	{"action":"login","actor_id":"7e5347b3-44a9-41c2-a92a-f7f37d517314","actor_name":"Aditya","actor_username":"flyingjatt320@gmail.com","actor_via_sso":false,"log_type":"account","traits":{"provider":"email"}}	2025-09-20 07:50:26.282626+00	
00000000-0000-0000-0000-000000000000	67c3b5da-f928-46e3-b920-c53f4e5b8c8b	{"action":"logout","actor_id":"7e5347b3-44a9-41c2-a92a-f7f37d517314","actor_name":"Aditya","actor_username":"flyingjatt320@gmail.com","actor_via_sso":false,"log_type":"account"}	2025-09-20 07:50:32.526327+00	
00000000-0000-0000-0000-000000000000	708cfb30-14f3-455b-8177-d9481c37795c	{"action":"login","actor_id":"6ec4fde4-a9aa-4eac-afea-7caa0006a289","actor_name":"Lord Dhiman","actor_username":"aditya2356yr@gmail.com","actor_via_sso":false,"log_type":"account","traits":{"provider":"email"}}	2025-09-20 07:50:40.223803+00	
00000000-0000-0000-0000-000000000000	edee48fa-8b98-4c95-bbba-3317c212e091	{"action":"logout","actor_id":"6ec4fde4-a9aa-4eac-afea-7caa0006a289","actor_name":"Lord Dhiman","actor_username":"aditya2356yr@gmail.com","actor_via_sso":false,"log_type":"account"}	2025-09-20 07:53:57.412059+00	
00000000-0000-0000-0000-000000000000	63cc7a1e-ba05-4e4b-ab94-6e197d7f6855	{"action":"login","actor_id":"4b9d2fbf-08b7-4b2d-b9e2-3477a47c79d6","actor_name":"Aditya","actor_username":"adityadhiman200477@gmail.com","actor_via_sso":false,"log_type":"account","traits":{"provider":"email"}}	2025-09-20 07:54:06.161361+00	
00000000-0000-0000-0000-000000000000	bc8b00d1-8a80-4052-93e2-d0e0fff1f3e7	{"action":"login","actor_id":"c858ad1d-2682-423d-a6d5-62522a47d43d","actor_name":"Atul","actor_username":"atulorigin2006@gmail.com","actor_via_sso":false,"log_type":"account","traits":{"provider":"email"}}	2025-09-20 08:35:42.200616+00	
00000000-0000-0000-0000-000000000000	3432fc1c-9647-4a08-92c7-204d66cbdebc	{"action":"logout","actor_id":"4b9d2fbf-08b7-4b2d-b9e2-3477a47c79d6","actor_name":"Aditya","actor_username":"adityadhiman200477@gmail.com","actor_via_sso":false,"log_type":"account"}	2025-09-20 08:36:10.176681+00	
00000000-0000-0000-0000-000000000000	c8a52915-f8cb-4242-88d3-582f2e87ddda	{"action":"login","actor_id":"d4d02cc5-a86c-490a-b4c9-d84d08bb6379","actor_name":"Aditya","actor_username":"mui237756@gmail.com","actor_via_sso":false,"log_type":"account","traits":{"provider":"email"}}	2025-09-20 08:36:22.723812+00	
00000000-0000-0000-0000-000000000000	76657547-f459-444c-95a8-179a2d312c57	{"action":"login","actor_id":"c858ad1d-2682-423d-a6d5-62522a47d43d","actor_name":"Atul","actor_username":"atulorigin2006@gmail.com","actor_via_sso":false,"log_type":"account","traits":{"provider":"email"}}	2025-09-20 08:37:19.307754+00	
00000000-0000-0000-0000-000000000000	444fa7ab-e92f-4795-86ce-4f2a12ea260c	{"action":"logout","actor_id":"d4d02cc5-a86c-490a-b4c9-d84d08bb6379","actor_name":"Aditya","actor_username":"mui237756@gmail.com","actor_via_sso":false,"log_type":"account"}	2025-09-20 08:55:02.480602+00	
00000000-0000-0000-0000-000000000000	6a328217-52c0-4007-91c0-4cb17d1bb0e2	{"action":"login","actor_id":"4b9d2fbf-08b7-4b2d-b9e2-3477a47c79d6","actor_name":"Aditya","actor_username":"adityadhiman200477@gmail.com","actor_via_sso":false,"log_type":"account","traits":{"provider":"email"}}	2025-09-20 08:55:12.182927+00	
00000000-0000-0000-0000-000000000000	2ba1bc2e-4170-4d03-b42f-77b87241cf5a	{"action":"token_refreshed","actor_id":"4b9d2fbf-08b7-4b2d-b9e2-3477a47c79d6","actor_name":"Aditya","actor_username":"adityadhiman200477@gmail.com","actor_via_sso":false,"log_type":"token"}	2025-09-20 11:13:18.74416+00	
00000000-0000-0000-0000-000000000000	6996d071-4429-48ea-9ef6-38d90307e99c	{"action":"token_revoked","actor_id":"4b9d2fbf-08b7-4b2d-b9e2-3477a47c79d6","actor_name":"Aditya","actor_username":"adityadhiman200477@gmail.com","actor_via_sso":false,"log_type":"token"}	2025-09-20 11:13:18.76633+00	
00000000-0000-0000-0000-000000000000	0b495091-37ce-41fc-8e9e-2568d3bb7381	{"action":"token_refreshed","actor_id":"2edfc1e4-02f9-4e84-8c02-56017ba4a41f","actor_name":"Gauri","actor_username":"gauri.gupta282007@gmail.com","actor_via_sso":false,"log_type":"token"}	2025-09-20 11:25:52.001797+00	
00000000-0000-0000-0000-000000000000	cbfa053f-c8f2-4b79-97a1-fa10014211e6	{"action":"token_revoked","actor_id":"2edfc1e4-02f9-4e84-8c02-56017ba4a41f","actor_name":"Gauri","actor_username":"gauri.gupta282007@gmail.com","actor_via_sso":false,"log_type":"token"}	2025-09-20 11:25:52.008734+00	
00000000-0000-0000-0000-000000000000	86b4062a-46e8-4759-911b-526ffb09785d	{"action":"logout","actor_id":"2edfc1e4-02f9-4e84-8c02-56017ba4a41f","actor_name":"Gauri","actor_username":"gauri.gupta282007@gmail.com","actor_via_sso":false,"log_type":"account"}	2025-09-20 11:25:58.643233+00	
00000000-0000-0000-0000-000000000000	e3203c57-2d4e-42d2-b2b1-89a95e8668fe	{"action":"login","actor_id":"2edfc1e4-02f9-4e84-8c02-56017ba4a41f","actor_name":"Gauri","actor_username":"gauri.gupta282007@gmail.com","actor_via_sso":false,"log_type":"account","traits":{"provider":"email"}}	2025-09-20 11:26:09.727311+00	
00000000-0000-0000-0000-000000000000	e853fe1b-e901-44a5-a0b9-37bb01715e9e	{"action":"token_refreshed","actor_id":"4b9d2fbf-08b7-4b2d-b9e2-3477a47c79d6","actor_name":"Aditya","actor_username":"adityadhiman200477@gmail.com","actor_via_sso":false,"log_type":"token"}	2025-09-20 13:31:15.995374+00	
00000000-0000-0000-0000-000000000000	e31bcc9b-11e3-4e99-87cc-2b15ffcfb75c	{"action":"token_revoked","actor_id":"4b9d2fbf-08b7-4b2d-b9e2-3477a47c79d6","actor_name":"Aditya","actor_username":"adityadhiman200477@gmail.com","actor_via_sso":false,"log_type":"token"}	2025-09-20 13:31:16.008335+00	
00000000-0000-0000-0000-000000000000	a926d792-a216-406c-a16a-cb137d066ffb	{"action":"token_refreshed","actor_id":"4b9d2fbf-08b7-4b2d-b9e2-3477a47c79d6","actor_name":"Aditya","actor_username":"adityadhiman200477@gmail.com","actor_via_sso":false,"log_type":"token"}	2025-09-21 06:54:25.139057+00	
00000000-0000-0000-0000-000000000000	eabea713-d098-47fa-b695-e0158a06e12a	{"action":"token_revoked","actor_id":"4b9d2fbf-08b7-4b2d-b9e2-3477a47c79d6","actor_name":"Aditya","actor_username":"adityadhiman200477@gmail.com","actor_via_sso":false,"log_type":"token"}	2025-09-21 06:54:25.166461+00	
00000000-0000-0000-0000-000000000000	77f4e871-ee0d-4868-9ac7-df316af94c67	{"action":"token_refreshed","actor_id":"4b9d2fbf-08b7-4b2d-b9e2-3477a47c79d6","actor_name":"Aditya","actor_username":"adityadhiman200477@gmail.com","actor_via_sso":false,"log_type":"token"}	2025-09-21 10:07:16.474114+00	
00000000-0000-0000-0000-000000000000	045f80fa-fd23-4fc1-a845-49861f65d49f	{"action":"token_revoked","actor_id":"4b9d2fbf-08b7-4b2d-b9e2-3477a47c79d6","actor_name":"Aditya","actor_username":"adityadhiman200477@gmail.com","actor_via_sso":false,"log_type":"token"}	2025-09-21 10:07:16.496769+00	
00000000-0000-0000-0000-000000000000	ffafa6fd-a59b-4713-97d2-d8053b86b76e	{"action":"token_refreshed","actor_id":"4b9d2fbf-08b7-4b2d-b9e2-3477a47c79d6","actor_name":"Aditya","actor_username":"adityadhiman200477@gmail.com","actor_via_sso":false,"log_type":"token"}	2025-09-22 07:50:39.186742+00	
00000000-0000-0000-0000-000000000000	06438ede-3bce-41c8-82fb-50737e0033ef	{"action":"token_revoked","actor_id":"4b9d2fbf-08b7-4b2d-b9e2-3477a47c79d6","actor_name":"Aditya","actor_username":"adityadhiman200477@gmail.com","actor_via_sso":false,"log_type":"token"}	2025-09-22 07:50:39.208077+00	
00000000-0000-0000-0000-000000000000	10b32b59-792c-4028-a32d-99dbbd6fbbf6	{"action":"logout","actor_id":"4b9d2fbf-08b7-4b2d-b9e2-3477a47c79d6","actor_name":"Aditya","actor_username":"adityadhiman200477@gmail.com","actor_via_sso":false,"log_type":"account"}	2025-09-22 07:53:30.295114+00	
00000000-0000-0000-0000-000000000000	c494ab37-58fb-4eb6-b1bf-c6b34a6ddad8	{"action":"token_refreshed","actor_id":"2edfc1e4-02f9-4e84-8c02-56017ba4a41f","actor_name":"Gauri","actor_username":"gauri.gupta282007@gmail.com","actor_via_sso":false,"log_type":"token"}	2025-09-22 09:02:24.480508+00	
00000000-0000-0000-0000-000000000000	31b2b9af-11bd-4230-8306-c0c4b41c53aa	{"action":"token_revoked","actor_id":"2edfc1e4-02f9-4e84-8c02-56017ba4a41f","actor_name":"Gauri","actor_username":"gauri.gupta282007@gmail.com","actor_via_sso":false,"log_type":"token"}	2025-09-22 09:02:24.499859+00	
00000000-0000-0000-0000-000000000000	74343fab-838c-4430-b1e6-9c8630a4c77e	{"action":"login","actor_id":"d4d02cc5-a86c-490a-b4c9-d84d08bb6379","actor_name":"Aditya","actor_username":"mui237756@gmail.com","actor_via_sso":false,"log_type":"account","traits":{"provider":"email"}}	2025-09-25 11:57:08.462321+00	
00000000-0000-0000-0000-000000000000	efdcb07c-695c-4ff8-bb58-ec11a8ee4486	{"action":"token_refreshed","actor_id":"c858ad1d-2682-423d-a6d5-62522a47d43d","actor_name":"Atul","actor_username":"atulorigin2006@gmail.com","actor_via_sso":false,"log_type":"token"}	2025-09-27 06:12:38.966511+00	
00000000-0000-0000-0000-000000000000	3a3014f2-d83d-418c-bcd3-2093bdba47b6	{"action":"token_revoked","actor_id":"c858ad1d-2682-423d-a6d5-62522a47d43d","actor_name":"Atul","actor_username":"atulorigin2006@gmail.com","actor_via_sso":false,"log_type":"token"}	2025-09-27 06:12:38.994826+00	
00000000-0000-0000-0000-000000000000	e6539b40-9a5f-4a0b-8235-7129ec78894e	{"action":"token_refreshed","actor_id":"c858ad1d-2682-423d-a6d5-62522a47d43d","actor_name":"Atul","actor_username":"atulorigin2006@gmail.com","actor_via_sso":false,"log_type":"token"}	2025-09-27 07:12:02.722418+00	
00000000-0000-0000-0000-000000000000	448da5a4-600a-4168-bb1e-9e7225bcc8fd	{"action":"token_revoked","actor_id":"c858ad1d-2682-423d-a6d5-62522a47d43d","actor_name":"Atul","actor_username":"atulorigin2006@gmail.com","actor_via_sso":false,"log_type":"token"}	2025-09-27 07:12:02.738383+00	
00000000-0000-0000-0000-000000000000	c4d04e78-a447-4f7f-8ab2-67bfeba66c9b	{"action":"token_refreshed","actor_id":"2edfc1e4-02f9-4e84-8c02-56017ba4a41f","actor_name":"Gauri","actor_username":"gauri.gupta282007@gmail.com","actor_via_sso":false,"log_type":"token"}	2025-09-29 02:57:16.988175+00	
00000000-0000-0000-0000-000000000000	2716ab2c-7182-4ce7-8130-2c9122070407	{"action":"token_revoked","actor_id":"2edfc1e4-02f9-4e84-8c02-56017ba4a41f","actor_name":"Gauri","actor_username":"gauri.gupta282007@gmail.com","actor_via_sso":false,"log_type":"token"}	2025-09-29 02:57:17.01668+00	
00000000-0000-0000-0000-000000000000	daf52550-eb2d-4556-a7a9-7509e309c2a2	{"action":"token_refreshed","actor_id":"d4d02cc5-a86c-490a-b4c9-d84d08bb6379","actor_name":"Aditya","actor_username":"mui237756@gmail.com","actor_via_sso":false,"log_type":"token"}	2025-09-30 12:36:15.735505+00	
00000000-0000-0000-0000-000000000000	74976437-2f85-4bd7-9457-7b46c259baa8	{"action":"token_revoked","actor_id":"d4d02cc5-a86c-490a-b4c9-d84d08bb6379","actor_name":"Aditya","actor_username":"mui237756@gmail.com","actor_via_sso":false,"log_type":"token"}	2025-09-30 12:36:15.769484+00	
00000000-0000-0000-0000-000000000000	a00947ba-06c7-4248-a63b-31c245e97b84	{"action":"token_refreshed","actor_id":"d4d02cc5-a86c-490a-b4c9-d84d08bb6379","actor_name":"Aditya","actor_username":"mui237756@gmail.com","actor_via_sso":false,"log_type":"token"}	2025-10-02 06:03:37.217377+00	
00000000-0000-0000-0000-000000000000	71e54036-6982-4a0a-bdbe-2a701f58e382	{"action":"token_revoked","actor_id":"d4d02cc5-a86c-490a-b4c9-d84d08bb6379","actor_name":"Aditya","actor_username":"mui237756@gmail.com","actor_via_sso":false,"log_type":"token"}	2025-10-02 06:03:37.246242+00	
00000000-0000-0000-0000-000000000000	e8f13d1d-5f13-498e-81f7-28b33e0c31fc	{"action":"token_refreshed","actor_id":"d4d02cc5-a86c-490a-b4c9-d84d08bb6379","actor_name":"Aditya","actor_username":"mui237756@gmail.com","actor_via_sso":false,"log_type":"token"}	2025-10-08 06:10:04.881013+00	
00000000-0000-0000-0000-000000000000	4b7f1b79-269b-4617-bd8d-006121474910	{"action":"token_revoked","actor_id":"d4d02cc5-a86c-490a-b4c9-d84d08bb6379","actor_name":"Aditya","actor_username":"mui237756@gmail.com","actor_via_sso":false,"log_type":"token"}	2025-10-08 06:10:04.91316+00	
\.


--
-- Data for Name: flow_state; Type: TABLE DATA; Schema: auth; Owner: supabase_auth_admin
--

COPY auth.flow_state (id, user_id, auth_code, code_challenge_method, code_challenge, provider_type, provider_access_token, provider_refresh_token, created_at, updated_at, authentication_method, auth_code_issued_at) FROM stdin;
463a4014-25d7-4e53-9d7b-a61927246362	d4d02cc5-a86c-490a-b4c9-d84d08bb6379	da948ef4-2431-4520-aa37-9a9e74268e53	s256	bGV6V6pB9MVaeEOGqhfdc0FDW3oOuzWEAJHxVPNoaOs	email			2025-09-17 13:33:54.275058+00	2025-09-17 13:35:00.6569+00	email/signup	2025-09-17 13:35:00.656844+00
d975d64b-5cdf-44a2-af75-cbbc048e52d5	7e5347b3-44a9-41c2-a92a-f7f37d517314	42655129-3df8-4986-97df-a356bbb0c9b9	s256	39_3WW6U2ICx50-e1DqqModt6dNwz6nO140q3PWCNSk	email			2025-09-17 13:38:21.963096+00	2025-09-17 13:38:40.589112+00	email/signup	2025-09-17 13:38:40.589076+00
57e364b2-95d8-4d36-864c-80b5f8ecd7d5	45dd8b9e-6b06-45fd-8375-5d32c7ba4dc9	33eeebaf-953d-4bcd-87ad-4ccc4e7e0fe7	s256	2_VvxsvpYUDqwg7KuSfiKjImmYDU3djRTuZQLvXE-8Y	email			2025-09-18 06:29:58.042361+00	2025-09-18 06:29:58.042361+00	email/signup	\N
dee605a7-2081-4c70-9a5f-773e8e4bc347	c858ad1d-2682-423d-a6d5-62522a47d43d	09d8094f-9106-4f85-bc23-5da45b8ce085	s256	7aTCC9_YdeycPPJZB1j2ZfutSuQbwi5_TJbUHwEYPkA	email			2025-09-18 06:30:47.986927+00	2025-09-18 06:31:27.623243+00	email/signup	2025-09-18 06:31:27.622477+00
b3ef07d4-e1af-4eb3-806b-d1540009d297	869c64da-7ec1-4127-ae3d-958500811d27	669b2ba1-e286-4ea0-8ab8-405de771fcce	s256	8gzdWNcV0jWfGtk99gI2rZf1MQWpKOdtnOrbv1E5VqI	email			2025-09-19 10:28:58.046823+00	2025-09-19 10:28:58.046823+00	email/signup	\N
9be264d3-b636-4768-95ac-c46417e3d867	6ec4fde4-a9aa-4eac-afea-7caa0006a289	5ebf3708-1555-4523-9743-0101fb4edf1c	s256	nWBHdMFjM2a5jbrLx7VyLjmo-9g2MorOUO5vFoQi4wo	email			2025-09-19 18:46:13.198091+00	2025-09-19 18:46:44.287533+00	email/signup	2025-09-19 18:46:44.287471+00
d4595469-761f-46e7-b51c-ed855682a494	e1d12a21-45bd-4c81-b18f-c2b1c90c88f4	e2834460-9ecc-4783-ad34-95e9e7158a18	s256	Av01_ZV82WLN6YDs9KzHiXZFcZOgGWiqgZq_HQGsSxs	email			2025-09-20 04:17:45.589002+00	2025-09-20 04:17:45.589002+00	email/signup	\N
d76574b4-25fc-4270-a478-4e7be8c2cc85	2edfc1e4-02f9-4e84-8c02-56017ba4a41f	0ddd6f3c-2c58-4dc3-8b9e-5b1ea3219312	s256	YPQ38v_yYcbU02uPMc--ECWctdYYqAmjrJe3njyQwPk	email			2025-09-20 04:18:43.743814+00	2025-09-20 04:19:00.775116+00	email/signup	2025-09-20 04:19:00.775077+00
4a17edd7-bdbf-43ed-867c-3d851a16bf5e	cdfa1eb6-dbb2-4d96-b66e-c55fe50d8547	38570378-3d58-46e5-96d4-f82fd371ff24	s256	jBoGLWbLlVQo_A2csIh1rd6PnY0hU7yYj_qtEEfZbfE	email			2025-09-20 04:28:41.020066+00	2025-09-20 04:29:27.090271+00	email/signup	2025-09-20 04:29:27.09023+00
0f925bf1-19b5-4de5-8dce-001a5b8a02d9	da66f9b7-2df0-41ce-86e0-5f25b9230a3d	a9ceef21-f114-4ff6-a963-e093fb04e8c7	s256	9gMAU8nDKT42fEHlcA5i2yfUe4W2I-I-uJL-7KrnFtY	email			2025-09-20 04:29:11.393199+00	2025-09-20 04:29:40.093608+00	email/signup	2025-09-20 04:29:40.093565+00
647d81c2-42e7-47aa-88a6-d3719ccd88f2	4b9d2fbf-08b7-4b2d-b9e2-3477a47c79d6	967f6fe3-6c38-4429-a2bf-fa28bb4675b5	s256	77SG2Ufw_lyJvahIV56I-FOerQNr-ip0H-qf-r6pWKo	email			2025-09-20 07:44:49.056843+00	2025-09-20 07:44:58.373469+00	email/signup	2025-09-20 07:44:58.373427+00
\.


--
-- Data for Name: identities; Type: TABLE DATA; Schema: auth; Owner: supabase_auth_admin
--

COPY auth.identities (provider_id, user_id, identity_data, provider, last_sign_in_at, created_at, updated_at, id) FROM stdin;
d4d02cc5-a86c-490a-b4c9-d84d08bb6379	d4d02cc5-a86c-490a-b4c9-d84d08bb6379	{"sub": "d4d02cc5-a86c-490a-b4c9-d84d08bb6379", "email": "mui237756@gmail.com", "full_name": "Aditya", "user_type": "Tourist", "digital_id": "8116033156", "nationality": "INDIAN", "email_verified": true, "phone_verified": false}	email	2025-09-17 13:33:54.248402+00	2025-09-17 13:33:54.248469+00	2025-09-17 13:33:54.248469+00	37b60725-9541-4eb0-bfc4-485cf42668af
7e5347b3-44a9-41c2-a92a-f7f37d517314	7e5347b3-44a9-41c2-a92a-f7f37d517314	{"sub": "7e5347b3-44a9-41c2-a92a-f7f37d517314", "email": "flyingjatt320@gmail.com", "full_name": "Aditya", "user_type": "Tourist", "digital_id": "8116301246", "nationality": "INDIA", "email_verified": true, "phone_verified": false}	email	2025-09-17 13:38:21.958926+00	2025-09-17 13:38:21.958989+00	2025-09-17 13:38:21.958989+00	56b2f942-8f3e-4f0c-ae9f-b4be60dbe7b1
45dd8b9e-6b06-45fd-8375-5d32c7ba4dc9	45dd8b9e-6b06-45fd-8375-5d32c7ba4dc9	{"sub": "45dd8b9e-6b06-45fd-8375-5d32c7ba4dc9", "email": "atulorigin27@gmail.com", "full_name": "atul", "user_type": "Tourist", "digital_id": "8176996324", "nationality": "Indian", "email_verified": false, "phone_verified": false}	email	2025-09-18 06:29:58.014741+00	2025-09-18 06:29:58.014796+00	2025-09-18 06:29:58.014796+00	1f954b97-cb67-4bbd-bc21-6eccd25378c6
c858ad1d-2682-423d-a6d5-62522a47d43d	c858ad1d-2682-423d-a6d5-62522a47d43d	{"sub": "c858ad1d-2682-423d-a6d5-62522a47d43d", "email": "atulorigin2006@gmail.com", "full_name": "Atul", "user_type": "Tourist", "digital_id": "8177047202", "nationality": "Indian", "email_verified": true, "phone_verified": false}	email	2025-09-18 06:30:47.982978+00	2025-09-18 06:30:47.983031+00	2025-09-18 06:30:47.983031+00	38201275-b918-4b67-ad1b-66b1e19c66bf
869c64da-7ec1-4127-ae3d-958500811d27	869c64da-7ec1-4127-ae3d-958500811d27	{"sub": "869c64da-7ec1-4127-ae3d-958500811d27", "email": "goelvyom1504@gmail.com", "full_name": "Vyom", "user_type": "Tourist", "digital_id": "8277737228", "nationality": "India", "email_verified": false, "phone_verified": false}	email	2025-09-19 10:28:58.005678+00	2025-09-19 10:28:58.007238+00	2025-09-19 10:28:58.007238+00	1a613e34-cb27-4bad-9b67-ca74b0f537ab
6ec4fde4-a9aa-4eac-afea-7caa0006a289	6ec4fde4-a9aa-4eac-afea-7caa0006a289	{"sub": "6ec4fde4-a9aa-4eac-afea-7caa0006a289", "email": "aditya2356yr@gmail.com", "full_name": "Lord Dhiman", "user_type": "Tourist", "digital_id": "8307571201", "nationality": "INDIAN", "email_verified": true, "phone_verified": false}	email	2025-09-19 18:46:13.183716+00	2025-09-19 18:46:13.183766+00	2025-09-19 18:46:13.183766+00	d1865bf0-73fe-4521-acac-3ec402c3f905
e1d12a21-45bd-4c81-b18f-c2b1c90c88f4	e1d12a21-45bd-4c81-b18f-c2b1c90c88f4	{"sub": "e1d12a21-45bd-4c81-b18f-c2b1c90c88f4", "email": "gupta.2808gauri@gmail.com", "full_name": "Gauri", "user_type": "Tourist", "digital_id": "8341865031", "nationality": "Indian", "email_verified": false, "phone_verified": false}	email	2025-09-20 04:17:45.56611+00	2025-09-20 04:17:45.566171+00	2025-09-20 04:17:45.566171+00	5ef37c27-b643-4fe3-a02d-b290ce983b23
2edfc1e4-02f9-4e84-8c02-56017ba4a41f	2edfc1e4-02f9-4e84-8c02-56017ba4a41f	{"sub": "2edfc1e4-02f9-4e84-8c02-56017ba4a41f", "email": "gauri.gupta282007@gmail.com", "full_name": "Gauri", "user_type": "Tourist", "digital_id": "8341923120", "nationality": "Indian", "email_verified": true, "phone_verified": false}	email	2025-09-20 04:18:43.739914+00	2025-09-20 04:18:43.739982+00	2025-09-20 04:18:43.739982+00	1d7ed520-1c1f-4f7b-b12f-ca9ad54f912c
cdfa1eb6-dbb2-4d96-b66e-c55fe50d8547	cdfa1eb6-dbb2-4d96-b66e-c55fe50d8547	{"sub": "cdfa1eb6-dbb2-4d96-b66e-c55fe50d8547", "email": "goelvyom1505@gmail.com", "full_name": "Vyom", "user_type": "Tourist", "digital_id": "8342506122", "nationality": "india", "email_verified": true, "phone_verified": false}	email	2025-09-20 04:28:41.012636+00	2025-09-20 04:28:41.012701+00	2025-09-20 04:28:41.012701+00	e0a3b958-bd4e-4499-bf0e-74f094030116
da66f9b7-2df0-41ce-86e0-5f25b9230a3d	da66f9b7-2df0-41ce-86e0-5f25b9230a3d	{"sub": "da66f9b7-2df0-41ce-86e0-5f25b9230a3d", "email": "sahnijit87@gmail.com", "full_name": "jitendra", "user_type": "Tourist", "digital_id": "8342555214", "nationality": "indian", "email_verified": true, "phone_verified": false}	email	2025-09-20 04:29:11.3891+00	2025-09-20 04:29:11.38915+00	2025-09-20 04:29:11.38915+00	c34e73b0-3591-4151-91c2-4e68e506643c
4b9d2fbf-08b7-4b2d-b9e2-3477a47c79d6	4b9d2fbf-08b7-4b2d-b9e2-3477a47c79d6	{"sub": "4b9d2fbf-08b7-4b2d-b9e2-3477a47c79d6", "email": "adityadhiman200477@gmail.com", "full_name": "Aditya", "user_type": "Tourist", "digital_id": "8354286863", "nationality": "INDIAN", "email_verified": true, "phone_verified": false}	email	2025-09-20 07:44:49.03827+00	2025-09-20 07:44:49.038324+00	2025-09-20 07:44:49.038324+00	ccfe6afc-cbca-4df0-a9a4-21d3dc7cc57f
\.


--
-- Data for Name: instances; Type: TABLE DATA; Schema: auth; Owner: supabase_auth_admin
--

COPY auth.instances (id, uuid, raw_base_config, created_at, updated_at) FROM stdin;
\.


--
-- Data for Name: mfa_amr_claims; Type: TABLE DATA; Schema: auth; Owner: supabase_auth_admin
--

COPY auth.mfa_amr_claims (session_id, created_at, updated_at, authentication_method, id) FROM stdin;
402cdd4b-625b-458e-97fb-9dcb9bcceb32	2025-09-17 13:39:05.471785+00	2025-09-17 13:39:05.471785+00	password	5a58d909-ef70-4251-a928-6a93091c3e4b
8c895c83-4e5b-4a00-a24c-19895f123da0	2025-09-17 13:39:20.442636+00	2025-09-17 13:39:20.442636+00	password	0d3e1cbf-4afb-47a4-be9b-6563bd8ad3dc
d0fc138f-bd3b-47c8-a5ea-33ffba9eba5a	2025-09-17 13:44:19.592392+00	2025-09-17 13:44:19.592392+00	password	745ef086-5437-46cc-b7fb-7ac60f000396
3647415e-1314-4463-b648-f5894aa97610	2025-09-17 13:56:04.246+00	2025-09-17 13:56:04.246+00	password	969a7b55-a54a-4fd0-a8f7-0fd30fb52306
29672fb6-348f-471c-98d5-ed57860fca5c	2025-09-17 14:07:26.272563+00	2025-09-17 14:07:26.272563+00	password	83ca19a1-5e5f-49b1-8564-cba719923ff4
ef0c009f-cfa9-4b9b-b99f-122bae57e6d4	2025-09-17 14:13:01.742787+00	2025-09-17 14:13:01.742787+00	password	f89c5374-c193-4b46-b6a9-29d6f58a4cdd
27b07084-8317-43c4-b57b-deeb4da50d9a	2025-09-17 14:47:31.940122+00	2025-09-17 14:47:31.940122+00	password	09bc522d-1214-4561-9d44-6babb95a2783
92a3abd7-7d0f-4eca-915e-c97e3fd30eca	2025-09-17 14:54:00.155266+00	2025-09-17 14:54:00.155266+00	password	5c3111bb-1966-40f2-8082-da1cde0960ef
c36e0468-35c5-4fc1-83be-e74fb36aa182	2025-09-17 15:04:18.5455+00	2025-09-17 15:04:18.5455+00	password	0d57b35d-4562-4ccd-b41e-58dbb7ee04ec
976d0507-6443-4be7-9a80-7a4f95714517	2025-09-17 15:14:56.747416+00	2025-09-17 15:14:56.747416+00	password	af1d8872-eb02-44e6-963b-ed03b051735b
91fa3760-15b2-4472-8f0a-a131ee1a03a4	2025-09-17 15:35:52.881219+00	2025-09-17 15:35:52.881219+00	password	78320297-d630-4f4b-a448-d52a06ef2c05
47624b76-41f6-471f-b9c1-7ee37b01ce74	2025-09-17 15:43:48.168264+00	2025-09-17 15:43:48.168264+00	password	e7e3add5-0ccd-46dc-aca9-154c5a7c9759
21c710d9-3395-42cd-817a-13d7dd9dec85	2025-09-17 15:47:58.041489+00	2025-09-17 15:47:58.041489+00	password	672a8b7e-1603-4403-9175-e4aaa51e2252
9d73fadf-2354-4e9f-a25a-6f08604a97a9	2025-09-17 15:58:45.38035+00	2025-09-17 15:58:45.38035+00	password	b30320db-d7b3-4995-b602-4e9db156aaeb
07a3d0de-8693-4aeb-8efc-eac1dd4d06c2	2025-09-17 16:06:19.310683+00	2025-09-17 16:06:19.310683+00	password	5cc881b2-4a62-46f6-b1d0-5c0746d2b6d9
8609f905-32fe-494c-9894-10db53be811a	2025-09-17 16:18:50.863773+00	2025-09-17 16:18:50.863773+00	password	5e42f1b4-7636-45f1-ac41-ac85cd0d5530
259c984d-46b9-4404-9670-386b4cb23464	2025-09-17 16:34:32.639386+00	2025-09-17 16:34:32.639386+00	password	40a1c2d1-b4ca-4740-b3a8-de82a9690a38
05134a78-0188-4fa0-b187-643b917cd952	2025-09-17 16:38:07.616732+00	2025-09-17 16:38:07.616732+00	password	3815404d-a459-4a70-898e-7abc06c62014
1f65c8a3-38eb-4a1d-a2c8-2b8505db03f8	2025-09-17 16:51:58.374075+00	2025-09-17 16:51:58.374075+00	password	ceb0536b-746d-40d2-8616-5c2b9eadc3bd
788ca913-bcab-4d6a-af62-0b0234929134	2025-09-17 17:05:56.106103+00	2025-09-17 17:05:56.106103+00	password	5fc78b43-4b52-424b-b41a-2c4557dadd64
15481206-6ea9-4e7a-bdb1-0723c2a807cd	2025-09-17 17:19:26.44256+00	2025-09-17 17:19:26.44256+00	password	96b3c147-0d97-4590-a5f8-73794c4118a1
b591402e-1c13-4c39-8958-2a3460a83543	2025-09-17 17:26:03.62819+00	2025-09-17 17:26:03.62819+00	password	8f9fdd1a-2ce6-46c6-9466-2d4db5c1a824
c0fcd297-4844-4951-afa0-b2eff84c8522	2025-09-17 17:35:23.555528+00	2025-09-17 17:35:23.555528+00	password	411fc2c4-5774-4b00-a1d9-d1c99a6ea919
43128f08-c18c-437f-aad5-2c31ea09b29a	2025-09-17 17:36:53.12226+00	2025-09-17 17:36:53.12226+00	password	a9642b7b-e66e-4761-a4cc-73605c664e55
3dad40cc-9d2d-4526-8d06-72f99ec18923	2025-09-18 02:26:38.410182+00	2025-09-18 02:26:38.410182+00	password	89e03417-fe42-4fb2-92e9-dc038047e60d
30c0f8bb-4a5f-4935-8116-d91f71c12f67	2025-09-18 05:36:12.532249+00	2025-09-18 05:36:12.532249+00	password	6c2071b6-ccbf-4e44-a0a2-1d176b4ec47d
e2d220aa-551f-4213-b430-9c4461ec1b55	2025-09-18 06:31:45.645988+00	2025-09-18 06:31:45.645988+00	password	43cb244a-ccad-4247-a6e1-fc0097b4806e
46e4b066-b8e3-4b74-ab8f-dc4f4a9174fd	2025-09-18 06:33:15.780923+00	2025-09-18 06:33:15.780923+00	password	ef9ceebe-6886-4d65-b471-eedd90d69b7b
de5c8d35-5d39-40e3-9479-95e55569a4fc	2025-09-18 09:38:45.679736+00	2025-09-18 09:38:45.679736+00	password	451dd6c2-a6e9-48e2-9344-16d22923b5b1
10110fcd-7e16-4dc4-a795-dac503a285d4	2025-09-18 12:41:56.230311+00	2025-09-18 12:41:56.230311+00	password	ba1af116-f9bf-495c-a0b4-e2eab28eb641
0d430cfe-d6fc-4526-b000-27506c22baee	2025-09-18 12:41:58.666008+00	2025-09-18 12:41:58.666008+00	password	368879d8-fa83-4490-9012-3104f455bd5c
6329126a-5c58-4213-9c9d-ea031b100740	2025-09-18 12:43:33.93749+00	2025-09-18 12:43:33.93749+00	password	18e0a510-3da6-4e56-9d45-e1f8ae27faf5
03ccfca5-c760-4a11-816b-7f32c0d2081e	2025-09-18 12:43:36.877355+00	2025-09-18 12:43:36.877355+00	password	53032ec1-51cd-4c1a-9072-8e88c0e0d869
fa89ec89-9708-4fb2-a158-09a6f10eb851	2025-09-18 12:43:36.979514+00	2025-09-18 12:43:36.979514+00	password	642484b2-7cae-4dba-84ef-5eeb33ad5591
cfabcd35-a15e-4ecf-880e-b5b9b2715afe	2025-09-18 15:48:04.276504+00	2025-09-18 15:48:04.276504+00	password	84b36ac0-36bb-4f27-ab1c-390d92a5c694
88390bf3-760e-4c81-8f45-b273f58f4bb9	2025-09-18 15:53:26.463748+00	2025-09-18 15:53:26.463748+00	password	bb265e37-e0ae-4780-a0dd-8bd0a3b2b982
97bb7e85-1010-4bcc-861f-50934b19c102	2025-09-18 16:00:36.822582+00	2025-09-18 16:00:36.822582+00	password	6deb6891-d7b0-4ae4-817a-26e639f984f3
f0380c0a-5d05-4d87-894d-cf33d7618f14	2025-09-18 16:53:03.995717+00	2025-09-18 16:53:03.995717+00	password	6621cd74-7d5c-4fbd-9527-45cb4ef7fd71
05c2d394-6335-4032-b044-f427c4811f71	2025-09-18 17:01:32.114692+00	2025-09-18 17:01:32.114692+00	password	464660a2-5dfd-4485-bb03-ee4a538b3546
7435cb64-14df-485b-ac2b-2f9f9213e2c1	2025-09-18 17:19:25.183346+00	2025-09-18 17:19:25.183346+00	password	8f33c81f-fbb0-4f73-9c6e-fe6be95b3272
e9644609-1a5e-42e4-bb22-f943dc0b6b23	2025-09-18 17:25:35.313011+00	2025-09-18 17:25:35.313011+00	password	2eda7ee0-7734-47bc-836d-a26a1df6825b
64450f5d-26a7-4a90-a81a-7b0a7f5d5282	2025-09-18 17:33:24.975117+00	2025-09-18 17:33:24.975117+00	password	45ef006c-f26c-4269-b3e4-c884b52b308c
265f9209-2575-4668-a7ef-918b0d823172	2025-09-18 17:49:56.741235+00	2025-09-18 17:49:56.741235+00	password	60512ed4-22fa-499f-b412-fea3e4c0162c
58041ef7-8a8d-4ae3-a1de-224291105867	2025-09-18 17:50:27.06679+00	2025-09-18 17:50:27.06679+00	password	63154438-5c54-4f3d-b86c-bcf8add79296
f2954dac-cde3-49ed-81e1-127cc0a0a61f	2025-09-18 17:52:08.68479+00	2025-09-18 17:52:08.68479+00	password	0668360f-c6de-4f15-9519-aef03f953840
1e6cb4f0-bd5d-4e83-a35e-1d8b2ba6ee0d	2025-09-18 17:54:08.539231+00	2025-09-18 17:54:08.539231+00	password	a49b9a08-8387-4c29-a828-6866094de134
b9930822-3bf6-4a65-8186-7b44f857aa17	2025-09-18 17:58:29.179364+00	2025-09-18 17:58:29.179364+00	password	9595644b-5151-4ee8-895a-77057addaf7a
99ceea44-33ed-4d54-a62e-78a33bc70f40	2025-09-18 18:46:41.660602+00	2025-09-18 18:46:41.660602+00	password	cfe96d01-1aaf-4d4f-9f79-5f096ea4b8cd
cb14a347-18ff-4896-882c-359738576fe0	2025-09-19 02:29:45.309133+00	2025-09-19 02:29:45.309133+00	password	022adffa-60eb-472a-a070-dffc397df4a6
6df0a09e-fc8d-4a40-a3ce-17d7d02822b0	2025-09-19 02:37:08.62427+00	2025-09-19 02:37:08.62427+00	password	f536f921-c1ff-4ed6-b5bf-1a87d72dbbff
12ca22ae-bec5-4ffd-8770-a971ac240750	2025-09-19 02:37:08.638434+00	2025-09-19 02:37:08.638434+00	password	7a3ffe65-3daa-4d3f-a381-01368e416dfd
050ce267-8316-407e-9616-9bdcffec55ec	2025-09-19 02:37:53.723134+00	2025-09-19 02:37:53.723134+00	password	fccc4f19-1128-4886-9af5-432b190fcbb2
02b6bbcb-e6aa-42dd-b040-09e9cc46c4de	2025-09-19 03:07:57.843221+00	2025-09-19 03:07:57.843221+00	password	13570ab4-39ef-4f4e-8e36-80ae4011ccdb
91d229c6-9347-46b8-affc-e71d01b467d8	2025-09-19 03:07:57.859178+00	2025-09-19 03:07:57.859178+00	password	b6b4b2c5-722f-4f1a-a3bd-b8afde553a28
1913bb7c-5bb9-46ac-b414-7802ddbec386	2025-09-19 03:09:01.900111+00	2025-09-19 03:09:01.900111+00	password	db951008-3c19-4a76-85e6-d6b898063cda
b60c9e0a-6053-418d-a5d4-fcb54a029abf	2025-09-19 03:34:23.770083+00	2025-09-19 03:34:23.770083+00	password	59c5e403-d7cd-4b97-94ea-234b79bc9a28
10196093-ecd9-4f2b-b381-4ac4463bfeb5	2025-09-19 03:34:48.451882+00	2025-09-19 03:34:48.451882+00	password	9be949b7-629a-4e70-8c9d-8721453826e0
b0eac5e2-091c-4d0c-b147-1990a003bca4	2025-09-19 05:38:10.394426+00	2025-09-19 05:38:10.394426+00	password	0725f2a3-bd48-4cd0-b7a9-db2df7dc8f39
abc3805a-86db-4684-8b1e-bd9565ffe3c9	2025-09-19 08:05:49.317131+00	2025-09-19 08:05:49.317131+00	password	9a26f8f9-d004-4b00-904b-1907b2306143
79de7cac-37d9-43a1-927c-816dbba990ab	2025-09-19 08:08:20.10349+00	2025-09-19 08:08:20.10349+00	password	aa8296e0-d463-4acc-85c3-dd97b191e272
4c5566e2-eb3b-4ef7-99f9-d58cc25797ee	2025-09-19 08:08:54.880396+00	2025-09-19 08:08:54.880396+00	password	37f18b8d-e546-4fb6-8c69-08f47fa4f546
4b1e24be-94f7-484a-a9cc-0631f19993a9	2025-09-20 04:21:19.985867+00	2025-09-20 04:21:19.985867+00	password	28b1a754-1bb0-4242-88eb-2b930de15601
c17769f5-c7bd-4787-b542-3d965a960fd4	2025-09-20 04:29:46.743076+00	2025-09-20 04:29:46.743076+00	password	86d46264-81f0-456d-9b8c-cc95e80715af
3c425803-ea01-4363-8422-dea55e86ccca	2025-09-20 04:29:47.974052+00	2025-09-20 04:29:47.974052+00	password	4c43b60a-087c-40e9-a617-5d2c7d2c2b29
66072d53-0fcf-457f-a51e-f8f1304e518c	2025-09-20 04:30:48.48629+00	2025-09-20 04:30:48.48629+00	password	189ce664-42e1-44c5-953c-a9479a4f8c12
7b5c8250-9ef8-41f0-a0b4-19aeca7ec582	2025-09-20 05:03:01.590236+00	2025-09-20 05:03:01.590236+00	password	75b480f7-1045-4b20-a4ad-f1318f759cba
9f1d61a1-ef3a-4d8a-9f21-50d84bc81d88	2025-09-20 05:03:02.142445+00	2025-09-20 05:03:02.142445+00	password	6a8ba1b6-89c5-4f14-a53f-ae7d5e74e2cc
cd3bba53-bc08-439a-ad1f-6bb2e9f7d3dc	2025-09-20 08:35:42.280271+00	2025-09-20 08:35:42.280271+00	password	3ec3e5f6-85f4-46ce-8f96-a416fe3cc6d1
4fc12bb7-7c4a-4adb-9d2a-e4e66c496052	2025-09-20 08:37:19.316483+00	2025-09-20 08:37:19.316483+00	password	73dffee3-cef9-42d8-9f81-52254501976b
431b1a97-3b4b-4775-b2a5-c5d46c360a07	2025-09-20 11:26:09.738061+00	2025-09-20 11:26:09.738061+00	password	2da73090-8f00-4a2d-81f7-93d1d49f91bc
fb5c7108-60fc-4ef0-af9b-735710e847ec	2025-09-25 11:57:08.59646+00	2025-09-25 11:57:08.59646+00	password	7c71a526-f4d0-4e0a-a013-23539ce8bd26
\.


--
-- Data for Name: mfa_challenges; Type: TABLE DATA; Schema: auth; Owner: supabase_auth_admin
--

COPY auth.mfa_challenges (id, factor_id, created_at, verified_at, ip_address, otp_code, web_authn_session_data) FROM stdin;
\.


--
-- Data for Name: mfa_factors; Type: TABLE DATA; Schema: auth; Owner: supabase_auth_admin
--

COPY auth.mfa_factors (id, user_id, friendly_name, factor_type, status, created_at, updated_at, secret, phone, last_challenged_at, web_authn_credential, web_authn_aaguid) FROM stdin;
\.


--
-- Data for Name: oauth_authorizations; Type: TABLE DATA; Schema: auth; Owner: supabase_auth_admin
--

COPY auth.oauth_authorizations (id, authorization_id, client_id, user_id, redirect_uri, scope, state, resource, code_challenge, code_challenge_method, response_type, status, authorization_code, created_at, expires_at, approved_at) FROM stdin;
\.


--
-- Data for Name: oauth_clients; Type: TABLE DATA; Schema: auth; Owner: supabase_auth_admin
--

COPY auth.oauth_clients (id, client_secret_hash, registration_type, redirect_uris, grant_types, client_name, client_uri, logo_uri, created_at, updated_at, deleted_at, client_type) FROM stdin;
\.


--
-- Data for Name: oauth_consents; Type: TABLE DATA; Schema: auth; Owner: supabase_auth_admin
--

COPY auth.oauth_consents (id, user_id, client_id, scopes, granted_at, revoked_at) FROM stdin;
\.


--
-- Data for Name: one_time_tokens; Type: TABLE DATA; Schema: auth; Owner: supabase_auth_admin
--

COPY auth.one_time_tokens (id, user_id, token_type, token_hash, relates_to, created_at, updated_at) FROM stdin;
5f779e7e-dccc-45a9-8956-deb1a37cde6a	45dd8b9e-6b06-45fd-8375-5d32c7ba4dc9	confirmation_token	pkce_ae006353587049d3782058d8bd7481a95094b8943cf46233bc2ab510	atulorigin27@gmail.com	2025-09-18 06:30:01.300824	2025-09-18 06:30:01.300824
dd908e02-bf8e-4559-9580-ce18b7c64e46	869c64da-7ec1-4127-ae3d-958500811d27	confirmation_token	pkce_0054edd1c00701dc47e3ee04f577277d5d789bcf91bb1cddc331beca	goelvyom1504@gmail.com	2025-09-19 10:29:00.975178	2025-09-19 10:29:00.975178
58ad8260-c93e-41f6-8d8d-7acac910f896	e1d12a21-45bd-4c81-b18f-c2b1c90c88f4	confirmation_token	pkce_cccf2548250583214b6f366465c0f6c81a6a8825a9563709bdcbad2f	gupta.2808gauri@gmail.com	2025-09-20 04:17:48.447433	2025-09-20 04:17:48.447433
\.


--
-- Data for Name: refresh_tokens; Type: TABLE DATA; Schema: auth; Owner: supabase_auth_admin
--

COPY auth.refresh_tokens (instance_id, id, token, user_id, revoked, created_at, updated_at, parent, session_id) FROM stdin;
00000000-0000-0000-0000-000000000000	1	7jt33u7sjznx	7e5347b3-44a9-41c2-a92a-f7f37d517314	f	2025-09-17 13:39:05.463814+00	2025-09-17 13:39:05.463814+00	\N	402cdd4b-625b-458e-97fb-9dcb9bcceb32
00000000-0000-0000-0000-000000000000	2	retuhjo72mtz	d4d02cc5-a86c-490a-b4c9-d84d08bb6379	f	2025-09-17 13:39:20.441383+00	2025-09-17 13:39:20.441383+00	\N	8c895c83-4e5b-4a00-a24c-19895f123da0
00000000-0000-0000-0000-000000000000	3	gix5muhuzle7	7e5347b3-44a9-41c2-a92a-f7f37d517314	f	2025-09-17 13:44:19.588591+00	2025-09-17 13:44:19.588591+00	\N	d0fc138f-bd3b-47c8-a5ea-33ffba9eba5a
00000000-0000-0000-0000-000000000000	4	g24jsc5xed5g	7e5347b3-44a9-41c2-a92a-f7f37d517314	f	2025-09-17 13:56:04.201919+00	2025-09-17 13:56:04.201919+00	\N	3647415e-1314-4463-b648-f5894aa97610
00000000-0000-0000-0000-000000000000	5	mfsfovyuspuh	7e5347b3-44a9-41c2-a92a-f7f37d517314	f	2025-09-17 14:07:26.249501+00	2025-09-17 14:07:26.249501+00	\N	29672fb6-348f-471c-98d5-ed57860fca5c
00000000-0000-0000-0000-000000000000	6	kmned2haidjq	7e5347b3-44a9-41c2-a92a-f7f37d517314	f	2025-09-17 14:13:01.732704+00	2025-09-17 14:13:01.732704+00	\N	ef0c009f-cfa9-4b9b-b99f-122bae57e6d4
00000000-0000-0000-0000-000000000000	8	5gnqo4beeio3	7e5347b3-44a9-41c2-a92a-f7f37d517314	f	2025-09-17 14:47:31.915274+00	2025-09-17 14:47:31.915274+00	\N	27b07084-8317-43c4-b57b-deeb4da50d9a
00000000-0000-0000-0000-000000000000	9	poirhu55iuvt	7e5347b3-44a9-41c2-a92a-f7f37d517314	f	2025-09-17 14:54:00.145723+00	2025-09-17 14:54:00.145723+00	\N	92a3abd7-7d0f-4eca-915e-c97e3fd30eca
00000000-0000-0000-0000-000000000000	10	rdxc2aynqtew	7e5347b3-44a9-41c2-a92a-f7f37d517314	f	2025-09-17 15:04:18.52056+00	2025-09-17 15:04:18.52056+00	\N	c36e0468-35c5-4fc1-83be-e74fb36aa182
00000000-0000-0000-0000-000000000000	11	fbxnmnmo2miu	7e5347b3-44a9-41c2-a92a-f7f37d517314	f	2025-09-17 15:14:56.742118+00	2025-09-17 15:14:56.742118+00	\N	976d0507-6443-4be7-9a80-7a4f95714517
00000000-0000-0000-0000-000000000000	12	kgaf6k4cupyg	7e5347b3-44a9-41c2-a92a-f7f37d517314	f	2025-09-17 15:35:52.849867+00	2025-09-17 15:35:52.849867+00	\N	91fa3760-15b2-4472-8f0a-a131ee1a03a4
00000000-0000-0000-0000-000000000000	13	k5ud6f3dhshv	7e5347b3-44a9-41c2-a92a-f7f37d517314	f	2025-09-17 15:43:48.151211+00	2025-09-17 15:43:48.151211+00	\N	47624b76-41f6-471f-b9c1-7ee37b01ce74
00000000-0000-0000-0000-000000000000	14	a52xwmpw3rnc	7e5347b3-44a9-41c2-a92a-f7f37d517314	f	2025-09-17 15:47:58.038498+00	2025-09-17 15:47:58.038498+00	\N	21c710d9-3395-42cd-817a-13d7dd9dec85
00000000-0000-0000-0000-000000000000	15	jgv2lfiqgg63	7e5347b3-44a9-41c2-a92a-f7f37d517314	f	2025-09-17 15:58:45.37288+00	2025-09-17 15:58:45.37288+00	\N	9d73fadf-2354-4e9f-a25a-6f08604a97a9
00000000-0000-0000-0000-000000000000	16	dqr3bfma53vj	7e5347b3-44a9-41c2-a92a-f7f37d517314	f	2025-09-17 16:06:19.297652+00	2025-09-17 16:06:19.297652+00	\N	07a3d0de-8693-4aeb-8efc-eac1dd4d06c2
00000000-0000-0000-0000-000000000000	122	547hq7xe5hwj	c858ad1d-2682-423d-a6d5-62522a47d43d	f	2025-09-27 07:12:02.762321+00	2025-09-27 07:12:02.762321+00	3an4frjutzt2	4fc12bb7-7c4a-4adb-9d2a-e4e66c496052
00000000-0000-0000-0000-000000000000	120	pj5ikut7u7x5	d4d02cc5-a86c-490a-b4c9-d84d08bb6379	t	2025-09-25 11:57:08.519539+00	2025-09-30 12:36:15.770867+00	\N	fb5c7108-60fc-4ef0-af9b-735710e847ec
00000000-0000-0000-0000-000000000000	19	hxafhrqo3h7s	7e5347b3-44a9-41c2-a92a-f7f37d517314	f	2025-09-17 16:18:50.861098+00	2025-09-17 16:18:50.861098+00	\N	8609f905-32fe-494c-9894-10db53be811a
00000000-0000-0000-0000-000000000000	21	imvexekcbdd4	7e5347b3-44a9-41c2-a92a-f7f37d517314	f	2025-09-17 16:34:32.612776+00	2025-09-17 16:34:32.612776+00	\N	259c984d-46b9-4404-9670-386b4cb23464
00000000-0000-0000-0000-000000000000	22	wiri276vmfxe	7e5347b3-44a9-41c2-a92a-f7f37d517314	f	2025-09-17 16:38:07.613183+00	2025-09-17 16:38:07.613183+00	\N	05134a78-0188-4fa0-b187-643b917cd952
00000000-0000-0000-0000-000000000000	23	fd7eksqstnmw	7e5347b3-44a9-41c2-a92a-f7f37d517314	f	2025-09-17 16:51:58.369185+00	2025-09-17 16:51:58.369185+00	\N	1f65c8a3-38eb-4a1d-a2c8-2b8505db03f8
00000000-0000-0000-0000-000000000000	24	2t2d3pn42bw2	7e5347b3-44a9-41c2-a92a-f7f37d517314	f	2025-09-17 17:05:56.094714+00	2025-09-17 17:05:56.094714+00	\N	788ca913-bcab-4d6a-af62-0b0234929134
00000000-0000-0000-0000-000000000000	25	o7pwr7lgh3vg	7e5347b3-44a9-41c2-a92a-f7f37d517314	f	2025-09-17 17:19:26.424898+00	2025-09-17 17:19:26.424898+00	\N	15481206-6ea9-4e7a-bdb1-0723c2a807cd
00000000-0000-0000-0000-000000000000	26	57lpdfn6rciu	7e5347b3-44a9-41c2-a92a-f7f37d517314	f	2025-09-17 17:26:03.622284+00	2025-09-17 17:26:03.622284+00	\N	b591402e-1c13-4c39-8958-2a3460a83543
00000000-0000-0000-0000-000000000000	27	z7tjjv3xffrw	7e5347b3-44a9-41c2-a92a-f7f37d517314	f	2025-09-17 17:35:23.531594+00	2025-09-17 17:35:23.531594+00	\N	c0fcd297-4844-4951-afa0-b2eff84c8522
00000000-0000-0000-0000-000000000000	124	jsrozyvh5ajk	d4d02cc5-a86c-490a-b4c9-d84d08bb6379	t	2025-09-30 12:36:15.79315+00	2025-10-02 06:03:37.247544+00	pj5ikut7u7x5	fb5c7108-60fc-4ef0-af9b-735710e847ec
00000000-0000-0000-0000-000000000000	28	v4okwnkxrv4f	7e5347b3-44a9-41c2-a92a-f7f37d517314	t	2025-09-17 17:36:53.119346+00	2025-09-18 02:26:17.89782+00	\N	43128f08-c18c-437f-aad5-2c31ea09b29a
00000000-0000-0000-0000-000000000000	29	evnhwoa55fq6	7e5347b3-44a9-41c2-a92a-f7f37d517314	f	2025-09-18 02:26:17.917427+00	2025-09-18 02:26:17.917427+00	v4okwnkxrv4f	43128f08-c18c-437f-aad5-2c31ea09b29a
00000000-0000-0000-0000-000000000000	126	o57yrlk35f4b	d4d02cc5-a86c-490a-b4c9-d84d08bb6379	f	2025-10-08 06:10:04.938575+00	2025-10-08 06:10:04.938575+00	qka2i52enuvx	fb5c7108-60fc-4ef0-af9b-735710e847ec
00000000-0000-0000-0000-000000000000	30	n6dehi7m6mg2	7e5347b3-44a9-41c2-a92a-f7f37d517314	t	2025-09-18 02:26:38.405468+00	2025-09-18 05:35:51.210097+00	\N	3dad40cc-9d2d-4526-8d06-72f99ec18923
00000000-0000-0000-0000-000000000000	31	45ic7rjfpoo6	7e5347b3-44a9-41c2-a92a-f7f37d517314	f	2025-09-18 05:35:51.219897+00	2025-09-18 05:35:51.219897+00	n6dehi7m6mg2	3dad40cc-9d2d-4526-8d06-72f99ec18923
00000000-0000-0000-0000-000000000000	32	vybnjmijujpg	7e5347b3-44a9-41c2-a92a-f7f37d517314	f	2025-09-18 05:36:12.529636+00	2025-09-18 05:36:12.529636+00	\N	30c0f8bb-4a5f-4935-8116-d91f71c12f67
00000000-0000-0000-0000-000000000000	33	66742o5luwvy	c858ad1d-2682-423d-a6d5-62522a47d43d	t	2025-09-18 06:31:45.579636+00	2025-09-18 08:57:11.067682+00	\N	e2d220aa-551f-4213-b430-9c4461ec1b55
00000000-0000-0000-0000-000000000000	34	yfka34ktbket	7e5347b3-44a9-41c2-a92a-f7f37d517314	t	2025-09-18 06:33:15.751404+00	2025-09-18 09:38:23.546385+00	\N	46e4b066-b8e3-4b74-ab8f-dc4f4a9174fd
00000000-0000-0000-0000-000000000000	36	2wpm2ut7rb24	7e5347b3-44a9-41c2-a92a-f7f37d517314	f	2025-09-18 09:38:23.552892+00	2025-09-18 09:38:23.552892+00	yfka34ktbket	46e4b066-b8e3-4b74-ab8f-dc4f4a9174fd
00000000-0000-0000-0000-000000000000	37	lnbogn7mg3ls	7e5347b3-44a9-41c2-a92a-f7f37d517314	t	2025-09-18 09:38:45.674832+00	2025-09-18 12:39:50.927777+00	\N	de5c8d35-5d39-40e3-9479-95e55569a4fc
00000000-0000-0000-0000-000000000000	38	bbntg5n4ka64	7e5347b3-44a9-41c2-a92a-f7f37d517314	f	2025-09-18 12:39:50.935983+00	2025-09-18 12:39:50.935983+00	lnbogn7mg3ls	de5c8d35-5d39-40e3-9479-95e55569a4fc
00000000-0000-0000-0000-000000000000	39	fnjwhdmiptfb	7e5347b3-44a9-41c2-a92a-f7f37d517314	f	2025-09-18 12:41:56.222998+00	2025-09-18 12:41:56.222998+00	\N	10110fcd-7e16-4dc4-a795-dac503a285d4
00000000-0000-0000-0000-000000000000	40	qmh65dwcsr3a	7e5347b3-44a9-41c2-a92a-f7f37d517314	f	2025-09-18 12:41:58.664668+00	2025-09-18 12:41:58.664668+00	\N	0d430cfe-d6fc-4526-b000-27506c22baee
00000000-0000-0000-0000-000000000000	41	3jxvpqrzncm2	7e5347b3-44a9-41c2-a92a-f7f37d517314	f	2025-09-18 12:43:33.931602+00	2025-09-18 12:43:33.931602+00	\N	6329126a-5c58-4213-9c9d-ea031b100740
00000000-0000-0000-0000-000000000000	42	q2ywjreiq3q3	7e5347b3-44a9-41c2-a92a-f7f37d517314	f	2025-09-18 12:43:36.87521+00	2025-09-18 12:43:36.87521+00	\N	03ccfca5-c760-4a11-816b-7f32c0d2081e
00000000-0000-0000-0000-000000000000	43	jx2cphquombf	7e5347b3-44a9-41c2-a92a-f7f37d517314	t	2025-09-18 12:43:36.974312+00	2025-09-18 15:45:43.156172+00	\N	fa89ec89-9708-4fb2-a158-09a6f10eb851
00000000-0000-0000-0000-000000000000	44	m6fyfrsmozmv	7e5347b3-44a9-41c2-a92a-f7f37d517314	f	2025-09-18 15:45:43.169557+00	2025-09-18 15:45:43.169557+00	jx2cphquombf	fa89ec89-9708-4fb2-a158-09a6f10eb851
00000000-0000-0000-0000-000000000000	45	bukahwnzhqzk	7e5347b3-44a9-41c2-a92a-f7f37d517314	f	2025-09-18 15:48:04.273279+00	2025-09-18 15:48:04.273279+00	\N	cfabcd35-a15e-4ecf-880e-b5b9b2715afe
00000000-0000-0000-0000-000000000000	46	dskenfk5pvao	7e5347b3-44a9-41c2-a92a-f7f37d517314	f	2025-09-18 15:53:26.447499+00	2025-09-18 15:53:26.447499+00	\N	88390bf3-760e-4c81-8f45-b273f58f4bb9
00000000-0000-0000-0000-000000000000	47	wzvpydo76ymi	7e5347b3-44a9-41c2-a92a-f7f37d517314	f	2025-09-18 16:00:36.818268+00	2025-09-18 16:00:36.818268+00	\N	97bb7e85-1010-4bcc-861f-50934b19c102
00000000-0000-0000-0000-000000000000	48	kdisiibefa5n	7e5347b3-44a9-41c2-a92a-f7f37d517314	f	2025-09-18 16:53:03.963062+00	2025-09-18 16:53:03.963062+00	\N	f0380c0a-5d05-4d87-894d-cf33d7618f14
00000000-0000-0000-0000-000000000000	35	alr6pcol2s37	c858ad1d-2682-423d-a6d5-62522a47d43d	t	2025-09-18 08:57:11.077396+00	2025-09-19 02:29:28.754424+00	66742o5luwvy	e2d220aa-551f-4213-b430-9c4461ec1b55
00000000-0000-0000-0000-000000000000	49	xarhdfghkhaq	7e5347b3-44a9-41c2-a92a-f7f37d517314	f	2025-09-18 17:01:32.105998+00	2025-09-18 17:01:32.105998+00	\N	05c2d394-6335-4032-b044-f427c4811f71
00000000-0000-0000-0000-000000000000	50	cs3ux5eoviwv	7e5347b3-44a9-41c2-a92a-f7f37d517314	f	2025-09-18 17:19:25.153608+00	2025-09-18 17:19:25.153608+00	\N	7435cb64-14df-485b-ac2b-2f9f9213e2c1
00000000-0000-0000-0000-000000000000	51	n3r5urkftnfo	7e5347b3-44a9-41c2-a92a-f7f37d517314	f	2025-09-18 17:25:35.299823+00	2025-09-18 17:25:35.299823+00	\N	e9644609-1a5e-42e4-bb22-f943dc0b6b23
00000000-0000-0000-0000-000000000000	52	c5hdkqbopqhl	7e5347b3-44a9-41c2-a92a-f7f37d517314	f	2025-09-18 17:33:24.96077+00	2025-09-18 17:33:24.96077+00	\N	64450f5d-26a7-4a90-a81a-7b0a7f5d5282
00000000-0000-0000-0000-000000000000	53	336k73vmjxt6	7e5347b3-44a9-41c2-a92a-f7f37d517314	f	2025-09-18 17:49:56.730859+00	2025-09-18 17:49:56.730859+00	\N	265f9209-2575-4668-a7ef-918b0d823172
00000000-0000-0000-0000-000000000000	54	xwgw5gpcggs2	7e5347b3-44a9-41c2-a92a-f7f37d517314	f	2025-09-18 17:50:27.063961+00	2025-09-18 17:50:27.063961+00	\N	58041ef7-8a8d-4ae3-a1de-224291105867
00000000-0000-0000-0000-000000000000	55	bofe34zdpty3	7e5347b3-44a9-41c2-a92a-f7f37d517314	f	2025-09-18 17:52:08.655507+00	2025-09-18 17:52:08.655507+00	\N	f2954dac-cde3-49ed-81e1-127cc0a0a61f
00000000-0000-0000-0000-000000000000	56	hnpvur6rtml7	7e5347b3-44a9-41c2-a92a-f7f37d517314	f	2025-09-18 17:54:08.534893+00	2025-09-18 17:54:08.534893+00	\N	1e6cb4f0-bd5d-4e83-a35e-1d8b2ba6ee0d
00000000-0000-0000-0000-000000000000	57	m6xtrety3c4x	d4d02cc5-a86c-490a-b4c9-d84d08bb6379	f	2025-09-18 17:58:29.176359+00	2025-09-18 17:58:29.176359+00	\N	b9930822-3bf6-4a65-8186-7b44f857aa17
00000000-0000-0000-0000-000000000000	110	elr7vvja743i	c858ad1d-2682-423d-a6d5-62522a47d43d	t	2025-09-20 08:37:19.310784+00	2025-09-27 06:12:38.997273+00	\N	4fc12bb7-7c4a-4adb-9d2a-e4e66c496052
00000000-0000-0000-0000-000000000000	59	7rpoaekxxfdd	c858ad1d-2682-423d-a6d5-62522a47d43d	f	2025-09-19 02:29:28.777492+00	2025-09-19 02:29:28.777492+00	alr6pcol2s37	e2d220aa-551f-4213-b430-9c4461ec1b55
00000000-0000-0000-0000-000000000000	58	koxn4nrmydyv	7e5347b3-44a9-41c2-a92a-f7f37d517314	t	2025-09-18 18:46:41.621457+00	2025-09-19 02:36:51.096288+00	\N	99ceea44-33ed-4d54-a62e-78a33bc70f40
00000000-0000-0000-0000-000000000000	61	2buth5u556uj	7e5347b3-44a9-41c2-a92a-f7f37d517314	f	2025-09-19 02:36:51.103617+00	2025-09-19 02:36:51.103617+00	koxn4nrmydyv	99ceea44-33ed-4d54-a62e-78a33bc70f40
00000000-0000-0000-0000-000000000000	62	3cezyq24uwzp	7e5347b3-44a9-41c2-a92a-f7f37d517314	f	2025-09-19 02:37:08.622471+00	2025-09-19 02:37:08.622471+00	\N	6df0a09e-fc8d-4a40-a3ce-17d7d02822b0
00000000-0000-0000-0000-000000000000	63	hmu6oowixaek	7e5347b3-44a9-41c2-a92a-f7f37d517314	f	2025-09-19 02:37:08.637086+00	2025-09-19 02:37:08.637086+00	\N	12ca22ae-bec5-4ffd-8770-a971ac240750
00000000-0000-0000-0000-000000000000	64	e47dv4wjghtb	7e5347b3-44a9-41c2-a92a-f7f37d517314	f	2025-09-19 02:37:53.721743+00	2025-09-19 02:37:53.721743+00	\N	050ce267-8316-407e-9616-9bdcffec55ec
00000000-0000-0000-0000-000000000000	65	w3pzkyu23rze	7e5347b3-44a9-41c2-a92a-f7f37d517314	f	2025-09-19 03:07:57.801208+00	2025-09-19 03:07:57.801208+00	\N	02b6bbcb-e6aa-42dd-b040-09e9cc46c4de
00000000-0000-0000-0000-000000000000	66	wznvm2tfpn55	7e5347b3-44a9-41c2-a92a-f7f37d517314	f	2025-09-19 03:07:57.798791+00	2025-09-19 03:07:57.798791+00	\N	91d229c6-9347-46b8-affc-e71d01b467d8
00000000-0000-0000-0000-000000000000	67	qiylwlgo2am4	7e5347b3-44a9-41c2-a92a-f7f37d517314	f	2025-09-19 03:09:01.894228+00	2025-09-19 03:09:01.894228+00	\N	1913bb7c-5bb9-46ac-b414-7802ddbec386
00000000-0000-0000-0000-000000000000	68	64fj4s3tyw4z	7e5347b3-44a9-41c2-a92a-f7f37d517314	f	2025-09-19 03:34:23.717549+00	2025-09-19 03:34:23.717549+00	\N	b60c9e0a-6053-418d-a5d4-fcb54a029abf
00000000-0000-0000-0000-000000000000	69	7z5cc6klm5rz	7e5347b3-44a9-41c2-a92a-f7f37d517314	f	2025-09-19 03:34:48.446621+00	2025-09-19 03:34:48.446621+00	\N	10196093-ecd9-4f2b-b381-4ac4463bfeb5
00000000-0000-0000-0000-000000000000	121	3an4frjutzt2	c858ad1d-2682-423d-a6d5-62522a47d43d	t	2025-09-27 06:12:39.023409+00	2025-09-27 07:12:02.740318+00	elr7vvja743i	4fc12bb7-7c4a-4adb-9d2a-e4e66c496052
00000000-0000-0000-0000-000000000000	119	genhnbyh5rxf	2edfc1e4-02f9-4e84-8c02-56017ba4a41f	t	2025-09-22 09:02:24.516137+00	2025-09-29 02:57:17.018529+00	yan5gengdey6	431b1a97-3b4b-4775-b2a5-c5d46c360a07
00000000-0000-0000-0000-000000000000	123	sj7rmirte4fw	2edfc1e4-02f9-4e84-8c02-56017ba4a41f	f	2025-09-29 02:57:17.044386+00	2025-09-29 02:57:17.044386+00	genhnbyh5rxf	431b1a97-3b4b-4775-b2a5-c5d46c360a07
00000000-0000-0000-0000-000000000000	72	4pjjoxdtpdeq	7e5347b3-44a9-41c2-a92a-f7f37d517314	t	2025-09-19 05:38:10.345607+00	2025-09-19 06:44:01.511093+00	\N	b0eac5e2-091c-4d0c-b147-1990a003bca4
00000000-0000-0000-0000-000000000000	73	vzofvzvdbfm5	7e5347b3-44a9-41c2-a92a-f7f37d517314	f	2025-09-19 06:44:01.52447+00	2025-09-19 06:44:01.52447+00	4pjjoxdtpdeq	b0eac5e2-091c-4d0c-b147-1990a003bca4
00000000-0000-0000-0000-000000000000	60	afw3uojari3p	c858ad1d-2682-423d-a6d5-62522a47d43d	t	2025-09-19 02:29:45.304202+00	2025-09-19 08:05:29.470658+00	\N	cb14a347-18ff-4896-882c-359738576fe0
00000000-0000-0000-0000-000000000000	74	gkdyuv446oki	c858ad1d-2682-423d-a6d5-62522a47d43d	f	2025-09-19 08:05:29.488264+00	2025-09-19 08:05:29.488264+00	afw3uojari3p	cb14a347-18ff-4896-882c-359738576fe0
00000000-0000-0000-0000-000000000000	125	qka2i52enuvx	d4d02cc5-a86c-490a-b4c9-d84d08bb6379	t	2025-10-02 06:03:37.270717+00	2025-10-08 06:10:04.914562+00	jsrozyvh5ajk	fb5c7108-60fc-4ef0-af9b-735710e847ec
00000000-0000-0000-0000-000000000000	76	ajnpi4kfqkvs	c858ad1d-2682-423d-a6d5-62522a47d43d	f	2025-09-19 08:05:49.312702+00	2025-09-19 08:05:49.312702+00	\N	abc3805a-86db-4684-8b1e-bd9565ffe3c9
00000000-0000-0000-0000-000000000000	77	rffijt5rwibz	c858ad1d-2682-423d-a6d5-62522a47d43d	f	2025-09-19 08:08:20.100743+00	2025-09-19 08:08:20.100743+00	\N	79de7cac-37d9-43a1-927c-816dbba990ab
00000000-0000-0000-0000-000000000000	78	zznu5aaggi2h	c858ad1d-2682-423d-a6d5-62522a47d43d	f	2025-09-19 08:08:54.878355+00	2025-09-19 08:08:54.878355+00	\N	4c5566e2-eb3b-4ef7-99f9-d58cc25797ee
00000000-0000-0000-0000-000000000000	92	jd4wj5val4v3	2edfc1e4-02f9-4e84-8c02-56017ba4a41f	f	2025-09-20 04:21:19.955627+00	2025-09-20 04:21:19.955627+00	\N	4b1e24be-94f7-484a-a9cc-0631f19993a9
00000000-0000-0000-0000-000000000000	94	5birzr226kd6	cdfa1eb6-dbb2-4d96-b66e-c55fe50d8547	f	2025-09-20 04:29:46.739911+00	2025-09-20 04:29:46.739911+00	\N	c17769f5-c7bd-4787-b542-3d965a960fd4
00000000-0000-0000-0000-000000000000	95	r3qkzvj5rywx	cdfa1eb6-dbb2-4d96-b66e-c55fe50d8547	f	2025-09-20 04:29:47.972665+00	2025-09-20 04:29:47.972665+00	\N	3c425803-ea01-4363-8422-dea55e86ccca
00000000-0000-0000-0000-000000000000	96	qxktvmssmsl7	da66f9b7-2df0-41ce-86e0-5f25b9230a3d	f	2025-09-20 04:30:48.483245+00	2025-09-20 04:30:48.483245+00	\N	66072d53-0fcf-457f-a51e-f8f1304e518c
00000000-0000-0000-0000-000000000000	98	sehr2uisxnbw	da66f9b7-2df0-41ce-86e0-5f25b9230a3d	f	2025-09-20 05:03:01.560309+00	2025-09-20 05:03:01.560309+00	\N	7b5c8250-9ef8-41f0-a0b4-19aeca7ec582
00000000-0000-0000-0000-000000000000	99	t6zmc2cfjnix	da66f9b7-2df0-41ce-86e0-5f25b9230a3d	t	2025-09-20 05:03:02.14104+00	2025-09-20 06:02:23.697222+00	\N	9f1d61a1-ef3a-4d8a-9f21-50d84bc81d88
00000000-0000-0000-0000-000000000000	101	nqv5c3n7zn3f	da66f9b7-2df0-41ce-86e0-5f25b9230a3d	f	2025-09-20 06:02:23.708439+00	2025-09-20 06:02:23.708439+00	t6zmc2cfjnix	9f1d61a1-ef3a-4d8a-9f21-50d84bc81d88
00000000-0000-0000-0000-000000000000	108	baqgogawvpot	c858ad1d-2682-423d-a6d5-62522a47d43d	f	2025-09-20 08:35:42.249716+00	2025-09-20 08:35:42.249716+00	\N	cd3bba53-bc08-439a-ad1f-6bb2e9f7d3dc
00000000-0000-0000-0000-000000000000	114	yan5gengdey6	2edfc1e4-02f9-4e84-8c02-56017ba4a41f	t	2025-09-20 11:26:09.735289+00	2025-09-22 09:02:24.502237+00	\N	431b1a97-3b4b-4775-b2a5-c5d46c360a07
\.


--
-- Data for Name: saml_providers; Type: TABLE DATA; Schema: auth; Owner: supabase_auth_admin
--

COPY auth.saml_providers (id, sso_provider_id, entity_id, metadata_xml, metadata_url, attribute_mapping, created_at, updated_at, name_id_format) FROM stdin;
\.


--
-- Data for Name: saml_relay_states; Type: TABLE DATA; Schema: auth; Owner: supabase_auth_admin
--

COPY auth.saml_relay_states (id, sso_provider_id, request_id, for_email, redirect_to, created_at, updated_at, flow_state_id) FROM stdin;
\.


--
-- Data for Name: schema_migrations; Type: TABLE DATA; Schema: auth; Owner: supabase_auth_admin
--

COPY auth.schema_migrations (version) FROM stdin;
20171026211738
20171026211808
20171026211834
20180103212743
20180108183307
20180119214651
20180125194653
00
20210710035447
20210722035447
20210730183235
20210909172000
20210927181326
20211122151130
20211124214934
20211202183645
20220114185221
20220114185340
20220224000811
20220323170000
20220429102000
20220531120530
20220614074223
20220811173540
20221003041349
20221003041400
20221011041400
20221020193600
20221021073300
20221021082433
20221027105023
20221114143122
20221114143410
20221125140132
20221208132122
20221215195500
20221215195800
20221215195900
20230116124310
20230116124412
20230131181311
20230322519590
20230402418590
20230411005111
20230508135423
20230523124323
20230818113222
20230914180801
20231027141322
20231114161723
20231117164230
20240115144230
20240214120130
20240306115329
20240314092811
20240427152123
20240612123726
20240729123726
20240802193726
20240806073726
20241009103726
20250717082212
20250731150234
20250804100000
20250901200500
20250903112500
20250904133000
\.


--
-- Data for Name: sessions; Type: TABLE DATA; Schema: auth; Owner: supabase_auth_admin
--

COPY auth.sessions (id, user_id, created_at, updated_at, factor_id, aal, not_after, refreshed_at, user_agent, ip, tag, oauth_client_id) FROM stdin;
402cdd4b-625b-458e-97fb-9dcb9bcceb32	7e5347b3-44a9-41c2-a92a-f7f37d517314	2025-09-17 13:39:05.459594+00	2025-09-17 13:39:05.459594+00	\N	aal1	\N	\N	Mozilla/5.0 (Windows NT 10.0; Win64; x64) AppleWebKit/537.36 (KHTML, like Gecko) Chrome/140.0.0.0 Safari/537.36	103.248.87.154	\N	\N
8c895c83-4e5b-4a00-a24c-19895f123da0	d4d02cc5-a86c-490a-b4c9-d84d08bb6379	2025-09-17 13:39:20.440678+00	2025-09-17 13:39:20.440678+00	\N	aal1	\N	\N	Mozilla/5.0 (Windows NT 10.0; Win64; x64) AppleWebKit/537.36 (KHTML, like Gecko) Chrome/140.0.0.0 Safari/537.36	103.248.87.154	\N	\N
d0fc138f-bd3b-47c8-a5ea-33ffba9eba5a	7e5347b3-44a9-41c2-a92a-f7f37d517314	2025-09-17 13:44:19.586714+00	2025-09-17 13:44:19.586714+00	\N	aal1	\N	\N	Mozilla/5.0 (Windows NT 10.0; Win64; x64) AppleWebKit/537.36 (KHTML, like Gecko) Chrome/140.0.0.0 Safari/537.36	103.248.87.154	\N	\N
3647415e-1314-4463-b648-f5894aa97610	7e5347b3-44a9-41c2-a92a-f7f37d517314	2025-09-17 13:56:04.185875+00	2025-09-17 13:56:04.185875+00	\N	aal1	\N	\N	Dart/3.9 (dart:io)	103.248.87.154	\N	\N
29672fb6-348f-471c-98d5-ed57860fca5c	7e5347b3-44a9-41c2-a92a-f7f37d517314	2025-09-17 14:07:26.242867+00	2025-09-17 14:07:26.242867+00	\N	aal1	\N	\N	Dart/3.9 (dart:io)	103.248.87.154	\N	\N
ef0c009f-cfa9-4b9b-b99f-122bae57e6d4	7e5347b3-44a9-41c2-a92a-f7f37d517314	2025-09-17 14:13:01.724356+00	2025-09-17 14:13:01.724356+00	\N	aal1	\N	\N	Dart/3.9 (dart:io)	103.248.87.154	\N	\N
27b07084-8317-43c4-b57b-deeb4da50d9a	7e5347b3-44a9-41c2-a92a-f7f37d517314	2025-09-17 14:47:31.905048+00	2025-09-17 14:47:31.905048+00	\N	aal1	\N	\N	Dart/3.9 (dart:io)	103.248.87.154	\N	\N
92a3abd7-7d0f-4eca-915e-c97e3fd30eca	7e5347b3-44a9-41c2-a92a-f7f37d517314	2025-09-17 14:54:00.14398+00	2025-09-17 14:54:00.14398+00	\N	aal1	\N	\N	Dart/3.9 (dart:io)	103.248.87.154	\N	\N
c36e0468-35c5-4fc1-83be-e74fb36aa182	7e5347b3-44a9-41c2-a92a-f7f37d517314	2025-09-17 15:04:18.514242+00	2025-09-17 15:04:18.514242+00	\N	aal1	\N	\N	Dart/3.9 (dart:io)	103.248.87.154	\N	\N
976d0507-6443-4be7-9a80-7a4f95714517	7e5347b3-44a9-41c2-a92a-f7f37d517314	2025-09-17 15:14:56.739434+00	2025-09-17 15:14:56.739434+00	\N	aal1	\N	\N	Dart/3.9 (dart:io)	103.248.87.154	\N	\N
91fa3760-15b2-4472-8f0a-a131ee1a03a4	7e5347b3-44a9-41c2-a92a-f7f37d517314	2025-09-17 15:35:52.832268+00	2025-09-17 15:35:52.832268+00	\N	aal1	\N	\N	Dart/3.9 (dart:io)	103.248.87.154	\N	\N
47624b76-41f6-471f-b9c1-7ee37b01ce74	7e5347b3-44a9-41c2-a92a-f7f37d517314	2025-09-17 15:43:48.144532+00	2025-09-17 15:43:48.144532+00	\N	aal1	\N	\N	Dart/3.9 (dart:io)	103.248.87.154	\N	\N
21c710d9-3395-42cd-817a-13d7dd9dec85	7e5347b3-44a9-41c2-a92a-f7f37d517314	2025-09-17 15:47:58.037282+00	2025-09-17 15:47:58.037282+00	\N	aal1	\N	\N	Dart/3.9 (dart:io)	103.248.87.154	\N	\N
9d73fadf-2354-4e9f-a25a-6f08604a97a9	7e5347b3-44a9-41c2-a92a-f7f37d517314	2025-09-17 15:58:45.369772+00	2025-09-17 15:58:45.369772+00	\N	aal1	\N	\N	Dart/3.9 (dart:io)	103.248.87.154	\N	\N
07a3d0de-8693-4aeb-8efc-eac1dd4d06c2	7e5347b3-44a9-41c2-a92a-f7f37d517314	2025-09-17 16:06:19.292922+00	2025-09-17 16:06:19.292922+00	\N	aal1	\N	\N	Dart/3.9 (dart:io)	103.248.87.154	\N	\N
8609f905-32fe-494c-9894-10db53be811a	7e5347b3-44a9-41c2-a92a-f7f37d517314	2025-09-17 16:18:50.859136+00	2025-09-17 16:18:50.859136+00	\N	aal1	\N	\N	Dart/3.9 (dart:io)	103.248.87.154	\N	\N
259c984d-46b9-4404-9670-386b4cb23464	7e5347b3-44a9-41c2-a92a-f7f37d517314	2025-09-17 16:34:32.605389+00	2025-09-17 16:34:32.605389+00	\N	aal1	\N	\N	Dart/3.9 (dart:io)	103.248.87.154	\N	\N
05134a78-0188-4fa0-b187-643b917cd952	7e5347b3-44a9-41c2-a92a-f7f37d517314	2025-09-17 16:38:07.611987+00	2025-09-17 16:38:07.611987+00	\N	aal1	\N	\N	Dart/3.9 (dart:io)	103.248.87.154	\N	\N
1f65c8a3-38eb-4a1d-a2c8-2b8505db03f8	7e5347b3-44a9-41c2-a92a-f7f37d517314	2025-09-17 16:51:58.367583+00	2025-09-17 16:51:58.367583+00	\N	aal1	\N	\N	Dart/3.9 (dart:io)	103.248.87.154	\N	\N
788ca913-bcab-4d6a-af62-0b0234929134	7e5347b3-44a9-41c2-a92a-f7f37d517314	2025-09-17 17:05:56.087424+00	2025-09-17 17:05:56.087424+00	\N	aal1	\N	\N	Dart/3.9 (dart:io)	103.248.87.154	\N	\N
15481206-6ea9-4e7a-bdb1-0723c2a807cd	7e5347b3-44a9-41c2-a92a-f7f37d517314	2025-09-17 17:19:26.41722+00	2025-09-17 17:19:26.41722+00	\N	aal1	\N	\N	Dart/3.9 (dart:io)	103.248.87.154	\N	\N
b591402e-1c13-4c39-8958-2a3460a83543	7e5347b3-44a9-41c2-a92a-f7f37d517314	2025-09-17 17:26:03.619536+00	2025-09-17 17:26:03.619536+00	\N	aal1	\N	\N	Dart/3.9 (dart:io)	103.248.87.154	\N	\N
c0fcd297-4844-4951-afa0-b2eff84c8522	7e5347b3-44a9-41c2-a92a-f7f37d517314	2025-09-17 17:35:23.518831+00	2025-09-17 17:35:23.518831+00	\N	aal1	\N	\N	Dart/3.9 (dart:io)	103.248.87.154	\N	\N
43128f08-c18c-437f-aad5-2c31ea09b29a	7e5347b3-44a9-41c2-a92a-f7f37d517314	2025-09-17 17:36:53.118056+00	2025-09-18 02:26:17.960479+00	\N	aal1	\N	2025-09-18 02:26:17.960394	Dart/3.9 (dart:io)	157.49.38.138	\N	\N
3dad40cc-9d2d-4526-8d06-72f99ec18923	7e5347b3-44a9-41c2-a92a-f7f37d517314	2025-09-18 02:26:38.400174+00	2025-09-18 05:35:51.243617+00	\N	aal1	\N	2025-09-18 05:35:51.243544	Dart/3.9 (dart:io)	38.188.110.250	\N	\N
30c0f8bb-4a5f-4935-8116-d91f71c12f67	7e5347b3-44a9-41c2-a92a-f7f37d517314	2025-09-18 05:36:12.527495+00	2025-09-18 05:36:12.527495+00	\N	aal1	\N	\N	Dart/3.9 (dart:io)	38.188.110.250	\N	\N
99ceea44-33ed-4d54-a62e-78a33bc70f40	7e5347b3-44a9-41c2-a92a-f7f37d517314	2025-09-18 18:46:41.605534+00	2025-09-19 02:36:51.120812+00	\N	aal1	\N	2025-09-19 02:36:51.120109	Dart/3.9 (dart:io)	157.49.121.103	\N	\N
46e4b066-b8e3-4b74-ab8f-dc4f4a9174fd	7e5347b3-44a9-41c2-a92a-f7f37d517314	2025-09-18 06:33:15.74139+00	2025-09-18 09:38:23.578483+00	\N	aal1	\N	2025-09-18 09:38:23.578411	Dart/3.9 (dart:io)	157.49.2.43	\N	\N
de5c8d35-5d39-40e3-9479-95e55569a4fc	7e5347b3-44a9-41c2-a92a-f7f37d517314	2025-09-18 09:38:45.667899+00	2025-09-18 12:39:50.967501+00	\N	aal1	\N	2025-09-18 12:39:50.967415	Dart/3.9 (dart:io)	157.49.12.71	\N	\N
10110fcd-7e16-4dc4-a795-dac503a285d4	7e5347b3-44a9-41c2-a92a-f7f37d517314	2025-09-18 12:41:56.217344+00	2025-09-18 12:41:56.217344+00	\N	aal1	\N	\N	Dart/3.9 (dart:io)	157.49.12.71	\N	\N
0d430cfe-d6fc-4526-b000-27506c22baee	7e5347b3-44a9-41c2-a92a-f7f37d517314	2025-09-18 12:41:58.662994+00	2025-09-18 12:41:58.662994+00	\N	aal1	\N	\N	Dart/3.9 (dart:io)	157.49.12.71	\N	\N
6329126a-5c58-4213-9c9d-ea031b100740	7e5347b3-44a9-41c2-a92a-f7f37d517314	2025-09-18 12:43:33.930439+00	2025-09-18 12:43:33.930439+00	\N	aal1	\N	\N	Dart/3.9 (dart:io)	157.49.12.71	\N	\N
03ccfca5-c760-4a11-816b-7f32c0d2081e	7e5347b3-44a9-41c2-a92a-f7f37d517314	2025-09-18 12:43:36.874231+00	2025-09-18 12:43:36.874231+00	\N	aal1	\N	\N	Dart/3.9 (dart:io)	157.49.12.71	\N	\N
fa89ec89-9708-4fb2-a158-09a6f10eb851	7e5347b3-44a9-41c2-a92a-f7f37d517314	2025-09-18 12:43:36.971984+00	2025-09-18 15:45:43.198167+00	\N	aal1	\N	2025-09-18 15:45:43.196938	Dart/3.9 (dart:io)	103.240.235.184	\N	\N
cfabcd35-a15e-4ecf-880e-b5b9b2715afe	7e5347b3-44a9-41c2-a92a-f7f37d517314	2025-09-18 15:48:04.270273+00	2025-09-18 15:48:04.270273+00	\N	aal1	\N	\N	Dart/3.9 (dart:io)	103.240.235.184	\N	\N
88390bf3-760e-4c81-8f45-b273f58f4bb9	7e5347b3-44a9-41c2-a92a-f7f37d517314	2025-09-18 15:53:26.436159+00	2025-09-18 15:53:26.436159+00	\N	aal1	\N	\N	Dart/3.9 (dart:io)	103.240.235.184	\N	\N
97bb7e85-1010-4bcc-861f-50934b19c102	7e5347b3-44a9-41c2-a92a-f7f37d517314	2025-09-18 16:00:36.816918+00	2025-09-18 16:00:36.816918+00	\N	aal1	\N	\N	Dart/3.9 (dart:io)	103.240.235.184	\N	\N
f0380c0a-5d05-4d87-894d-cf33d7618f14	7e5347b3-44a9-41c2-a92a-f7f37d517314	2025-09-18 16:53:03.947613+00	2025-09-18 16:53:03.947613+00	\N	aal1	\N	\N	Dart/3.9 (dart:io)	103.240.235.184	\N	\N
05c2d394-6335-4032-b044-f427c4811f71	7e5347b3-44a9-41c2-a92a-f7f37d517314	2025-09-18 17:01:32.102013+00	2025-09-18 17:01:32.102013+00	\N	aal1	\N	\N	Dart/3.9 (dart:io)	103.240.235.184	\N	\N
7435cb64-14df-485b-ac2b-2f9f9213e2c1	7e5347b3-44a9-41c2-a92a-f7f37d517314	2025-09-18 17:19:25.146985+00	2025-09-18 17:19:25.146985+00	\N	aal1	\N	\N	Dart/3.9 (dart:io)	103.240.235.184	\N	\N
e9644609-1a5e-42e4-bb22-f943dc0b6b23	7e5347b3-44a9-41c2-a92a-f7f37d517314	2025-09-18 17:25:35.291975+00	2025-09-18 17:25:35.291975+00	\N	aal1	\N	\N	Dart/3.9 (dart:io)	103.240.235.184	\N	\N
64450f5d-26a7-4a90-a81a-7b0a7f5d5282	7e5347b3-44a9-41c2-a92a-f7f37d517314	2025-09-18 17:33:24.954421+00	2025-09-18 17:33:24.954421+00	\N	aal1	\N	\N	Dart/3.9 (dart:io)	103.240.235.184	\N	\N
265f9209-2575-4668-a7ef-918b0d823172	7e5347b3-44a9-41c2-a92a-f7f37d517314	2025-09-18 17:49:56.725254+00	2025-09-18 17:49:56.725254+00	\N	aal1	\N	\N	Dart/3.9 (dart:io)	103.240.235.184	\N	\N
58041ef7-8a8d-4ae3-a1de-224291105867	7e5347b3-44a9-41c2-a92a-f7f37d517314	2025-09-18 17:50:27.063158+00	2025-09-18 17:50:27.063158+00	\N	aal1	\N	\N	Dart/3.9 (dart:io)	103.240.235.184	\N	\N
f2954dac-cde3-49ed-81e1-127cc0a0a61f	7e5347b3-44a9-41c2-a92a-f7f37d517314	2025-09-18 17:52:08.646772+00	2025-09-18 17:52:08.646772+00	\N	aal1	\N	\N	Dart/3.9 (dart:io)	103.240.235.184	\N	\N
1e6cb4f0-bd5d-4e83-a35e-1d8b2ba6ee0d	7e5347b3-44a9-41c2-a92a-f7f37d517314	2025-09-18 17:54:08.53178+00	2025-09-18 17:54:08.53178+00	\N	aal1	\N	\N	Dart/3.9 (dart:io)	103.240.235.184	\N	\N
b9930822-3bf6-4a65-8186-7b44f857aa17	d4d02cc5-a86c-490a-b4c9-d84d08bb6379	2025-09-18 17:58:29.175047+00	2025-09-18 17:58:29.175047+00	\N	aal1	\N	\N	Dart/3.9 (dart:io)	103.240.235.184	\N	\N
e2d220aa-551f-4213-b430-9c4461ec1b55	c858ad1d-2682-423d-a6d5-62522a47d43d	2025-09-18 06:31:45.528821+00	2025-09-19 02:29:28.820957+00	\N	aal1	\N	2025-09-19 02:29:28.820863	Dart/3.9 (dart:io)	47.31.132.243	\N	\N
6df0a09e-fc8d-4a40-a3ce-17d7d02822b0	7e5347b3-44a9-41c2-a92a-f7f37d517314	2025-09-19 02:37:08.621151+00	2025-09-19 02:37:08.621151+00	\N	aal1	\N	\N	Dart/3.9 (dart:io)	157.49.121.103	\N	\N
12ca22ae-bec5-4ffd-8770-a971ac240750	7e5347b3-44a9-41c2-a92a-f7f37d517314	2025-09-19 02:37:08.635337+00	2025-09-19 02:37:08.635337+00	\N	aal1	\N	\N	Dart/3.9 (dart:io)	157.49.121.103	\N	\N
050ce267-8316-407e-9616-9bdcffec55ec	7e5347b3-44a9-41c2-a92a-f7f37d517314	2025-09-19 02:37:53.720981+00	2025-09-19 02:37:53.720981+00	\N	aal1	\N	\N	Dart/3.9 (dart:io)	157.49.121.103	\N	\N
02b6bbcb-e6aa-42dd-b040-09e9cc46c4de	7e5347b3-44a9-41c2-a92a-f7f37d517314	2025-09-19 03:07:57.773686+00	2025-09-19 03:07:57.773686+00	\N	aal1	\N	\N	Dart/3.9 (dart:io)	38.188.110.250	\N	\N
91d229c6-9347-46b8-affc-e71d01b467d8	7e5347b3-44a9-41c2-a92a-f7f37d517314	2025-09-19 03:07:57.774669+00	2025-09-19 03:07:57.774669+00	\N	aal1	\N	\N	Dart/3.9 (dart:io)	38.188.110.250	\N	\N
1913bb7c-5bb9-46ac-b414-7802ddbec386	7e5347b3-44a9-41c2-a92a-f7f37d517314	2025-09-19 03:09:01.89272+00	2025-09-19 03:09:01.89272+00	\N	aal1	\N	\N	Dart/3.9 (dart:io)	38.188.110.250	\N	\N
b60c9e0a-6053-418d-a5d4-fcb54a029abf	7e5347b3-44a9-41c2-a92a-f7f37d517314	2025-09-19 03:34:23.707625+00	2025-09-19 03:34:23.707625+00	\N	aal1	\N	\N	Dart/3.9 (dart:io)	157.49.126.99	\N	\N
10196093-ecd9-4f2b-b381-4ac4463bfeb5	7e5347b3-44a9-41c2-a92a-f7f37d517314	2025-09-19 03:34:48.445045+00	2025-09-19 03:34:48.445045+00	\N	aal1	\N	\N	Dart/3.9 (dart:io)	157.49.126.99	\N	\N
cb14a347-18ff-4896-882c-359738576fe0	c858ad1d-2682-423d-a6d5-62522a47d43d	2025-09-19 02:29:45.295175+00	2025-09-19 08:05:29.535317+00	\N	aal1	\N	2025-09-19 08:05:29.535233	Dart/3.9 (dart:io)	157.37.180.109	\N	\N
b0eac5e2-091c-4d0c-b147-1990a003bca4	7e5347b3-44a9-41c2-a92a-f7f37d517314	2025-09-19 05:38:10.317814+00	2025-09-19 06:44:01.546327+00	\N	aal1	\N	2025-09-19 06:44:01.544975	Dart/3.9 (dart:io)	38.188.110.250	\N	\N
abc3805a-86db-4684-8b1e-bd9565ffe3c9	c858ad1d-2682-423d-a6d5-62522a47d43d	2025-09-19 08:05:49.311361+00	2025-09-19 08:05:49.311361+00	\N	aal1	\N	\N	Dart/3.9 (dart:io)	157.37.180.109	\N	\N
79de7cac-37d9-43a1-927c-816dbba990ab	c858ad1d-2682-423d-a6d5-62522a47d43d	2025-09-19 08:08:20.099605+00	2025-09-19 08:08:20.099605+00	\N	aal1	\N	\N	Dart/3.9 (dart:io)	157.37.180.109	\N	\N
4c5566e2-eb3b-4ef7-99f9-d58cc25797ee	c858ad1d-2682-423d-a6d5-62522a47d43d	2025-09-19 08:08:54.877023+00	2025-09-19 08:08:54.877023+00	\N	aal1	\N	\N	Dart/3.9 (dart:io)	157.37.180.109	\N	\N
4b1e24be-94f7-484a-a9cc-0631f19993a9	2edfc1e4-02f9-4e84-8c02-56017ba4a41f	2025-09-20 04:21:19.939687+00	2025-09-20 04:21:19.939687+00	\N	aal1	\N	\N	Dart/3.9 (dart:io)	152.58.116.55	\N	\N
c17769f5-c7bd-4787-b542-3d965a960fd4	cdfa1eb6-dbb2-4d96-b66e-c55fe50d8547	2025-09-20 04:29:46.734419+00	2025-09-20 04:29:46.734419+00	\N	aal1	\N	\N	Dart/3.9 (dart:io)	38.188.110.250	\N	\N
3c425803-ea01-4363-8422-dea55e86ccca	cdfa1eb6-dbb2-4d96-b66e-c55fe50d8547	2025-09-20 04:29:47.971854+00	2025-09-20 04:29:47.971854+00	\N	aal1	\N	\N	Dart/3.9 (dart:io)	38.188.110.250	\N	\N
66072d53-0fcf-457f-a51e-f8f1304e518c	da66f9b7-2df0-41ce-86e0-5f25b9230a3d	2025-09-20 04:30:48.481344+00	2025-09-20 04:30:48.481344+00	\N	aal1	\N	\N	Mozilla/5.0 (Windows NT 10.0; Win64; x64) AppleWebKit/537.36 (KHTML, like Gecko) Chrome/140.0.0.0 Safari/537.36	38.188.110.250	\N	\N
7b5c8250-9ef8-41f0-a0b4-19aeca7ec582	da66f9b7-2df0-41ce-86e0-5f25b9230a3d	2025-09-20 05:03:01.547658+00	2025-09-20 05:03:01.547658+00	\N	aal1	\N	\N	Mozilla/5.0 (Windows NT 10.0; Win64; x64) AppleWebKit/537.36 (KHTML, like Gecko) Chrome/140.0.0.0 Safari/537.36	38.188.110.250	\N	\N
9f1d61a1-ef3a-4d8a-9f21-50d84bc81d88	da66f9b7-2df0-41ce-86e0-5f25b9230a3d	2025-09-20 05:03:02.138083+00	2025-09-20 06:02:23.735708+00	\N	aal1	\N	2025-09-20 06:02:23.735625	Mozilla/5.0 (Windows NT 10.0; Win64; x64) AppleWebKit/537.36 (KHTML, like Gecko) Chrome/140.0.0.0 Safari/537.36	38.188.110.250	\N	\N
cd3bba53-bc08-439a-ad1f-6bb2e9f7d3dc	c858ad1d-2682-423d-a6d5-62522a47d43d	2025-09-20 08:35:42.225444+00	2025-09-20 08:35:42.225444+00	\N	aal1	\N	\N	Dart/3.9 (dart:io)	47.31.96.177	\N	\N
4fc12bb7-7c4a-4adb-9d2a-e4e66c496052	c858ad1d-2682-423d-a6d5-62522a47d43d	2025-09-20 08:37:19.310072+00	2025-09-27 07:12:02.794398+00	\N	aal1	\N	2025-09-27 07:12:02.793725	Dart/3.9 (dart:io)	182.69.181.67	\N	\N
431b1a97-3b4b-4775-b2a5-c5d46c360a07	2edfc1e4-02f9-4e84-8c02-56017ba4a41f	2025-09-20 11:26:09.73047+00	2025-09-29 02:57:17.109406+00	\N	aal1	\N	2025-09-29 02:57:17.108223	Dart/3.9 (dart:io)	152.58.116.224	\N	\N
fb5c7108-60fc-4ef0-af9b-735710e847ec	d4d02cc5-a86c-490a-b4c9-d84d08bb6379	2025-09-25 11:57:08.487079+00	2025-10-08 06:10:04.99768+00	\N	aal1	\N	2025-10-08 06:10:04.997599	Dart/3.9 (dart:io)	152.58.116.135	\N	\N
\.


--
-- Data for Name: sso_domains; Type: TABLE DATA; Schema: auth; Owner: supabase_auth_admin
--

COPY auth.sso_domains (id, sso_provider_id, domain, created_at, updated_at) FROM stdin;
\.


--
-- Data for Name: sso_providers; Type: TABLE DATA; Schema: auth; Owner: supabase_auth_admin
--

COPY auth.sso_providers (id, resource_id, created_at, updated_at, disabled) FROM stdin;
\.


--
-- Data for Name: users; Type: TABLE DATA; Schema: auth; Owner: supabase_auth_admin
--

COPY auth.users (instance_id, id, aud, role, email, encrypted_password, email_confirmed_at, invited_at, confirmation_token, confirmation_sent_at, recovery_token, recovery_sent_at, email_change_token_new, email_change, email_change_sent_at, last_sign_in_at, raw_app_meta_data, raw_user_meta_data, is_super_admin, created_at, updated_at, phone, phone_confirmed_at, phone_change, phone_change_token, phone_change_sent_at, email_change_token_current, email_change_confirm_status, banned_until, reauthentication_token, reauthentication_sent_at, is_sso_user, deleted_at, is_anonymous) FROM stdin;
00000000-0000-0000-0000-000000000000	2edfc1e4-02f9-4e84-8c02-56017ba4a41f	authenticated	authenticated	gauri.gupta282007@gmail.com	$2a$10$CrWMHKRIdcSQiL7VV.MZQesEEXn3OgTwBz4W3J2TgmwmEeOYOty7a	2025-09-20 04:19:00.75196+00	\N		2025-09-20 04:18:43.744463+00		\N			\N	2025-09-20 11:26:09.728492+00	{"provider": "email", "providers": ["email"]}	{"sub": "2edfc1e4-02f9-4e84-8c02-56017ba4a41f", "email": "gauri.gupta282007@gmail.com", "full_name": "Gauri", "user_type": "Tourist", "digital_id": "8341923120", "nationality": "Indian", "email_verified": true, "phone_verified": false}	\N	2025-09-20 04:18:43.736831+00	2025-09-29 02:57:17.061724+00	\N	\N			\N		0	\N		\N	f	\N	f
00000000-0000-0000-0000-000000000000	45dd8b9e-6b06-45fd-8375-5d32c7ba4dc9	authenticated	authenticated	atulorigin27@gmail.com	$2a$10$OXOpYy.bVZtzKl8HcPmsNeRNt.itYTMAmOPmw6fqoY1eiwu.7IhQS	\N	\N	pkce_ae006353587049d3782058d8bd7481a95094b8943cf46233bc2ab510	2025-09-18 06:29:58.05525+00		\N			\N	\N	{"provider": "email", "providers": ["email"]}	{"sub": "45dd8b9e-6b06-45fd-8375-5d32c7ba4dc9", "email": "atulorigin27@gmail.com", "full_name": "atul", "user_type": "Tourist", "digital_id": "8176996324", "nationality": "Indian", "email_verified": false, "phone_verified": false}	\N	2025-09-18 06:29:57.965894+00	2025-09-18 06:30:01.290873+00	\N	\N			\N		0	\N		\N	f	\N	f
00000000-0000-0000-0000-000000000000	7e5347b3-44a9-41c2-a92a-f7f37d517314	authenticated	authenticated	flyingjatt320@gmail.com	$2a$10$UZ9nS1z0U8z0mhxcrkNP.u19LqO61cEoLpRd4E/cyW4lAtaQN4Tiq	2025-09-17 13:38:40.583208+00	\N		2025-09-17 13:38:21.963949+00		\N			\N	2025-09-20 07:50:26.285768+00	{"provider": "email", "providers": ["email"]}	{"sub": "7e5347b3-44a9-41c2-a92a-f7f37d517314", "email": "flyingjatt320@gmail.com", "full_name": "Aditya", "user_type": "Tourist", "digital_id": "8116301246", "nationality": "INDIA", "email_verified": true, "phone_verified": false}	\N	2025-09-17 13:38:21.955374+00	2025-09-20 07:50:26.290202+00	\N	\N			\N		0	\N		\N	f	\N	f
00000000-0000-0000-0000-000000000000	e1d12a21-45bd-4c81-b18f-c2b1c90c88f4	authenticated	authenticated	gupta.2808gauri@gmail.com	$2a$10$7l6Yzjj/Nxi9Dxn1oqfTWetPIsNO3pMRSuY62R8kkGGKFkgxfSPLe	\N	\N	pkce_cccf2548250583214b6f366465c0f6c81a6a8825a9563709bdcbad2f	2025-09-20 04:17:45.603866+00		\N			\N	\N	{"provider": "email", "providers": ["email"]}	{"sub": "e1d12a21-45bd-4c81-b18f-c2b1c90c88f4", "email": "gupta.2808gauri@gmail.com", "full_name": "Gauri", "user_type": "Tourist", "digital_id": "8341865031", "nationality": "Indian", "email_verified": false, "phone_verified": false}	\N	2025-09-20 04:17:45.515551+00	2025-09-20 04:17:48.439626+00	\N	\N			\N		0	\N		\N	f	\N	f
00000000-0000-0000-0000-000000000000	869c64da-7ec1-4127-ae3d-958500811d27	authenticated	authenticated	goelvyom1504@gmail.com	$2a$10$/8wu06/FUaualNXXiB/tt.yDYI1BqehdIjpJe3N0tjhQh9UNzbC9u	\N	\N	pkce_0054edd1c00701dc47e3ee04f577277d5d789bcf91bb1cddc331beca	2025-09-19 10:28:58.060027+00		\N			\N	\N	{"provider": "email", "providers": ["email"]}	{"sub": "869c64da-7ec1-4127-ae3d-958500811d27", "email": "goelvyom1504@gmail.com", "full_name": "Vyom", "user_type": "Tourist", "digital_id": "8277737228", "nationality": "India", "email_verified": false, "phone_verified": false}	\N	2025-09-19 10:28:57.945626+00	2025-09-19 10:29:00.965326+00	\N	\N			\N		0	\N		\N	f	\N	f
00000000-0000-0000-0000-000000000000	cdfa1eb6-dbb2-4d96-b66e-c55fe50d8547	authenticated	authenticated	goelvyom1505@gmail.com	$2a$10$IjP6rn1qVJLOlZYWxmo40eLxmdZWo4yCbBIpURtMcv7tCME181wbm	2025-09-20 04:29:27.076004+00	\N		2025-09-20 04:28:41.022893+00		\N			\N	2025-09-20 04:29:47.971765+00	{"provider": "email", "providers": ["email"]}	{"sub": "cdfa1eb6-dbb2-4d96-b66e-c55fe50d8547", "email": "goelvyom1505@gmail.com", "full_name": "Vyom", "user_type": "Tourist", "digital_id": "8342506122", "nationality": "india", "email_verified": true, "phone_verified": false}	\N	2025-09-20 04:28:40.999315+00	2025-09-20 04:29:47.973612+00	\N	\N			\N		0	\N		\N	f	\N	f
00000000-0000-0000-0000-000000000000	6ec4fde4-a9aa-4eac-afea-7caa0006a289	authenticated	authenticated	aditya2356yr@gmail.com	$2a$10$BdA0JuCHXOLUUkqWot.qtu1We9UwDBipN6YeJi4DREXDhxIzpjl02	2025-09-19 18:46:44.253747+00	\N		2025-09-19 18:46:13.215188+00		\N			\N	2025-09-20 07:50:40.224874+00	{"provider": "email", "providers": ["email"]}	{"sub": "6ec4fde4-a9aa-4eac-afea-7caa0006a289", "email": "aditya2356yr@gmail.com", "full_name": "Lord Dhiman", "user_type": "Tourist", "digital_id": "8307571201", "nationality": "INDIAN", "email_verified": true, "phone_verified": false}	\N	2025-09-19 18:46:13.152374+00	2025-09-20 07:50:40.226619+00	\N	\N			\N		0	\N		\N	f	\N	f
00000000-0000-0000-0000-000000000000	c858ad1d-2682-423d-a6d5-62522a47d43d	authenticated	authenticated	atulorigin2006@gmail.com	$2a$10$UBaNIlRQ95gsAauHdK2M3etipycrAA.4nl3Kb7bR4F/9.xr9nqCQK	2025-09-18 06:31:27.600715+00	\N		2025-09-18 06:30:47.988177+00		\N			\N	2025-09-20 08:37:19.31+00	{"provider": "email", "providers": ["email"]}	{"sub": "c858ad1d-2682-423d-a6d5-62522a47d43d", "email": "atulorigin2006@gmail.com", "full_name": "Atul", "user_type": "Tourist", "digital_id": "8177047202", "nationality": "Indian", "email_verified": true, "phone_verified": false}	\N	2025-09-18 06:30:47.979963+00	2025-09-27 07:12:02.773621+00	\N	\N			\N		0	\N		\N	f	\N	f
00000000-0000-0000-0000-000000000000	d4d02cc5-a86c-490a-b4c9-d84d08bb6379	authenticated	authenticated	mui237756@gmail.com	$2a$10$.doUq2Rrs9zCYG7kj003ueftrJsiZHtmRCn3IGtTC0saOlIMvIzwW	2025-09-17 13:35:00.646117+00	\N		2025-09-17 13:33:54.288336+00		\N			\N	2025-09-25 11:57:08.486324+00	{"provider": "email", "providers": ["email"]}	{"sub": "d4d02cc5-a86c-490a-b4c9-d84d08bb6379", "email": "mui237756@gmail.com", "full_name": "Aditya", "user_type": "Tourist", "digital_id": "8116033156", "nationality": "INDIAN", "email_verified": true, "phone_verified": false}	\N	2025-09-17 13:33:54.20043+00	2025-10-08 06:10:04.956676+00	\N	\N			\N		0	\N		\N	f	\N	f
00000000-0000-0000-0000-000000000000	da66f9b7-2df0-41ce-86e0-5f25b9230a3d	authenticated	authenticated	sahnijit87@gmail.com	$2a$10$LNmSdb6OUxcbjyst0s8jOeaBJsvu/rjLf6qEnJq5n0mpUmGbOvIJy	2025-09-20 04:29:40.088905+00	\N		2025-09-20 04:29:11.394061+00		\N			\N	2025-09-20 05:03:02.137422+00	{"provider": "email", "providers": ["email"]}	{"sub": "da66f9b7-2df0-41ce-86e0-5f25b9230a3d", "email": "sahnijit87@gmail.com", "full_name": "jitendra", "user_type": "Tourist", "digital_id": "8342555214", "nationality": "indian", "email_verified": true, "phone_verified": false}	\N	2025-09-20 04:29:11.385284+00	2025-09-20 06:02:23.71405+00	\N	\N			\N		0	\N		\N	f	\N	f
00000000-0000-0000-0000-000000000000	4b9d2fbf-08b7-4b2d-b9e2-3477a47c79d6	authenticated	authenticated	adityadhiman200477@gmail.com	$2a$10$JFzPt4UalZtiQpolszXur.TfT7HD7TfK0DNL4C86BiNGW8dsYQEeK	2025-09-20 07:44:58.345021+00	\N		2025-09-20 07:44:49.06919+00		\N			\N	2025-09-20 08:55:12.187813+00	{"provider": "email", "providers": ["email"]}	{"sub": "4b9d2fbf-08b7-4b2d-b9e2-3477a47c79d6", "email": "adityadhiman200477@gmail.com", "full_name": "Aditya", "user_type": "Tourist", "digital_id": "8354286863", "nationality": "INDIAN", "email_verified": true, "phone_verified": false}	\N	2025-09-20 07:44:49.000593+00	2025-09-22 07:50:39.243378+00	\N	\N			\N		0	\N		\N	f	\N	f
\.


--
-- Data for Name: emergency_alerts; Type: TABLE DATA; Schema: public; Owner: postgres
--

COPY public.emergency_alerts (id, user_id, alert_type, message, latitude, longitude, status, created_at) FROM stdin;
\.


--
-- Data for Name: kyc_verifications; Type: TABLE DATA; Schema: public; Owner: postgres
--

COPY public.kyc_verifications (id, user_id, first_name, last_name, email, nationality, id_type, id_number, id_expiry_date, address_line_1, address_line_2, city, state, postal_code, country, id_document_image_path, address_proof_image_path, status, submitted_at, updated_at, created_at) FROM stdin;
cdc68506-41d1-4d38-9a7a-8e0e1e869722	7e5347b3-44a9-41c2-a92a-f7f37d517314	Aditya	Dhiman	flyingjatt320@gmail.com	INDIAN	Passport	646484	2026-09-30 00:00:00	Shadipur Baljeet Nagar	West Patel Nagar	New delhi	Delhi	110008	INDIA	/data/user/0/com.example.raahi/cache/scaled_1000058773.png	/data/user/0/com.example.raahi/cache/scaled_1000058773.png	pending	2025-09-19 18:58:46.978713	2025-09-19 18:58:46.978924	2025-09-19 13:28:49.089919
7bf8a936-4eb1-448a-a23c-e7ccb8498c30	d4d02cc5-a86c-490a-b4c9-d84d08bb6379	Aditya	Dhiman	mui237756@gmail.com	Indian	Passport	6464979	2026-09-13 00:00:00	hsjdjdndnd	hdjdjdndjdn	new dekhi	delhi	110008	india	/data/user/0/com.example.raahi/cache/scaled_1000059526.jpg	/data/user/0/com.example.raahi/cache/scaled_1000059525.jpg	pending	2025-09-19 20:13:44.133029	2025-09-19 20:13:44.133113	2025-09-19 14:43:45.788506
597eda17-24e4-4603-b78d-38e752c7fae3	6ec4fde4-a9aa-4eac-afea-7caa0006a289	Aditya	Dhiman	aditya2356yr@gmail.com	INDIAN	Aadhaar Card	84576484648	2026-09-30 00:00:00	West Patel Nagar	shadipur	NEW DELHI	DELHI	110008	INDIA	/data/user/0/com.example.raahi/cache/scaled_1000057950.jpg	/data/user/0/com.example.raahi/cache/scaled_1000056932.jpg	pending	2025-09-20 13:23:51.090214	2025-09-20 13:23:51.090307	2025-09-20 07:53:52.82779
\.


--
-- Data for Name: tourist_info; Type: TABLE DATA; Schema: public; Owner: postgres
--

COPY public.tourist_info (id, user_id, destination, check_in_date, check_out_date, hotel_info, emergency_contact, created_at) FROM stdin;
6d419a37-0e48-406b-bdfb-233f98f02bc7	\N	Test Destination	\N	\N	\N	[{"id": "test123", "name": "Test Contact", "is_primary": true, "phone_number": "+1234567890", "relationship": "Family"}]	2025-09-19 06:38:27.088507+00
29486afd-8396-4343-ab27-a252f7e1fc0e	\N	Test Destination	\N	\N	\N	[{"id": "test123", "name": "Test Contact", "is_primary": true, "phone_number": "+1234567890", "relationship": "Family"}]	2025-09-19 06:38:31.968142+00
19d7fea5-bbeb-45d1-95e1-bc1f883e6b8d	c858ad1d-2682-423d-a6d5-62522a47d43d		2025-09-19 17:56:44.501369+00	2025-09-19 17:56:44.501385+00		[{"id":"1758284804267","user_id":"c858ad1d-2682-423d-a6d5-62522a47d43d","name":"Papa","phone_number":"9811025326","relationship":"Family","email":null,"is_primary":false,"created_at":"2025-09-19T17:56:44.267702","updated_at":"2025-09-19T17:56:44.267702"},{"id":"1758357376402","user_id":"c858ad1d-2682-423d-a6d5-62522a47d43d","name":"mummy","phone_number":"9811064845","relationship":"Family","email":null,"is_primary":false,"created_at":"2025-09-20T14:06:16.402743","updated_at":"2025-09-20T14:06:16.402743"},{"id":"1758953655261","user_id":"c858ad1d-2682-423d-a6d5-62522a47d43d","name":"Test Contact 15","phone_number":"+1234567890","relationship":"Test","is_primary":true,"created_at":"2025-09-27T11:44:15.261497","updated_at":"2025-09-27T11:44:15.261497"}]	2025-09-19 17:56:44.501414+00
a0c08607-7ce0-48bf-9be9-99954d38ea28	7e5347b3-44a9-41c2-a92a-f7f37d517314		2025-09-19 12:27:16.90363+00	2025-09-19 12:27:16.903891+00		[{"id":"1758265035905","user_id":"7e5347b3-44a9-41c2-a92a-f7f37d517314","name":"Mummy","phone_number":"9711191810","relationship":"Family","email":null,"is_primary":true,"created_at":"2025-09-19T12:27:15.904101","updated_at":"2025-09-19T12:27:15.904101"}]	2025-09-19 12:27:16.904431+00
16a2cf1a-ba28-403f-a921-5cc2a999924c	d4d02cc5-a86c-490a-b4c9-d84d08bb6379		2025-09-19 23:48:00.930256+00	2025-09-19 23:48:00.930332+00		[{"id":"1758305880502","user_id":"d4d02cc5-a86c-490a-b4c9-d84d08bb6379","name":"Mummy","phone_number":"9711191810","relationship":"Family","email":null,"is_primary":false,"created_at":"2025-09-19T23:48:00.501211","updated_at":"2025-09-19T23:48:00.501211"}]	2025-09-19 23:48:00.930406+00
b40ea903-816c-4e26-9f67-34b5b2747bc3	6ec4fde4-a9aa-4eac-afea-7caa0006a289		2025-09-20 00:18:26.623955+00	2025-09-20 00:18:26.624086+00		[{"id":"1758307706114","user_id":"6ec4fde4-a9aa-4eac-afea-7caa0006a289","name":"Mother","phone_number":"8448507583","relationship":"Family","email":"meenugdhiman@gmail.com","is_primary":true,"created_at":"2025-09-20T00:18:26.113762","updated_at":"2025-09-20T00:18:26.113762"}]	2025-09-20 00:18:26.624192+00
7115552f-38b5-4117-9cb4-931ff6667902	4b9d2fbf-08b7-4b2d-b9e2-3477a47c79d6		2025-09-20 16:43:42.748467+00	2025-09-20 16:43:42.748999+00		[{"id":"1758366822028","user_id":"4b9d2fbf-08b7-4b2d-b9e2-3477a47c79d6","name":"Mummy","phone_number":"8448556986","relationship":"Family","email":null,"is_primary":false,"created_at":"2025-09-20T16:43:42.028411","updated_at":"2025-09-20T16:43:42.028411"}]	2025-09-20 16:43:42.749409+00
\.


--
-- Data for Name: user_locations; Type: TABLE DATA; Schema: public; Owner: postgres
--

COPY public.user_locations (id, user_id, latitude, longitude, location_name, "timestamp") FROM stdin;
\.


--
-- Data for Name: user_profiles; Type: TABLE DATA; Schema: public; Owner: postgres
--

COPY public.user_profiles (id, full_name, email, user_type, nationality, digital_id, created_at) FROM stdin;
da66f9b7-2df0-41ce-86e0-5f25b9230a3d	jitendra	sahnijit87@gmail.com	Tourist	indian	8342555214	2025-09-20 04:29:40.086451+00
7e5347b3-44a9-41c2-a92a-f7f37d517314	Aditya	flyingjatt320@gmail.com	Tourist	INDIA	8116301246	2025-09-17 13:44:19.578075+00
6ec4fde4-a9aa-4eac-afea-7caa0006a289	Lord Dhiman	aditya2356yr@gmail.com	Tourist	INDIAN	8307571201	2025-09-19 18:46:44.248684+00
4b9d2fbf-08b7-4b2d-b9e2-3477a47c79d6	Aditya	adityadhiman200477@gmail.com	Tourist	INDIAN	8354286863	2025-09-20 07:44:58.33747+00
c858ad1d-2682-423d-a6d5-62522a47d43d	Atul	atulorigin2006@gmail.com	Tourist	Indian	8177047202	2025-09-18 06:31:27.588072+00
2edfc1e4-02f9-4e84-8c02-56017ba4a41f	Gauri	gauri.gupta282007@gmail.com	Tourist	Indian	8341923120	2025-09-20 04:19:00.74692+00
d4d02cc5-a86c-490a-b4c9-d84d08bb6379	Aditya	mui237756@gmail.com	Tourist	INDIAN	8116033156	2025-09-17 16:18:35.267029+00
cdfa1eb6-dbb2-4d96-b66e-c55fe50d8547	Vyom	goelvyom1505@gmail.com	Tourist	india	8342506122	2025-09-20 04:29:27.071333+00
\.


--
-- Data for Name: schema_migrations; Type: TABLE DATA; Schema: realtime; Owner: supabase_admin
--

COPY realtime.schema_migrations (version, inserted_at) FROM stdin;
20211116024918	2025-09-17 13:13:26
20211116045059	2025-09-17 13:13:26
20211116050929	2025-09-17 13:13:27
20211116051442	2025-09-17 13:13:28
20211116212300	2025-09-17 13:13:29
20211116213355	2025-09-17 13:13:29
20211116213934	2025-09-17 13:13:30
20211116214523	2025-09-17 13:13:31
20211122062447	2025-09-17 13:13:32
20211124070109	2025-09-17 13:13:32
20211202204204	2025-09-17 13:13:33
20211202204605	2025-09-17 13:13:34
20211210212804	2025-09-17 13:13:36
20211228014915	2025-09-17 13:13:36
20220107221237	2025-09-17 13:13:37
20220228202821	2025-09-17 13:13:38
20220312004840	2025-09-17 13:13:38
20220603231003	2025-09-17 13:13:40
20220603232444	2025-09-17 13:13:40
20220615214548	2025-09-17 13:13:41
20220712093339	2025-09-17 13:13:42
20220908172859	2025-09-17 13:13:42
20220916233421	2025-09-17 13:13:43
20230119133233	2025-09-17 13:13:44
20230128025114	2025-09-17 13:13:45
20230128025212	2025-09-17 13:13:45
20230227211149	2025-09-17 13:13:46
20230228184745	2025-09-17 13:13:46
20230308225145	2025-09-17 13:13:47
20230328144023	2025-09-17 13:13:48
20231018144023	2025-09-17 13:13:49
20231204144023	2025-09-17 13:13:50
20231204144024	2025-09-17 13:13:50
20231204144025	2025-09-17 13:13:51
20240108234812	2025-09-17 13:13:52
20240109165339	2025-09-17 13:13:52
20240227174441	2025-09-17 13:13:53
20240311171622	2025-09-17 13:13:54
20240321100241	2025-09-17 13:13:56
20240401105812	2025-09-17 13:13:58
20240418121054	2025-09-17 13:13:58
20240523004032	2025-09-17 13:14:01
20240618124746	2025-09-17 13:14:02
20240801235015	2025-09-17 13:14:02
20240805133720	2025-09-17 13:14:03
20240827160934	2025-09-17 13:14:04
20240919163303	2025-09-17 13:14:05
20240919163305	2025-09-17 13:14:05
20241019105805	2025-09-17 13:14:06
20241030150047	2025-09-17 13:14:09
20241108114728	2025-09-17 13:14:10
20241121104152	2025-09-17 13:14:10
20241130184212	2025-09-17 13:14:11
20241220035512	2025-09-17 13:14:12
20241220123912	2025-09-17 13:14:12
20241224161212	2025-09-17 13:14:13
20250107150512	2025-09-17 13:14:14
20250110162412	2025-09-17 13:14:14
20250123174212	2025-09-17 13:14:15
20250128220012	2025-09-17 13:14:15
20250506224012	2025-09-17 13:14:16
20250523164012	2025-09-17 13:14:17
20250714121412	2025-09-17 13:14:17
\.


--
-- Data for Name: subscription; Type: TABLE DATA; Schema: realtime; Owner: supabase_admin
--

COPY realtime.subscription (id, subscription_id, entity, filters, claims, created_at) FROM stdin;
\.


--
-- Data for Name: buckets; Type: TABLE DATA; Schema: storage; Owner: supabase_storage_admin
--

COPY storage.buckets (id, name, owner, created_at, updated_at, public, avif_autodetection, file_size_limit, allowed_mime_types, owner_id, type) FROM stdin;
\.


--
-- Data for Name: buckets_analytics; Type: TABLE DATA; Schema: storage; Owner: supabase_storage_admin
--

COPY storage.buckets_analytics (id, type, format, created_at, updated_at) FROM stdin;
\.


--
-- Data for Name: migrations; Type: TABLE DATA; Schema: storage; Owner: supabase_storage_admin
--

COPY storage.migrations (id, name, hash, executed_at) FROM stdin;
0	create-migrations-table	e18db593bcde2aca2a408c4d1100f6abba2195df	2025-09-17 13:13:25.266115
1	initialmigration	6ab16121fbaa08bbd11b712d05f358f9b555d777	2025-09-17 13:13:25.27445
2	storage-schema	5c7968fd083fcea04050c1b7f6253c9771b99011	2025-09-17 13:13:25.283626
3	pathtoken-column	2cb1b0004b817b29d5b0a971af16bafeede4b70d	2025-09-17 13:13:25.312607
4	add-migrations-rls	427c5b63fe1c5937495d9c635c263ee7a5905058	2025-09-17 13:13:25.397892
5	add-size-functions	79e081a1455b63666c1294a440f8ad4b1e6a7f84	2025-09-17 13:13:25.402047
6	change-column-name-in-get-size	f93f62afdf6613ee5e7e815b30d02dc990201044	2025-09-17 13:13:25.407832
7	add-rls-to-buckets	e7e7f86adbc51049f341dfe8d30256c1abca17aa	2025-09-17 13:13:25.414994
8	add-public-to-buckets	fd670db39ed65f9d08b01db09d6202503ca2bab3	2025-09-17 13:13:25.418427
9	fix-search-function	3a0af29f42e35a4d101c259ed955b67e1bee6825	2025-09-17 13:13:25.423631
10	search-files-search-function	68dc14822daad0ffac3746a502234f486182ef6e	2025-09-17 13:13:25.430917
11	add-trigger-to-auto-update-updated_at-column	7425bdb14366d1739fa8a18c83100636d74dcaa2	2025-09-17 13:13:25.439104
12	add-automatic-avif-detection-flag	8e92e1266eb29518b6a4c5313ab8f29dd0d08df9	2025-09-17 13:13:25.459688
13	add-bucket-custom-limits	cce962054138135cd9a8c4bcd531598684b25e7d	2025-09-17 13:13:25.464578
14	use-bytes-for-max-size	941c41b346f9802b411f06f30e972ad4744dad27	2025-09-17 13:13:25.469201
15	add-can-insert-object-function	934146bc38ead475f4ef4b555c524ee5d66799e5	2025-09-17 13:13:25.505066
16	add-version	76debf38d3fd07dcfc747ca49096457d95b1221b	2025-09-17 13:13:25.524085
17	drop-owner-foreign-key	f1cbb288f1b7a4c1eb8c38504b80ae2a0153d101	2025-09-17 13:13:25.533818
18	add_owner_id_column_deprecate_owner	e7a511b379110b08e2f214be852c35414749fe66	2025-09-17 13:13:25.538299
19	alter-default-value-objects-id	02e5e22a78626187e00d173dc45f58fa66a4f043	2025-09-17 13:13:25.544163
20	list-objects-with-delimiter	cd694ae708e51ba82bf012bba00caf4f3b6393b7	2025-09-17 13:13:25.553784
21	s3-multipart-uploads	8c804d4a566c40cd1e4cc5b3725a664a9303657f	2025-09-17 13:13:25.562017
22	s3-multipart-uploads-big-ints	9737dc258d2397953c9953d9b86920b8be0cdb73	2025-09-17 13:13:25.581216
23	optimize-search-function	9d7e604cddc4b56a5422dc68c9313f4a1b6f132c	2025-09-17 13:13:25.594324
24	operation-function	8312e37c2bf9e76bbe841aa5fda889206d2bf8aa	2025-09-17 13:13:25.598735
25	custom-metadata	d974c6057c3db1c1f847afa0e291e6165693b990	2025-09-17 13:13:25.604003
26	objects-prefixes	ef3f7871121cdc47a65308e6702519e853422ae2	2025-09-17 15:20:49.029744
27	search-v2	33b8f2a7ae53105f028e13e9fcda9dc4f356b4a2	2025-09-17 15:20:49.631788
28	object-bucket-name-sorting	ba85ec41b62c6a30a3f136788227ee47f311c436	2025-09-17 15:20:49.922044
29	create-prefixes	a7b1a22c0dc3ab630e3055bfec7ce7d2045c5b7b	2025-09-17 15:20:50.125347
30	update-object-levels	6c6f6cc9430d570f26284a24cf7b210599032db7	2025-09-17 15:20:50.22191
31	objects-level-index	33f1fef7ec7fea08bb892222f4f0f5d79bab5eb8	2025-09-17 15:20:50.822918
32	backward-compatible-index-on-objects	2d51eeb437a96868b36fcdfb1ddefdf13bef1647	2025-09-17 15:20:50.83135
33	backward-compatible-index-on-prefixes	fe473390e1b8c407434c0e470655945b110507bf	2025-09-17 15:20:50.839435
34	optimize-search-function-v1	82b0e469a00e8ebce495e29bfa70a0797f7ebd2c	2025-09-17 15:20:50.841092
35	add-insert-trigger-prefixes	63bb9fd05deb3dc5e9fa66c83e82b152f0caf589	2025-09-17 15:20:50.846088
36	optimise-existing-functions	81cf92eb0c36612865a18016a38496c530443899	2025-09-17 15:20:50.926885
37	add-bucket-name-length-trigger	3944135b4e3e8b22d6d4cbb568fe3b0b51df15c1	2025-09-17 15:20:50.941682
38	iceberg-catalog-flag-on-buckets	19a8bd89d5dfa69af7f222a46c726b7c41e462c5	2025-09-17 15:20:51.024017
\.


--
-- Data for Name: objects; Type: TABLE DATA; Schema: storage; Owner: supabase_storage_admin
--

COPY storage.objects (id, bucket_id, name, owner, created_at, updated_at, last_accessed_at, metadata, version, owner_id, user_metadata, level) FROM stdin;
\.


--
-- Data for Name: prefixes; Type: TABLE DATA; Schema: storage; Owner: supabase_storage_admin
--

COPY storage.prefixes (bucket_id, name, created_at, updated_at) FROM stdin;
\.


--
-- Data for Name: s3_multipart_uploads; Type: TABLE DATA; Schema: storage; Owner: supabase_storage_admin
--

COPY storage.s3_multipart_uploads (id, in_progress_size, upload_signature, bucket_id, key, version, owner_id, created_at, user_metadata) FROM stdin;
\.


--
-- Data for Name: s3_multipart_uploads_parts; Type: TABLE DATA; Schema: storage; Owner: supabase_storage_admin
--

COPY storage.s3_multipart_uploads_parts (id, upload_id, size, part_number, bucket_id, key, etag, owner_id, version, created_at) FROM stdin;
\.


--
-- Data for Name: secrets; Type: TABLE DATA; Schema: vault; Owner: supabase_admin
--

COPY vault.secrets (id, name, description, secret, key_id, nonce, created_at, updated_at) FROM stdin;
\.


--
-- Name: refresh_tokens_id_seq; Type: SEQUENCE SET; Schema: auth; Owner: supabase_auth_admin
--

SELECT pg_catalog.setval('auth.refresh_tokens_id_seq', 126, true);


--
-- Name: subscription_id_seq; Type: SEQUENCE SET; Schema: realtime; Owner: supabase_admin
--

SELECT pg_catalog.setval('realtime.subscription_id_seq', 1, false);


--
-- Name: mfa_amr_claims amr_id_pk; Type: CONSTRAINT; Schema: auth; Owner: supabase_auth_admin
--

ALTER TABLE ONLY auth.mfa_amr_claims
    ADD CONSTRAINT amr_id_pk PRIMARY KEY (id);


--
-- Name: audit_log_entries audit_log_entries_pkey; Type: CONSTRAINT; Schema: auth; Owner: supabase_auth_admin
--

ALTER TABLE ONLY auth.audit_log_entries
    ADD CONSTRAINT audit_log_entries_pkey PRIMARY KEY (id);


--
-- Name: flow_state flow_state_pkey; Type: CONSTRAINT; Schema: auth; Owner: supabase_auth_admin
--

ALTER TABLE ONLY auth.flow_state
    ADD CONSTRAINT flow_state_pkey PRIMARY KEY (id);


--
-- Name: identities identities_pkey; Type: CONSTRAINT; Schema: auth; Owner: supabase_auth_admin
--

ALTER TABLE ONLY auth.identities
    ADD CONSTRAINT identities_pkey PRIMARY KEY (id);


--
-- Name: identities identities_provider_id_provider_unique; Type: CONSTRAINT; Schema: auth; Owner: supabase_auth_admin
--

ALTER TABLE ONLY auth.identities
    ADD CONSTRAINT identities_provider_id_provider_unique UNIQUE (provider_id, provider);


--
-- Name: instances instances_pkey; Type: CONSTRAINT; Schema: auth; Owner: supabase_auth_admin
--

ALTER TABLE ONLY auth.instances
    ADD CONSTRAINT instances_pkey PRIMARY KEY (id);


--
-- Name: mfa_amr_claims mfa_amr_claims_session_id_authentication_method_pkey; Type: CONSTRAINT; Schema: auth; Owner: supabase_auth_admin
--

ALTER TABLE ONLY auth.mfa_amr_claims
    ADD CONSTRAINT mfa_amr_claims_session_id_authentication_method_pkey UNIQUE (session_id, authentication_method);


--
-- Name: mfa_challenges mfa_challenges_pkey; Type: CONSTRAINT; Schema: auth; Owner: supabase_auth_admin
--

ALTER TABLE ONLY auth.mfa_challenges
    ADD CONSTRAINT mfa_challenges_pkey PRIMARY KEY (id);


--
-- Name: mfa_factors mfa_factors_last_challenged_at_key; Type: CONSTRAINT; Schema: auth; Owner: supabase_auth_admin
--

ALTER TABLE ONLY auth.mfa_factors
    ADD CONSTRAINT mfa_factors_last_challenged_at_key UNIQUE (last_challenged_at);


--
-- Name: mfa_factors mfa_factors_pkey; Type: CONSTRAINT; Schema: auth; Owner: supabase_auth_admin
--

ALTER TABLE ONLY auth.mfa_factors
    ADD CONSTRAINT mfa_factors_pkey PRIMARY KEY (id);


--
-- Name: oauth_authorizations oauth_authorizations_authorization_code_key; Type: CONSTRAINT; Schema: auth; Owner: supabase_auth_admin
--

ALTER TABLE ONLY auth.oauth_authorizations
    ADD CONSTRAINT oauth_authorizations_authorization_code_key UNIQUE (authorization_code);


--
-- Name: oauth_authorizations oauth_authorizations_authorization_id_key; Type: CONSTRAINT; Schema: auth; Owner: supabase_auth_admin
--

ALTER TABLE ONLY auth.oauth_authorizations
    ADD CONSTRAINT oauth_authorizations_authorization_id_key UNIQUE (authorization_id);


--
-- Name: oauth_authorizations oauth_authorizations_pkey; Type: CONSTRAINT; Schema: auth; Owner: supabase_auth_admin
--

ALTER TABLE ONLY auth.oauth_authorizations
    ADD CONSTRAINT oauth_authorizations_pkey PRIMARY KEY (id);


--
-- Name: oauth_clients oauth_clients_pkey; Type: CONSTRAINT; Schema: auth; Owner: supabase_auth_admin
--

ALTER TABLE ONLY auth.oauth_clients
    ADD CONSTRAINT oauth_clients_pkey PRIMARY KEY (id);


--
-- Name: oauth_consents oauth_consents_pkey; Type: CONSTRAINT; Schema: auth; Owner: supabase_auth_admin
--

ALTER TABLE ONLY auth.oauth_consents
    ADD CONSTRAINT oauth_consents_pkey PRIMARY KEY (id);


--
-- Name: oauth_consents oauth_consents_user_client_unique; Type: CONSTRAINT; Schema: auth; Owner: supabase_auth_admin
--

ALTER TABLE ONLY auth.oauth_consents
    ADD CONSTRAINT oauth_consents_user_client_unique UNIQUE (user_id, client_id);


--
-- Name: one_time_tokens one_time_tokens_pkey; Type: CONSTRAINT; Schema: auth; Owner: supabase_auth_admin
--

ALTER TABLE ONLY auth.one_time_tokens
    ADD CONSTRAINT one_time_tokens_pkey PRIMARY KEY (id);


--
-- Name: refresh_tokens refresh_tokens_pkey; Type: CONSTRAINT; Schema: auth; Owner: supabase_auth_admin
--

ALTER TABLE ONLY auth.refresh_tokens
    ADD CONSTRAINT refresh_tokens_pkey PRIMARY KEY (id);


--
-- Name: refresh_tokens refresh_tokens_token_unique; Type: CONSTRAINT; Schema: auth; Owner: supabase_auth_admin
--

ALTER TABLE ONLY auth.refresh_tokens
    ADD CONSTRAINT refresh_tokens_token_unique UNIQUE (token);


--
-- Name: saml_providers saml_providers_entity_id_key; Type: CONSTRAINT; Schema: auth; Owner: supabase_auth_admin
--

ALTER TABLE ONLY auth.saml_providers
    ADD CONSTRAINT saml_providers_entity_id_key UNIQUE (entity_id);


--
-- Name: saml_providers saml_providers_pkey; Type: CONSTRAINT; Schema: auth; Owner: supabase_auth_admin
--

ALTER TABLE ONLY auth.saml_providers
    ADD CONSTRAINT saml_providers_pkey PRIMARY KEY (id);


--
-- Name: saml_relay_states saml_relay_states_pkey; Type: CONSTRAINT; Schema: auth; Owner: supabase_auth_admin
--

ALTER TABLE ONLY auth.saml_relay_states
    ADD CONSTRAINT saml_relay_states_pkey PRIMARY KEY (id);


--
-- Name: schema_migrations schema_migrations_pkey; Type: CONSTRAINT; Schema: auth; Owner: supabase_auth_admin
--

ALTER TABLE ONLY auth.schema_migrations
    ADD CONSTRAINT schema_migrations_pkey PRIMARY KEY (version);


--
-- Name: sessions sessions_pkey; Type: CONSTRAINT; Schema: auth; Owner: supabase_auth_admin
--

ALTER TABLE ONLY auth.sessions
    ADD CONSTRAINT sessions_pkey PRIMARY KEY (id);


--
-- Name: sso_domains sso_domains_pkey; Type: CONSTRAINT; Schema: auth; Owner: supabase_auth_admin
--

ALTER TABLE ONLY auth.sso_domains
    ADD CONSTRAINT sso_domains_pkey PRIMARY KEY (id);


--
-- Name: sso_providers sso_providers_pkey; Type: CONSTRAINT; Schema: auth; Owner: supabase_auth_admin
--

ALTER TABLE ONLY auth.sso_providers
    ADD CONSTRAINT sso_providers_pkey PRIMARY KEY (id);


--
-- Name: users users_phone_key; Type: CONSTRAINT; Schema: auth; Owner: supabase_auth_admin
--

ALTER TABLE ONLY auth.users
    ADD CONSTRAINT users_phone_key UNIQUE (phone);


--
-- Name: users users_pkey; Type: CONSTRAINT; Schema: auth; Owner: supabase_auth_admin
--

ALTER TABLE ONLY auth.users
    ADD CONSTRAINT users_pkey PRIMARY KEY (id);


--
-- Name: emergency_alerts emergency_alerts_pkey; Type: CONSTRAINT; Schema: public; Owner: postgres
--

ALTER TABLE ONLY public.emergency_alerts
    ADD CONSTRAINT emergency_alerts_pkey PRIMARY KEY (id);


--
-- Name: kyc_verifications kyc_verifications_pkey; Type: CONSTRAINT; Schema: public; Owner: postgres
--

ALTER TABLE ONLY public.kyc_verifications
    ADD CONSTRAINT kyc_verifications_pkey PRIMARY KEY (id);


--
-- Name: kyc_verifications kyc_verifications_user_id_key; Type: CONSTRAINT; Schema: public; Owner: postgres
--

ALTER TABLE ONLY public.kyc_verifications
    ADD CONSTRAINT kyc_verifications_user_id_key UNIQUE (user_id);


--
-- Name: tourist_info tourist_info_pkey; Type: CONSTRAINT; Schema: public; Owner: postgres
--

ALTER TABLE ONLY public.tourist_info
    ADD CONSTRAINT tourist_info_pkey PRIMARY KEY (id);


--
-- Name: user_locations user_locations_pkey; Type: CONSTRAINT; Schema: public; Owner: postgres
--

ALTER TABLE ONLY public.user_locations
    ADD CONSTRAINT user_locations_pkey PRIMARY KEY (id);


--
-- Name: user_profiles user_profiles_digital_id_key; Type: CONSTRAINT; Schema: public; Owner: postgres
--

ALTER TABLE ONLY public.user_profiles
    ADD CONSTRAINT user_profiles_digital_id_key UNIQUE (digital_id);


--
-- Name: user_profiles user_profiles_pkey; Type: CONSTRAINT; Schema: public; Owner: postgres
--

ALTER TABLE ONLY public.user_profiles
    ADD CONSTRAINT user_profiles_pkey PRIMARY KEY (id);


--
-- Name: messages messages_pkey; Type: CONSTRAINT; Schema: realtime; Owner: supabase_realtime_admin
--

ALTER TABLE ONLY realtime.messages
    ADD CONSTRAINT messages_pkey PRIMARY KEY (id, inserted_at);


--
-- Name: subscription pk_subscription; Type: CONSTRAINT; Schema: realtime; Owner: supabase_admin
--

ALTER TABLE ONLY realtime.subscription
    ADD CONSTRAINT pk_subscription PRIMARY KEY (id);


--
-- Name: schema_migrations schema_migrations_pkey; Type: CONSTRAINT; Schema: realtime; Owner: supabase_admin
--

ALTER TABLE ONLY realtime.schema_migrations
    ADD CONSTRAINT schema_migrations_pkey PRIMARY KEY (version);


--
-- Name: buckets_analytics buckets_analytics_pkey; Type: CONSTRAINT; Schema: storage; Owner: supabase_storage_admin
--

ALTER TABLE ONLY storage.buckets_analytics
    ADD CONSTRAINT buckets_analytics_pkey PRIMARY KEY (id);


--
-- Name: buckets buckets_pkey; Type: CONSTRAINT; Schema: storage; Owner: supabase_storage_admin
--

ALTER TABLE ONLY storage.buckets
    ADD CONSTRAINT buckets_pkey PRIMARY KEY (id);


--
-- Name: migrations migrations_name_key; Type: CONSTRAINT; Schema: storage; Owner: supabase_storage_admin
--

ALTER TABLE ONLY storage.migrations
    ADD CONSTRAINT migrations_name_key UNIQUE (name);


--
-- Name: migrations migrations_pkey; Type: CONSTRAINT; Schema: storage; Owner: supabase_storage_admin
--

ALTER TABLE ONLY storage.migrations
    ADD CONSTRAINT migrations_pkey PRIMARY KEY (id);


--
-- Name: objects objects_pkey; Type: CONSTRAINT; Schema: storage; Owner: supabase_storage_admin
--

ALTER TABLE ONLY storage.objects
    ADD CONSTRAINT objects_pkey PRIMARY KEY (id);


--
-- Name: prefixes prefixes_pkey; Type: CONSTRAINT; Schema: storage; Owner: supabase_storage_admin
--

ALTER TABLE ONLY storage.prefixes
    ADD CONSTRAINT prefixes_pkey PRIMARY KEY (bucket_id, level, name);


--
-- Name: s3_multipart_uploads_parts s3_multipart_uploads_parts_pkey; Type: CONSTRAINT; Schema: storage; Owner: supabase_storage_admin
--

ALTER TABLE ONLY storage.s3_multipart_uploads_parts
    ADD CONSTRAINT s3_multipart_uploads_parts_pkey PRIMARY KEY (id);


--
-- Name: s3_multipart_uploads s3_multipart_uploads_pkey; Type: CONSTRAINT; Schema: storage; Owner: supabase_storage_admin
--

ALTER TABLE ONLY storage.s3_multipart_uploads
    ADD CONSTRAINT s3_multipart_uploads_pkey PRIMARY KEY (id);


--
-- Name: audit_logs_instance_id_idx; Type: INDEX; Schema: auth; Owner: supabase_auth_admin
--

CREATE INDEX audit_logs_instance_id_idx ON auth.audit_log_entries USING btree (instance_id);


--
-- Name: confirmation_token_idx; Type: INDEX; Schema: auth; Owner: supabase_auth_admin
--

CREATE UNIQUE INDEX confirmation_token_idx ON auth.users USING btree (confirmation_token) WHERE ((confirmation_token)::text !~ '^[0-9 ]*$'::text);


--
-- Name: email_change_token_current_idx; Type: INDEX; Schema: auth; Owner: supabase_auth_admin
--

CREATE UNIQUE INDEX email_change_token_current_idx ON auth.users USING btree (email_change_token_current) WHERE ((email_change_token_current)::text !~ '^[0-9 ]*$'::text);


--
-- Name: email_change_token_new_idx; Type: INDEX; Schema: auth; Owner: supabase_auth_admin
--

CREATE UNIQUE INDEX email_change_token_new_idx ON auth.users USING btree (email_change_token_new) WHERE ((email_change_token_new)::text !~ '^[0-9 ]*$'::text);


--
-- Name: factor_id_created_at_idx; Type: INDEX; Schema: auth; Owner: supabase_auth_admin
--

CREATE INDEX factor_id_created_at_idx ON auth.mfa_factors USING btree (user_id, created_at);


--
-- Name: flow_state_created_at_idx; Type: INDEX; Schema: auth; Owner: supabase_auth_admin
--

CREATE INDEX flow_state_created_at_idx ON auth.flow_state USING btree (created_at DESC);


--
-- Name: identities_email_idx; Type: INDEX; Schema: auth; Owner: supabase_auth_admin
--

CREATE INDEX identities_email_idx ON auth.identities USING btree (email text_pattern_ops);


--
-- Name: INDEX identities_email_idx; Type: COMMENT; Schema: auth; Owner: supabase_auth_admin
--

COMMENT ON INDEX auth.identities_email_idx IS 'Auth: Ensures indexed queries on the email column';


--
-- Name: identities_user_id_idx; Type: INDEX; Schema: auth; Owner: supabase_auth_admin
--

CREATE INDEX identities_user_id_idx ON auth.identities USING btree (user_id);


--
-- Name: idx_auth_code; Type: INDEX; Schema: auth; Owner: supabase_auth_admin
--

CREATE INDEX idx_auth_code ON auth.flow_state USING btree (auth_code);


--
-- Name: idx_user_id_auth_method; Type: INDEX; Schema: auth; Owner: supabase_auth_admin
--

CREATE INDEX idx_user_id_auth_method ON auth.flow_state USING btree (user_id, authentication_method);


--
-- Name: mfa_challenge_created_at_idx; Type: INDEX; Schema: auth; Owner: supabase_auth_admin
--

CREATE INDEX mfa_challenge_created_at_idx ON auth.mfa_challenges USING btree (created_at DESC);


--
-- Name: mfa_factors_user_friendly_name_unique; Type: INDEX; Schema: auth; Owner: supabase_auth_admin
--

CREATE UNIQUE INDEX mfa_factors_user_friendly_name_unique ON auth.mfa_factors USING btree (friendly_name, user_id) WHERE (TRIM(BOTH FROM friendly_name) <> ''::text);


--
-- Name: mfa_factors_user_id_idx; Type: INDEX; Schema: auth; Owner: supabase_auth_admin
--

CREATE INDEX mfa_factors_user_id_idx ON auth.mfa_factors USING btree (user_id);


--
-- Name: oauth_auth_pending_exp_idx; Type: INDEX; Schema: auth; Owner: supabase_auth_admin
--

CREATE INDEX oauth_auth_pending_exp_idx ON auth.oauth_authorizations USING btree (expires_at) WHERE (status = 'pending'::auth.oauth_authorization_status);


--
-- Name: oauth_clients_deleted_at_idx; Type: INDEX; Schema: auth; Owner: supabase_auth_admin
--

CREATE INDEX oauth_clients_deleted_at_idx ON auth.oauth_clients USING btree (deleted_at);


--
-- Name: oauth_consents_active_client_idx; Type: INDEX; Schema: auth; Owner: supabase_auth_admin
--

CREATE INDEX oauth_consents_active_client_idx ON auth.oauth_consents USING btree (client_id) WHERE (revoked_at IS NULL);


--
-- Name: oauth_consents_active_user_client_idx; Type: INDEX; Schema: auth; Owner: supabase_auth_admin
--

CREATE INDEX oauth_consents_active_user_client_idx ON auth.oauth_consents USING btree (user_id, client_id) WHERE (revoked_at IS NULL);


--
-- Name: oauth_consents_user_order_idx; Type: INDEX; Schema: auth; Owner: supabase_auth_admin
--

CREATE INDEX oauth_consents_user_order_idx ON auth.oauth_consents USING btree (user_id, granted_at DESC);


--
-- Name: one_time_tokens_relates_to_hash_idx; Type: INDEX; Schema: auth; Owner: supabase_auth_admin
--

CREATE INDEX one_time_tokens_relates_to_hash_idx ON auth.one_time_tokens USING hash (relates_to);


--
-- Name: one_time_tokens_token_hash_hash_idx; Type: INDEX; Schema: auth; Owner: supabase_auth_admin
--

CREATE INDEX one_time_tokens_token_hash_hash_idx ON auth.one_time_tokens USING hash (token_hash);


--
-- Name: one_time_tokens_user_id_token_type_key; Type: INDEX; Schema: auth; Owner: supabase_auth_admin
--

CREATE UNIQUE INDEX one_time_tokens_user_id_token_type_key ON auth.one_time_tokens USING btree (user_id, token_type);


--
-- Name: reauthentication_token_idx; Type: INDEX; Schema: auth; Owner: supabase_auth_admin
--

CREATE UNIQUE INDEX reauthentication_token_idx ON auth.users USING btree (reauthentication_token) WHERE ((reauthentication_token)::text !~ '^[0-9 ]*$'::text);


--
-- Name: recovery_token_idx; Type: INDEX; Schema: auth; Owner: supabase_auth_admin
--

CREATE UNIQUE INDEX recovery_token_idx ON auth.users USING btree (recovery_token) WHERE ((recovery_token)::text !~ '^[0-9 ]*$'::text);


--
-- Name: refresh_tokens_instance_id_idx; Type: INDEX; Schema: auth; Owner: supabase_auth_admin
--

CREATE INDEX refresh_tokens_instance_id_idx ON auth.refresh_tokens USING btree (instance_id);


--
-- Name: refresh_tokens_instance_id_user_id_idx; Type: INDEX; Schema: auth; Owner: supabase_auth_admin
--

CREATE INDEX refresh_tokens_instance_id_user_id_idx ON auth.refresh_tokens USING btree (instance_id, user_id);


--
-- Name: refresh_tokens_parent_idx; Type: INDEX; Schema: auth; Owner: supabase_auth_admin
--

CREATE INDEX refresh_tokens_parent_idx ON auth.refresh_tokens USING btree (parent);


--
-- Name: refresh_tokens_session_id_revoked_idx; Type: INDEX; Schema: auth; Owner: supabase_auth_admin
--

CREATE INDEX refresh_tokens_session_id_revoked_idx ON auth.refresh_tokens USING btree (session_id, revoked);


--
-- Name: refresh_tokens_updated_at_idx; Type: INDEX; Schema: auth; Owner: supabase_auth_admin
--

CREATE INDEX refresh_tokens_updated_at_idx ON auth.refresh_tokens USING btree (updated_at DESC);


--
-- Name: saml_providers_sso_provider_id_idx; Type: INDEX; Schema: auth; Owner: supabase_auth_admin
--

CREATE INDEX saml_providers_sso_provider_id_idx ON auth.saml_providers USING btree (sso_provider_id);


--
-- Name: saml_relay_states_created_at_idx; Type: INDEX; Schema: auth; Owner: supabase_auth_admin
--

CREATE INDEX saml_relay_states_created_at_idx ON auth.saml_relay_states USING btree (created_at DESC);


--
-- Name: saml_relay_states_for_email_idx; Type: INDEX; Schema: auth; Owner: supabase_auth_admin
--

CREATE INDEX saml_relay_states_for_email_idx ON auth.saml_relay_states USING btree (for_email);


--
-- Name: saml_relay_states_sso_provider_id_idx; Type: INDEX; Schema: auth; Owner: supabase_auth_admin
--

CREATE INDEX saml_relay_states_sso_provider_id_idx ON auth.saml_relay_states USING btree (sso_provider_id);


--
-- Name: sessions_not_after_idx; Type: INDEX; Schema: auth; Owner: supabase_auth_admin
--

CREATE INDEX sessions_not_after_idx ON auth.sessions USING btree (not_after DESC);


--
-- Name: sessions_oauth_client_id_idx; Type: INDEX; Schema: auth; Owner: supabase_auth_admin
--

CREATE INDEX sessions_oauth_client_id_idx ON auth.sessions USING btree (oauth_client_id);


--
-- Name: sessions_user_id_idx; Type: INDEX; Schema: auth; Owner: supabase_auth_admin
--

CREATE INDEX sessions_user_id_idx ON auth.sessions USING btree (user_id);


--
-- Name: sso_domains_domain_idx; Type: INDEX; Schema: auth; Owner: supabase_auth_admin
--

CREATE UNIQUE INDEX sso_domains_domain_idx ON auth.sso_domains USING btree (lower(domain));


--
-- Name: sso_domains_sso_provider_id_idx; Type: INDEX; Schema: auth; Owner: supabase_auth_admin
--

CREATE INDEX sso_domains_sso_provider_id_idx ON auth.sso_domains USING btree (sso_provider_id);


--
-- Name: sso_providers_resource_id_idx; Type: INDEX; Schema: auth; Owner: supabase_auth_admin
--

CREATE UNIQUE INDEX sso_providers_resource_id_idx ON auth.sso_providers USING btree (lower(resource_id));


--
-- Name: sso_providers_resource_id_pattern_idx; Type: INDEX; Schema: auth; Owner: supabase_auth_admin
--

CREATE INDEX sso_providers_resource_id_pattern_idx ON auth.sso_providers USING btree (resource_id text_pattern_ops);


--
-- Name: unique_phone_factor_per_user; Type: INDEX; Schema: auth; Owner: supabase_auth_admin
--

CREATE UNIQUE INDEX unique_phone_factor_per_user ON auth.mfa_factors USING btree (user_id, phone);


--
-- Name: user_id_created_at_idx; Type: INDEX; Schema: auth; Owner: supabase_auth_admin
--

CREATE INDEX user_id_created_at_idx ON auth.sessions USING btree (user_id, created_at);


--
-- Name: users_email_partial_key; Type: INDEX; Schema: auth; Owner: supabase_auth_admin
--

CREATE UNIQUE INDEX users_email_partial_key ON auth.users USING btree (email) WHERE (is_sso_user = false);


--
-- Name: INDEX users_email_partial_key; Type: COMMENT; Schema: auth; Owner: supabase_auth_admin
--

COMMENT ON INDEX auth.users_email_partial_key IS 'Auth: A partial unique index that applies only when is_sso_user is false';


--
-- Name: users_instance_id_email_idx; Type: INDEX; Schema: auth; Owner: supabase_auth_admin
--

CREATE INDEX users_instance_id_email_idx ON auth.users USING btree (instance_id, lower((email)::text));


--
-- Name: users_instance_id_idx; Type: INDEX; Schema: auth; Owner: supabase_auth_admin
--

CREATE INDEX users_instance_id_idx ON auth.users USING btree (instance_id);


--
-- Name: users_is_anonymous_idx; Type: INDEX; Schema: auth; Owner: supabase_auth_admin
--

CREATE INDEX users_is_anonymous_idx ON auth.users USING btree (is_anonymous);


--
-- Name: idx_kyc_status; Type: INDEX; Schema: public; Owner: postgres
--

CREATE INDEX idx_kyc_status ON public.kyc_verifications USING btree (status);


--
-- Name: idx_kyc_user_id; Type: INDEX; Schema: public; Owner: postgres
--

CREATE INDEX idx_kyc_user_id ON public.kyc_verifications USING btree (user_id);


--
-- Name: ix_realtime_subscription_entity; Type: INDEX; Schema: realtime; Owner: supabase_admin
--

CREATE INDEX ix_realtime_subscription_entity ON realtime.subscription USING btree (entity);


--
-- Name: subscription_subscription_id_entity_filters_key; Type: INDEX; Schema: realtime; Owner: supabase_admin
--

CREATE UNIQUE INDEX subscription_subscription_id_entity_filters_key ON realtime.subscription USING btree (subscription_id, entity, filters);


--
-- Name: bname; Type: INDEX; Schema: storage; Owner: supabase_storage_admin
--

CREATE UNIQUE INDEX bname ON storage.buckets USING btree (name);


--
-- Name: bucketid_objname; Type: INDEX; Schema: storage; Owner: supabase_storage_admin
--

CREATE UNIQUE INDEX bucketid_objname ON storage.objects USING btree (bucket_id, name);


--
-- Name: idx_multipart_uploads_list; Type: INDEX; Schema: storage; Owner: supabase_storage_admin
--

CREATE INDEX idx_multipart_uploads_list ON storage.s3_multipart_uploads USING btree (bucket_id, key, created_at);


--
-- Name: idx_name_bucket_level_unique; Type: INDEX; Schema: storage; Owner: supabase_storage_admin
--

CREATE UNIQUE INDEX idx_name_bucket_level_unique ON storage.objects USING btree (name COLLATE "C", bucket_id, level);


--
-- Name: idx_objects_bucket_id_name; Type: INDEX; Schema: storage; Owner: supabase_storage_admin
--

CREATE INDEX idx_objects_bucket_id_name ON storage.objects USING btree (bucket_id, name COLLATE "C");


--
-- Name: idx_objects_lower_name; Type: INDEX; Schema: storage; Owner: supabase_storage_admin
--

CREATE INDEX idx_objects_lower_name ON storage.objects USING btree ((path_tokens[level]), lower(name) text_pattern_ops, bucket_id, level);


--
-- Name: idx_prefixes_lower_name; Type: INDEX; Schema: storage; Owner: supabase_storage_admin
--

CREATE INDEX idx_prefixes_lower_name ON storage.prefixes USING btree (bucket_id, level, ((string_to_array(name, '/'::text))[level]), lower(name) text_pattern_ops);


--
-- Name: name_prefix_search; Type: INDEX; Schema: storage; Owner: supabase_storage_admin
--

CREATE INDEX name_prefix_search ON storage.objects USING btree (name text_pattern_ops);


--
-- Name: objects_bucket_id_level_idx; Type: INDEX; Schema: storage; Owner: supabase_storage_admin
--

CREATE UNIQUE INDEX objects_bucket_id_level_idx ON storage.objects USING btree (bucket_id, level, name COLLATE "C");


--
-- Name: users on_auth_user_created; Type: TRIGGER; Schema: auth; Owner: supabase_auth_admin
--

CREATE TRIGGER on_auth_user_created AFTER INSERT OR UPDATE ON auth.users FOR EACH ROW WHEN ((new.email_confirmed_at IS NOT NULL)) EXECUTE FUNCTION public.handle_new_user();


--
-- Name: subscription tr_check_filters; Type: TRIGGER; Schema: realtime; Owner: supabase_admin
--

CREATE TRIGGER tr_check_filters BEFORE INSERT OR UPDATE ON realtime.subscription FOR EACH ROW EXECUTE FUNCTION realtime.subscription_check_filters();


--
-- Name: buckets enforce_bucket_name_length_trigger; Type: TRIGGER; Schema: storage; Owner: supabase_storage_admin
--

CREATE TRIGGER enforce_bucket_name_length_trigger BEFORE INSERT OR UPDATE OF name ON storage.buckets FOR EACH ROW EXECUTE FUNCTION storage.enforce_bucket_name_length();


--
-- Name: objects objects_delete_delete_prefix; Type: TRIGGER; Schema: storage; Owner: supabase_storage_admin
--

CREATE TRIGGER objects_delete_delete_prefix AFTER DELETE ON storage.objects FOR EACH ROW EXECUTE FUNCTION storage.delete_prefix_hierarchy_trigger();


--
-- Name: objects objects_insert_create_prefix; Type: TRIGGER; Schema: storage; Owner: supabase_storage_admin
--

CREATE TRIGGER objects_insert_create_prefix BEFORE INSERT ON storage.objects FOR EACH ROW EXECUTE FUNCTION storage.objects_insert_prefix_trigger();


--
-- Name: objects objects_update_create_prefix; Type: TRIGGER; Schema: storage; Owner: supabase_storage_admin
--

CREATE TRIGGER objects_update_create_prefix BEFORE UPDATE ON storage.objects FOR EACH ROW WHEN (((new.name <> old.name) OR (new.bucket_id <> old.bucket_id))) EXECUTE FUNCTION storage.objects_update_prefix_trigger();


--
-- Name: prefixes prefixes_create_hierarchy; Type: TRIGGER; Schema: storage; Owner: supabase_storage_admin
--

CREATE TRIGGER prefixes_create_hierarchy BEFORE INSERT ON storage.prefixes FOR EACH ROW WHEN ((pg_trigger_depth() < 1)) EXECUTE FUNCTION storage.prefixes_insert_trigger();


--
-- Name: prefixes prefixes_delete_hierarchy; Type: TRIGGER; Schema: storage; Owner: supabase_storage_admin
--

CREATE TRIGGER prefixes_delete_hierarchy AFTER DELETE ON storage.prefixes FOR EACH ROW EXECUTE FUNCTION storage.delete_prefix_hierarchy_trigger();


--
-- Name: objects update_objects_updated_at; Type: TRIGGER; Schema: storage; Owner: supabase_storage_admin
--

CREATE TRIGGER update_objects_updated_at BEFORE UPDATE ON storage.objects FOR EACH ROW EXECUTE FUNCTION storage.update_updated_at_column();


--
-- Name: identities identities_user_id_fkey; Type: FK CONSTRAINT; Schema: auth; Owner: supabase_auth_admin
--

ALTER TABLE ONLY auth.identities
    ADD CONSTRAINT identities_user_id_fkey FOREIGN KEY (user_id) REFERENCES auth.users(id) ON DELETE CASCADE;


--
-- Name: mfa_amr_claims mfa_amr_claims_session_id_fkey; Type: FK CONSTRAINT; Schema: auth; Owner: supabase_auth_admin
--

ALTER TABLE ONLY auth.mfa_amr_claims
    ADD CONSTRAINT mfa_amr_claims_session_id_fkey FOREIGN KEY (session_id) REFERENCES auth.sessions(id) ON DELETE CASCADE;


--
-- Name: mfa_challenges mfa_challenges_auth_factor_id_fkey; Type: FK CONSTRAINT; Schema: auth; Owner: supabase_auth_admin
--

ALTER TABLE ONLY auth.mfa_challenges
    ADD CONSTRAINT mfa_challenges_auth_factor_id_fkey FOREIGN KEY (factor_id) REFERENCES auth.mfa_factors(id) ON DELETE CASCADE;


--
-- Name: mfa_factors mfa_factors_user_id_fkey; Type: FK CONSTRAINT; Schema: auth; Owner: supabase_auth_admin
--

ALTER TABLE ONLY auth.mfa_factors
    ADD CONSTRAINT mfa_factors_user_id_fkey FOREIGN KEY (user_id) REFERENCES auth.users(id) ON DELETE CASCADE;


--
-- Name: oauth_authorizations oauth_authorizations_client_id_fkey; Type: FK CONSTRAINT; Schema: auth; Owner: supabase_auth_admin
--

ALTER TABLE ONLY auth.oauth_authorizations
    ADD CONSTRAINT oauth_authorizations_client_id_fkey FOREIGN KEY (client_id) REFERENCES auth.oauth_clients(id) ON DELETE CASCADE;


--
-- Name: oauth_authorizations oauth_authorizations_user_id_fkey; Type: FK CONSTRAINT; Schema: auth; Owner: supabase_auth_admin
--

ALTER TABLE ONLY auth.oauth_authorizations
    ADD CONSTRAINT oauth_authorizations_user_id_fkey FOREIGN KEY (user_id) REFERENCES auth.users(id) ON DELETE CASCADE;


--
-- Name: oauth_consents oauth_consents_client_id_fkey; Type: FK CONSTRAINT; Schema: auth; Owner: supabase_auth_admin
--

ALTER TABLE ONLY auth.oauth_consents
    ADD CONSTRAINT oauth_consents_client_id_fkey FOREIGN KEY (client_id) REFERENCES auth.oauth_clients(id) ON DELETE CASCADE;


--
-- Name: oauth_consents oauth_consents_user_id_fkey; Type: FK CONSTRAINT; Schema: auth; Owner: supabase_auth_admin
--

ALTER TABLE ONLY auth.oauth_consents
    ADD CONSTRAINT oauth_consents_user_id_fkey FOREIGN KEY (user_id) REFERENCES auth.users(id) ON DELETE CASCADE;


--
-- Name: one_time_tokens one_time_tokens_user_id_fkey; Type: FK CONSTRAINT; Schema: auth; Owner: supabase_auth_admin
--

ALTER TABLE ONLY auth.one_time_tokens
    ADD CONSTRAINT one_time_tokens_user_id_fkey FOREIGN KEY (user_id) REFERENCES auth.users(id) ON DELETE CASCADE;


--
-- Name: refresh_tokens refresh_tokens_session_id_fkey; Type: FK CONSTRAINT; Schema: auth; Owner: supabase_auth_admin
--

ALTER TABLE ONLY auth.refresh_tokens
    ADD CONSTRAINT refresh_tokens_session_id_fkey FOREIGN KEY (session_id) REFERENCES auth.sessions(id) ON DELETE CASCADE;


--
-- Name: saml_providers saml_providers_sso_provider_id_fkey; Type: FK CONSTRAINT; Schema: auth; Owner: supabase_auth_admin
--

ALTER TABLE ONLY auth.saml_providers
    ADD CONSTRAINT saml_providers_sso_provider_id_fkey FOREIGN KEY (sso_provider_id) REFERENCES auth.sso_providers(id) ON DELETE CASCADE;


--
-- Name: saml_relay_states saml_relay_states_flow_state_id_fkey; Type: FK CONSTRAINT; Schema: auth; Owner: supabase_auth_admin
--

ALTER TABLE ONLY auth.saml_relay_states
    ADD CONSTRAINT saml_relay_states_flow_state_id_fkey FOREIGN KEY (flow_state_id) REFERENCES auth.flow_state(id) ON DELETE CASCADE;


--
-- Name: saml_relay_states saml_relay_states_sso_provider_id_fkey; Type: FK CONSTRAINT; Schema: auth; Owner: supabase_auth_admin
--

ALTER TABLE ONLY auth.saml_relay_states
    ADD CONSTRAINT saml_relay_states_sso_provider_id_fkey FOREIGN KEY (sso_provider_id) REFERENCES auth.sso_providers(id) ON DELETE CASCADE;


--
-- Name: sessions sessions_oauth_client_id_fkey; Type: FK CONSTRAINT; Schema: auth; Owner: supabase_auth_admin
--

ALTER TABLE ONLY auth.sessions
    ADD CONSTRAINT sessions_oauth_client_id_fkey FOREIGN KEY (oauth_client_id) REFERENCES auth.oauth_clients(id) ON DELETE CASCADE;


--
-- Name: sessions sessions_user_id_fkey; Type: FK CONSTRAINT; Schema: auth; Owner: supabase_auth_admin
--

ALTER TABLE ONLY auth.sessions
    ADD CONSTRAINT sessions_user_id_fkey FOREIGN KEY (user_id) REFERENCES auth.users(id) ON DELETE CASCADE;


--
-- Name: sso_domains sso_domains_sso_provider_id_fkey; Type: FK CONSTRAINT; Schema: auth; Owner: supabase_auth_admin
--

ALTER TABLE ONLY auth.sso_domains
    ADD CONSTRAINT sso_domains_sso_provider_id_fkey FOREIGN KEY (sso_provider_id) REFERENCES auth.sso_providers(id) ON DELETE CASCADE;


--
-- Name: emergency_alerts emergency_alerts_user_id_fkey; Type: FK CONSTRAINT; Schema: public; Owner: postgres
--

ALTER TABLE ONLY public.emergency_alerts
    ADD CONSTRAINT emergency_alerts_user_id_fkey FOREIGN KEY (user_id) REFERENCES public.user_profiles(id) ON DELETE CASCADE;


--
-- Name: tourist_info tourist_info_user_id_fkey; Type: FK CONSTRAINT; Schema: public; Owner: postgres
--

ALTER TABLE ONLY public.tourist_info
    ADD CONSTRAINT tourist_info_user_id_fkey FOREIGN KEY (user_id) REFERENCES public.user_profiles(id) ON DELETE CASCADE;


--
-- Name: user_locations user_locations_user_id_fkey; Type: FK CONSTRAINT; Schema: public; Owner: postgres
--

ALTER TABLE ONLY public.user_locations
    ADD CONSTRAINT user_locations_user_id_fkey FOREIGN KEY (user_id) REFERENCES public.user_profiles(id) ON DELETE CASCADE;


--
-- Name: user_profiles user_profiles_id_fkey; Type: FK CONSTRAINT; Schema: public; Owner: postgres
--

ALTER TABLE ONLY public.user_profiles
    ADD CONSTRAINT user_profiles_id_fkey FOREIGN KEY (id) REFERENCES auth.users(id);


--
-- Name: objects objects_bucketId_fkey; Type: FK CONSTRAINT; Schema: storage; Owner: supabase_storage_admin
--

ALTER TABLE ONLY storage.objects
    ADD CONSTRAINT "objects_bucketId_fkey" FOREIGN KEY (bucket_id) REFERENCES storage.buckets(id);


--
-- Name: prefixes prefixes_bucketId_fkey; Type: FK CONSTRAINT; Schema: storage; Owner: supabase_storage_admin
--

ALTER TABLE ONLY storage.prefixes
    ADD CONSTRAINT "prefixes_bucketId_fkey" FOREIGN KEY (bucket_id) REFERENCES storage.buckets(id);


--
-- Name: s3_multipart_uploads s3_multipart_uploads_bucket_id_fkey; Type: FK CONSTRAINT; Schema: storage; Owner: supabase_storage_admin
--

ALTER TABLE ONLY storage.s3_multipart_uploads
    ADD CONSTRAINT s3_multipart_uploads_bucket_id_fkey FOREIGN KEY (bucket_id) REFERENCES storage.buckets(id);


--
-- Name: s3_multipart_uploads_parts s3_multipart_uploads_parts_bucket_id_fkey; Type: FK CONSTRAINT; Schema: storage; Owner: supabase_storage_admin
--

ALTER TABLE ONLY storage.s3_multipart_uploads_parts
    ADD CONSTRAINT s3_multipart_uploads_parts_bucket_id_fkey FOREIGN KEY (bucket_id) REFERENCES storage.buckets(id);


--
-- Name: s3_multipart_uploads_parts s3_multipart_uploads_parts_upload_id_fkey; Type: FK CONSTRAINT; Schema: storage; Owner: supabase_storage_admin
--

ALTER TABLE ONLY storage.s3_multipart_uploads_parts
    ADD CONSTRAINT s3_multipart_uploads_parts_upload_id_fkey FOREIGN KEY (upload_id) REFERENCES storage.s3_multipart_uploads(id) ON DELETE CASCADE;


--
-- Name: audit_log_entries; Type: ROW SECURITY; Schema: auth; Owner: supabase_auth_admin
--

ALTER TABLE auth.audit_log_entries ENABLE ROW LEVEL SECURITY;

--
-- Name: flow_state; Type: ROW SECURITY; Schema: auth; Owner: supabase_auth_admin
--

ALTER TABLE auth.flow_state ENABLE ROW LEVEL SECURITY;

--
-- Name: identities; Type: ROW SECURITY; Schema: auth; Owner: supabase_auth_admin
--

ALTER TABLE auth.identities ENABLE ROW LEVEL SECURITY;

--
-- Name: instances; Type: ROW SECURITY; Schema: auth; Owner: supabase_auth_admin
--

ALTER TABLE auth.instances ENABLE ROW LEVEL SECURITY;

--
-- Name: mfa_amr_claims; Type: ROW SECURITY; Schema: auth; Owner: supabase_auth_admin
--

ALTER TABLE auth.mfa_amr_claims ENABLE ROW LEVEL SECURITY;

--
-- Name: mfa_challenges; Type: ROW SECURITY; Schema: auth; Owner: supabase_auth_admin
--

ALTER TABLE auth.mfa_challenges ENABLE ROW LEVEL SECURITY;

--
-- Name: mfa_factors; Type: ROW SECURITY; Schema: auth; Owner: supabase_auth_admin
--

ALTER TABLE auth.mfa_factors ENABLE ROW LEVEL SECURITY;

--
-- Name: one_time_tokens; Type: ROW SECURITY; Schema: auth; Owner: supabase_auth_admin
--

ALTER TABLE auth.one_time_tokens ENABLE ROW LEVEL SECURITY;

--
-- Name: refresh_tokens; Type: ROW SECURITY; Schema: auth; Owner: supabase_auth_admin
--

ALTER TABLE auth.refresh_tokens ENABLE ROW LEVEL SECURITY;

--
-- Name: saml_providers; Type: ROW SECURITY; Schema: auth; Owner: supabase_auth_admin
--

ALTER TABLE auth.saml_providers ENABLE ROW LEVEL SECURITY;

--
-- Name: saml_relay_states; Type: ROW SECURITY; Schema: auth; Owner: supabase_auth_admin
--

ALTER TABLE auth.saml_relay_states ENABLE ROW LEVEL SECURITY;

--
-- Name: schema_migrations; Type: ROW SECURITY; Schema: auth; Owner: supabase_auth_admin
--

ALTER TABLE auth.schema_migrations ENABLE ROW LEVEL SECURITY;

--
-- Name: sessions; Type: ROW SECURITY; Schema: auth; Owner: supabase_auth_admin
--

ALTER TABLE auth.sessions ENABLE ROW LEVEL SECURITY;

--
-- Name: sso_domains; Type: ROW SECURITY; Schema: auth; Owner: supabase_auth_admin
--

ALTER TABLE auth.sso_domains ENABLE ROW LEVEL SECURITY;

--
-- Name: sso_providers; Type: ROW SECURITY; Schema: auth; Owner: supabase_auth_admin
--

ALTER TABLE auth.sso_providers ENABLE ROW LEVEL SECURITY;

--
-- Name: users; Type: ROW SECURITY; Schema: auth; Owner: supabase_auth_admin
--

ALTER TABLE auth.users ENABLE ROW LEVEL SECURITY;

--
-- Name: user_profiles Enable insert for authenticated users during signup; Type: POLICY; Schema: public; Owner: postgres
--

CREATE POLICY "Enable insert for authenticated users during signup" ON public.user_profiles FOR INSERT WITH CHECK ((auth.uid() = id));


--
-- Name: emergency_alerts Public can view active alerts; Type: POLICY; Schema: public; Owner: postgres
--

CREATE POLICY "Public can view active alerts" ON public.emergency_alerts FOR SELECT USING ((status = 'active'::text));


--
-- Name: kyc_verifications Users can insert their own KYC data; Type: POLICY; Schema: public; Owner: postgres
--

CREATE POLICY "Users can insert their own KYC data" ON public.kyc_verifications FOR INSERT WITH CHECK ((auth.uid() = user_id));


--
-- Name: user_profiles Users can update own profile; Type: POLICY; Schema: public; Owner: postgres
--

CREATE POLICY "Users can update own profile" ON public.user_profiles FOR UPDATE USING ((auth.uid() = id));


--
-- Name: kyc_verifications Users can update their own KYC data; Type: POLICY; Schema: public; Owner: postgres
--

CREATE POLICY "Users can update their own KYC data" ON public.kyc_verifications FOR UPDATE USING ((auth.uid() = user_id));


--
-- Name: emergency_alerts Users can view own alerts; Type: POLICY; Schema: public; Owner: postgres
--

CREATE POLICY "Users can view own alerts" ON public.emergency_alerts USING ((auth.uid() = user_id));


--
-- Name: user_locations Users can view own locations; Type: POLICY; Schema: public; Owner: postgres
--

CREATE POLICY "Users can view own locations" ON public.user_locations USING ((auth.uid() = user_id));


--
-- Name: user_profiles Users can view own profile; Type: POLICY; Schema: public; Owner: postgres
--

CREATE POLICY "Users can view own profile" ON public.user_profiles FOR SELECT USING ((auth.uid() = id));


--
-- Name: tourist_info Users can view own tourist info; Type: POLICY; Schema: public; Owner: postgres
--

CREATE POLICY "Users can view own tourist info" ON public.tourist_info USING ((auth.uid() = user_id));


--
-- Name: kyc_verifications Users can view their own KYC data; Type: POLICY; Schema: public; Owner: postgres
--

CREATE POLICY "Users can view their own KYC data" ON public.kyc_verifications USING ((auth.uid() = user_id));


--
-- Name: emergency_alerts; Type: ROW SECURITY; Schema: public; Owner: postgres
--

ALTER TABLE public.emergency_alerts ENABLE ROW LEVEL SECURITY;

--
-- Name: kyc_verifications; Type: ROW SECURITY; Schema: public; Owner: postgres
--

ALTER TABLE public.kyc_verifications ENABLE ROW LEVEL SECURITY;

--
-- Name: tourist_info; Type: ROW SECURITY; Schema: public; Owner: postgres
--

ALTER TABLE public.tourist_info ENABLE ROW LEVEL SECURITY;

--
-- Name: user_locations; Type: ROW SECURITY; Schema: public; Owner: postgres
--

ALTER TABLE public.user_locations ENABLE ROW LEVEL SECURITY;

--
-- Name: tourist_info user_policy; Type: POLICY; Schema: public; Owner: postgres
--

CREATE POLICY user_policy ON public.tourist_info USING ((auth.uid() = user_id));


--
-- Name: user_profiles; Type: ROW SECURITY; Schema: public; Owner: postgres
--

ALTER TABLE public.user_profiles ENABLE ROW LEVEL SECURITY;

--
-- Name: messages; Type: ROW SECURITY; Schema: realtime; Owner: supabase_realtime_admin
--

ALTER TABLE realtime.messages ENABLE ROW LEVEL SECURITY;

--
-- Name: buckets; Type: ROW SECURITY; Schema: storage; Owner: supabase_storage_admin
--

ALTER TABLE storage.buckets ENABLE ROW LEVEL SECURITY;

--
-- Name: buckets_analytics; Type: ROW SECURITY; Schema: storage; Owner: supabase_storage_admin
--

ALTER TABLE storage.buckets_analytics ENABLE ROW LEVEL SECURITY;

--
-- Name: migrations; Type: ROW SECURITY; Schema: storage; Owner: supabase_storage_admin
--

ALTER TABLE storage.migrations ENABLE ROW LEVEL SECURITY;

--
-- Name: objects; Type: ROW SECURITY; Schema: storage; Owner: supabase_storage_admin
--

ALTER TABLE storage.objects ENABLE ROW LEVEL SECURITY;

--
-- Name: prefixes; Type: ROW SECURITY; Schema: storage; Owner: supabase_storage_admin
--

ALTER TABLE storage.prefixes ENABLE ROW LEVEL SECURITY;

--
-- Name: s3_multipart_uploads; Type: ROW SECURITY; Schema: storage; Owner: supabase_storage_admin
--

ALTER TABLE storage.s3_multipart_uploads ENABLE ROW LEVEL SECURITY;

--
-- Name: s3_multipart_uploads_parts; Type: ROW SECURITY; Schema: storage; Owner: supabase_storage_admin
--

ALTER TABLE storage.s3_multipart_uploads_parts ENABLE ROW LEVEL SECURITY;

--
-- Name: supabase_realtime; Type: PUBLICATION; Schema: -; Owner: postgres
--

CREATE PUBLICATION supabase_realtime WITH (publish = 'insert, update, delete, truncate');


ALTER PUBLICATION supabase_realtime OWNER TO postgres;

--
-- Name: SCHEMA auth; Type: ACL; Schema: -; Owner: supabase_admin
--

GRANT USAGE ON SCHEMA auth TO anon;
GRANT USAGE ON SCHEMA auth TO authenticated;
GRANT USAGE ON SCHEMA auth TO service_role;
GRANT ALL ON SCHEMA auth TO supabase_auth_admin;
GRANT ALL ON SCHEMA auth TO dashboard_user;
GRANT USAGE ON SCHEMA auth TO postgres;


--
-- Name: SCHEMA extensions; Type: ACL; Schema: -; Owner: postgres
--

GRANT USAGE ON SCHEMA extensions TO anon;
GRANT USAGE ON SCHEMA extensions TO authenticated;
GRANT USAGE ON SCHEMA extensions TO service_role;
GRANT ALL ON SCHEMA extensions TO dashboard_user;


--
-- Name: SCHEMA public; Type: ACL; Schema: -; Owner: pg_database_owner
--

GRANT USAGE ON SCHEMA public TO postgres;
GRANT USAGE ON SCHEMA public TO anon;
GRANT USAGE ON SCHEMA public TO authenticated;
GRANT USAGE ON SCHEMA public TO service_role;


--
-- Name: SCHEMA realtime; Type: ACL; Schema: -; Owner: supabase_admin
--

GRANT USAGE ON SCHEMA realtime TO postgres;
GRANT USAGE ON SCHEMA realtime TO anon;
GRANT USAGE ON SCHEMA realtime TO authenticated;
GRANT USAGE ON SCHEMA realtime TO service_role;
GRANT ALL ON SCHEMA realtime TO supabase_realtime_admin;


--
-- Name: SCHEMA storage; Type: ACL; Schema: -; Owner: supabase_admin
--

GRANT USAGE ON SCHEMA storage TO postgres WITH GRANT OPTION;
GRANT USAGE ON SCHEMA storage TO anon;
GRANT USAGE ON SCHEMA storage TO authenticated;
GRANT USAGE ON SCHEMA storage TO service_role;
GRANT ALL ON SCHEMA storage TO supabase_storage_admin;
GRANT ALL ON SCHEMA storage TO dashboard_user;


--
-- Name: SCHEMA vault; Type: ACL; Schema: -; Owner: supabase_admin
--

GRANT USAGE ON SCHEMA vault TO postgres WITH GRANT OPTION;
GRANT USAGE ON SCHEMA vault TO service_role;


--
-- Name: FUNCTION email(); Type: ACL; Schema: auth; Owner: supabase_auth_admin
--

GRANT ALL ON FUNCTION auth.email() TO dashboard_user;


--
-- Name: FUNCTION jwt(); Type: ACL; Schema: auth; Owner: supabase_auth_admin
--

GRANT ALL ON FUNCTION auth.jwt() TO postgres;
GRANT ALL ON FUNCTION auth.jwt() TO dashboard_user;


--
-- Name: FUNCTION role(); Type: ACL; Schema: auth; Owner: supabase_auth_admin
--

GRANT ALL ON FUNCTION auth.role() TO dashboard_user;


--
-- Name: FUNCTION uid(); Type: ACL; Schema: auth; Owner: supabase_auth_admin
--

GRANT ALL ON FUNCTION auth.uid() TO dashboard_user;


--
-- Name: FUNCTION armor(bytea); Type: ACL; Schema: extensions; Owner: postgres
--

REVOKE ALL ON FUNCTION extensions.armor(bytea) FROM postgres;
GRANT ALL ON FUNCTION extensions.armor(bytea) TO postgres WITH GRANT OPTION;
GRANT ALL ON FUNCTION extensions.armor(bytea) TO dashboard_user;


--
-- Name: FUNCTION armor(bytea, text[], text[]); Type: ACL; Schema: extensions; Owner: postgres
--

REVOKE ALL ON FUNCTION extensions.armor(bytea, text[], text[]) FROM postgres;
GRANT ALL ON FUNCTION extensions.armor(bytea, text[], text[]) TO postgres WITH GRANT OPTION;
GRANT ALL ON FUNCTION extensions.armor(bytea, text[], text[]) TO dashboard_user;


--
-- Name: FUNCTION crypt(text, text); Type: ACL; Schema: extensions; Owner: postgres
--

REVOKE ALL ON FUNCTION extensions.crypt(text, text) FROM postgres;
GRANT ALL ON FUNCTION extensions.crypt(text, text) TO postgres WITH GRANT OPTION;
GRANT ALL ON FUNCTION extensions.crypt(text, text) TO dashboard_user;


--
-- Name: FUNCTION dearmor(text); Type: ACL; Schema: extensions; Owner: postgres
--

REVOKE ALL ON FUNCTION extensions.dearmor(text) FROM postgres;
GRANT ALL ON FUNCTION extensions.dearmor(text) TO postgres WITH GRANT OPTION;
GRANT ALL ON FUNCTION extensions.dearmor(text) TO dashboard_user;


--
-- Name: FUNCTION decrypt(bytea, bytea, text); Type: ACL; Schema: extensions; Owner: postgres
--

REVOKE ALL ON FUNCTION extensions.decrypt(bytea, bytea, text) FROM postgres;
GRANT ALL ON FUNCTION extensions.decrypt(bytea, bytea, text) TO postgres WITH GRANT OPTION;
GRANT ALL ON FUNCTION extensions.decrypt(bytea, bytea, text) TO dashboard_user;


--
-- Name: FUNCTION decrypt_iv(bytea, bytea, bytea, text); Type: ACL; Schema: extensions; Owner: postgres
--

REVOKE ALL ON FUNCTION extensions.decrypt_iv(bytea, bytea, bytea, text) FROM postgres;
GRANT ALL ON FUNCTION extensions.decrypt_iv(bytea, bytea, bytea, text) TO postgres WITH GRANT OPTION;
GRANT ALL ON FUNCTION extensions.decrypt_iv(bytea, bytea, bytea, text) TO dashboard_user;


--
-- Name: FUNCTION digest(bytea, text); Type: ACL; Schema: extensions; Owner: postgres
--

REVOKE ALL ON FUNCTION extensions.digest(bytea, text) FROM postgres;
GRANT ALL ON FUNCTION extensions.digest(bytea, text) TO postgres WITH GRANT OPTION;
GRANT ALL ON FUNCTION extensions.digest(bytea, text) TO dashboard_user;


--
-- Name: FUNCTION digest(text, text); Type: ACL; Schema: extensions; Owner: postgres
--

REVOKE ALL ON FUNCTION extensions.digest(text, text) FROM postgres;
GRANT ALL ON FUNCTION extensions.digest(text, text) TO postgres WITH GRANT OPTION;
GRANT ALL ON FUNCTION extensions.digest(text, text) TO dashboard_user;


--
-- Name: FUNCTION encrypt(bytea, bytea, text); Type: ACL; Schema: extensions; Owner: postgres
--

REVOKE ALL ON FUNCTION extensions.encrypt(bytea, bytea, text) FROM postgres;
GRANT ALL ON FUNCTION extensions.encrypt(bytea, bytea, text) TO postgres WITH GRANT OPTION;
GRANT ALL ON FUNCTION extensions.encrypt(bytea, bytea, text) TO dashboard_user;


--
-- Name: FUNCTION encrypt_iv(bytea, bytea, bytea, text); Type: ACL; Schema: extensions; Owner: postgres
--

REVOKE ALL ON FUNCTION extensions.encrypt_iv(bytea, bytea, bytea, text) FROM postgres;
GRANT ALL ON FUNCTION extensions.encrypt_iv(bytea, bytea, bytea, text) TO postgres WITH GRANT OPTION;
GRANT ALL ON FUNCTION extensions.encrypt_iv(bytea, bytea, bytea, text) TO dashboard_user;


--
-- Name: FUNCTION gen_random_bytes(integer); Type: ACL; Schema: extensions; Owner: postgres
--

REVOKE ALL ON FUNCTION extensions.gen_random_bytes(integer) FROM postgres;
GRANT ALL ON FUNCTION extensions.gen_random_bytes(integer) TO postgres WITH GRANT OPTION;
GRANT ALL ON FUNCTION extensions.gen_random_bytes(integer) TO dashboard_user;


--
-- Name: FUNCTION gen_random_uuid(); Type: ACL; Schema: extensions; Owner: postgres
--

REVOKE ALL ON FUNCTION extensions.gen_random_uuid() FROM postgres;
GRANT ALL ON FUNCTION extensions.gen_random_uuid() TO postgres WITH GRANT OPTION;
GRANT ALL ON FUNCTION extensions.gen_random_uuid() TO dashboard_user;


--
-- Name: FUNCTION gen_salt(text); Type: ACL; Schema: extensions; Owner: postgres
--

REVOKE ALL ON FUNCTION extensions.gen_salt(text) FROM postgres;
GRANT ALL ON FUNCTION extensions.gen_salt(text) TO postgres WITH GRANT OPTION;
GRANT ALL ON FUNCTION extensions.gen_salt(text) TO dashboard_user;


--
-- Name: FUNCTION gen_salt(text, integer); Type: ACL; Schema: extensions; Owner: postgres
--

REVOKE ALL ON FUNCTION extensions.gen_salt(text, integer) FROM postgres;
GRANT ALL ON FUNCTION extensions.gen_salt(text, integer) TO postgres WITH GRANT OPTION;
GRANT ALL ON FUNCTION extensions.gen_salt(text, integer) TO dashboard_user;


--
-- Name: FUNCTION grant_pg_cron_access(); Type: ACL; Schema: extensions; Owner: supabase_admin
--

REVOKE ALL ON FUNCTION extensions.grant_pg_cron_access() FROM supabase_admin;
GRANT ALL ON FUNCTION extensions.grant_pg_cron_access() TO supabase_admin WITH GRANT OPTION;
GRANT ALL ON FUNCTION extensions.grant_pg_cron_access() TO dashboard_user;


--
-- Name: FUNCTION grant_pg_graphql_access(); Type: ACL; Schema: extensions; Owner: supabase_admin
--

GRANT ALL ON FUNCTION extensions.grant_pg_graphql_access() TO postgres WITH GRANT OPTION;


--
-- Name: FUNCTION grant_pg_net_access(); Type: ACL; Schema: extensions; Owner: supabase_admin
--

REVOKE ALL ON FUNCTION extensions.grant_pg_net_access() FROM supabase_admin;
GRANT ALL ON FUNCTION extensions.grant_pg_net_access() TO supabase_admin WITH GRANT OPTION;
GRANT ALL ON FUNCTION extensions.grant_pg_net_access() TO dashboard_user;


--
-- Name: FUNCTION hmac(bytea, bytea, text); Type: ACL; Schema: extensions; Owner: postgres
--

REVOKE ALL ON FUNCTION extensions.hmac(bytea, bytea, text) FROM postgres;
GRANT ALL ON FUNCTION extensions.hmac(bytea, bytea, text) TO postgres WITH GRANT OPTION;
GRANT ALL ON FUNCTION extensions.hmac(bytea, bytea, text) TO dashboard_user;


--
-- Name: FUNCTION hmac(text, text, text); Type: ACL; Schema: extensions; Owner: postgres
--

REVOKE ALL ON FUNCTION extensions.hmac(text, text, text) FROM postgres;
GRANT ALL ON FUNCTION extensions.hmac(text, text, text) TO postgres WITH GRANT OPTION;
GRANT ALL ON FUNCTION extensions.hmac(text, text, text) TO dashboard_user;


--
-- Name: FUNCTION pg_stat_statements(showtext boolean, OUT userid oid, OUT dbid oid, OUT toplevel boolean, OUT queryid bigint, OUT query text, OUT plans bigint, OUT total_plan_time double precision, OUT min_plan_time double precision, OUT max_plan_time double precision, OUT mean_plan_time double precision, OUT stddev_plan_time double precision, OUT calls bigint, OUT total_exec_time double precision, OUT min_exec_time double precision, OUT max_exec_time double precision, OUT mean_exec_time double precision, OUT stddev_exec_time double precision, OUT rows bigint, OUT shared_blks_hit bigint, OUT shared_blks_read bigint, OUT shared_blks_dirtied bigint, OUT shared_blks_written bigint, OUT local_blks_hit bigint, OUT local_blks_read bigint, OUT local_blks_dirtied bigint, OUT local_blks_written bigint, OUT temp_blks_read bigint, OUT temp_blks_written bigint, OUT shared_blk_read_time double precision, OUT shared_blk_write_time double precision, OUT local_blk_read_time double precision, OUT local_blk_write_time double precision, OUT temp_blk_read_time double precision, OUT temp_blk_write_time double precision, OUT wal_records bigint, OUT wal_fpi bigint, OUT wal_bytes numeric, OUT jit_functions bigint, OUT jit_generation_time double precision, OUT jit_inlining_count bigint, OUT jit_inlining_time double precision, OUT jit_optimization_count bigint, OUT jit_optimization_time double precision, OUT jit_emission_count bigint, OUT jit_emission_time double precision, OUT jit_deform_count bigint, OUT jit_deform_time double precision, OUT stats_since timestamp with time zone, OUT minmax_stats_since timestamp with time zone); Type: ACL; Schema: extensions; Owner: postgres
--

REVOKE ALL ON FUNCTION extensions.pg_stat_statements(showtext boolean, OUT userid oid, OUT dbid oid, OUT toplevel boolean, OUT queryid bigint, OUT query text, OUT plans bigint, OUT total_plan_time double precision, OUT min_plan_time double precision, OUT max_plan_time double precision, OUT mean_plan_time double precision, OUT stddev_plan_time double precision, OUT calls bigint, OUT total_exec_time double precision, OUT min_exec_time double precision, OUT max_exec_time double precision, OUT mean_exec_time double precision, OUT stddev_exec_time double precision, OUT rows bigint, OUT shared_blks_hit bigint, OUT shared_blks_read bigint, OUT shared_blks_dirtied bigint, OUT shared_blks_written bigint, OUT local_blks_hit bigint, OUT local_blks_read bigint, OUT local_blks_dirtied bigint, OUT local_blks_written bigint, OUT temp_blks_read bigint, OUT temp_blks_written bigint, OUT shared_blk_read_time double precision, OUT shared_blk_write_time double precision, OUT local_blk_read_time double precision, OUT local_blk_write_time double precision, OUT temp_blk_read_time double precision, OUT temp_blk_write_time double precision, OUT wal_records bigint, OUT wal_fpi bigint, OUT wal_bytes numeric, OUT jit_functions bigint, OUT jit_generation_time double precision, OUT jit_inlining_count bigint, OUT jit_inlining_time double precision, OUT jit_optimization_count bigint, OUT jit_optimization_time double precision, OUT jit_emission_count bigint, OUT jit_emission_time double precision, OUT jit_deform_count bigint, OUT jit_deform_time double precision, OUT stats_since timestamp with time zone, OUT minmax_stats_since timestamp with time zone) FROM postgres;
GRANT ALL ON FUNCTION extensions.pg_stat_statements(showtext boolean, OUT userid oid, OUT dbid oid, OUT toplevel boolean, OUT queryid bigint, OUT query text, OUT plans bigint, OUT total_plan_time double precision, OUT min_plan_time double precision, OUT max_plan_time double precision, OUT mean_plan_time double precision, OUT stddev_plan_time double precision, OUT calls bigint, OUT total_exec_time double precision, OUT min_exec_time double precision, OUT max_exec_time double precision, OUT mean_exec_time double precision, OUT stddev_exec_time double precision, OUT rows bigint, OUT shared_blks_hit bigint, OUT shared_blks_read bigint, OUT shared_blks_dirtied bigint, OUT shared_blks_written bigint, OUT local_blks_hit bigint, OUT local_blks_read bigint, OUT local_blks_dirtied bigint, OUT local_blks_written bigint, OUT temp_blks_read bigint, OUT temp_blks_written bigint, OUT shared_blk_read_time double precision, OUT shared_blk_write_time double precision, OUT local_blk_read_time double precision, OUT local_blk_write_time double precision, OUT temp_blk_read_time double precision, OUT temp_blk_write_time double precision, OUT wal_records bigint, OUT wal_fpi bigint, OUT wal_bytes numeric, OUT jit_functions bigint, OUT jit_generation_time double precision, OUT jit_inlining_count bigint, OUT jit_inlining_time double precision, OUT jit_optimization_count bigint, OUT jit_optimization_time double precision, OUT jit_emission_count bigint, OUT jit_emission_time double precision, OUT jit_deform_count bigint, OUT jit_deform_time double precision, OUT stats_since timestamp with time zone, OUT minmax_stats_since timestamp with time zone) TO postgres WITH GRANT OPTION;
GRANT ALL ON FUNCTION extensions.pg_stat_statements(showtext boolean, OUT userid oid, OUT dbid oid, OUT toplevel boolean, OUT queryid bigint, OUT query text, OUT plans bigint, OUT total_plan_time double precision, OUT min_plan_time double precision, OUT max_plan_time double precision, OUT mean_plan_time double precision, OUT stddev_plan_time double precision, OUT calls bigint, OUT total_exec_time double precision, OUT min_exec_time double precision, OUT max_exec_time double precision, OUT mean_exec_time double precision, OUT stddev_exec_time double precision, OUT rows bigint, OUT shared_blks_hit bigint, OUT shared_blks_read bigint, OUT shared_blks_dirtied bigint, OUT shared_blks_written bigint, OUT local_blks_hit bigint, OUT local_blks_read bigint, OUT local_blks_dirtied bigint, OUT local_blks_written bigint, OUT temp_blks_read bigint, OUT temp_blks_written bigint, OUT shared_blk_read_time double precision, OUT shared_blk_write_time double precision, OUT local_blk_read_time double precision, OUT local_blk_write_time double precision, OUT temp_blk_read_time double precision, OUT temp_blk_write_time double precision, OUT wal_records bigint, OUT wal_fpi bigint, OUT wal_bytes numeric, OUT jit_functions bigint, OUT jit_generation_time double precision, OUT jit_inlining_count bigint, OUT jit_inlining_time double precision, OUT jit_optimization_count bigint, OUT jit_optimization_time double precision, OUT jit_emission_count bigint, OUT jit_emission_time double precision, OUT jit_deform_count bigint, OUT jit_deform_time double precision, OUT stats_since timestamp with time zone, OUT minmax_stats_since timestamp with time zone) TO dashboard_user;


--
-- Name: FUNCTION pg_stat_statements_info(OUT dealloc bigint, OUT stats_reset timestamp with time zone); Type: ACL; Schema: extensions; Owner: postgres
--

REVOKE ALL ON FUNCTION extensions.pg_stat_statements_info(OUT dealloc bigint, OUT stats_reset timestamp with time zone) FROM postgres;
GRANT ALL ON FUNCTION extensions.pg_stat_statements_info(OUT dealloc bigint, OUT stats_reset timestamp with time zone) TO postgres WITH GRANT OPTION;
GRANT ALL ON FUNCTION extensions.pg_stat_statements_info(OUT dealloc bigint, OUT stats_reset timestamp with time zone) TO dashboard_user;


--
-- Name: FUNCTION pg_stat_statements_reset(userid oid, dbid oid, queryid bigint, minmax_only boolean); Type: ACL; Schema: extensions; Owner: postgres
--

REVOKE ALL ON FUNCTION extensions.pg_stat_statements_reset(userid oid, dbid oid, queryid bigint, minmax_only boolean) FROM postgres;
GRANT ALL ON FUNCTION extensions.pg_stat_statements_reset(userid oid, dbid oid, queryid bigint, minmax_only boolean) TO postgres WITH GRANT OPTION;
GRANT ALL ON FUNCTION extensions.pg_stat_statements_reset(userid oid, dbid oid, queryid bigint, minmax_only boolean) TO dashboard_user;


--
-- Name: FUNCTION pgp_armor_headers(text, OUT key text, OUT value text); Type: ACL; Schema: extensions; Owner: postgres
--

REVOKE ALL ON FUNCTION extensions.pgp_armor_headers(text, OUT key text, OUT value text) FROM postgres;
GRANT ALL ON FUNCTION extensions.pgp_armor_headers(text, OUT key text, OUT value text) TO postgres WITH GRANT OPTION;
GRANT ALL ON FUNCTION extensions.pgp_armor_headers(text, OUT key text, OUT value text) TO dashboard_user;


--
-- Name: FUNCTION pgp_key_id(bytea); Type: ACL; Schema: extensions; Owner: postgres
--

REVOKE ALL ON FUNCTION extensions.pgp_key_id(bytea) FROM postgres;
GRANT ALL ON FUNCTION extensions.pgp_key_id(bytea) TO postgres WITH GRANT OPTION;
GRANT ALL ON FUNCTION extensions.pgp_key_id(bytea) TO dashboard_user;


--
-- Name: FUNCTION pgp_pub_decrypt(bytea, bytea); Type: ACL; Schema: extensions; Owner: postgres
--

REVOKE ALL ON FUNCTION extensions.pgp_pub_decrypt(bytea, bytea) FROM postgres;
GRANT ALL ON FUNCTION extensions.pgp_pub_decrypt(bytea, bytea) TO postgres WITH GRANT OPTION;
GRANT ALL ON FUNCTION extensions.pgp_pub_decrypt(bytea, bytea) TO dashboard_user;


--
-- Name: FUNCTION pgp_pub_decrypt(bytea, bytea, text); Type: ACL; Schema: extensions; Owner: postgres
--

REVOKE ALL ON FUNCTION extensions.pgp_pub_decrypt(bytea, bytea, text) FROM postgres;
GRANT ALL ON FUNCTION extensions.pgp_pub_decrypt(bytea, bytea, text) TO postgres WITH GRANT OPTION;
GRANT ALL ON FUNCTION extensions.pgp_pub_decrypt(bytea, bytea, text) TO dashboard_user;


--
-- Name: FUNCTION pgp_pub_decrypt(bytea, bytea, text, text); Type: ACL; Schema: extensions; Owner: postgres
--

REVOKE ALL ON FUNCTION extensions.pgp_pub_decrypt(bytea, bytea, text, text) FROM postgres;
GRANT ALL ON FUNCTION extensions.pgp_pub_decrypt(bytea, bytea, text, text) TO postgres WITH GRANT OPTION;
GRANT ALL ON FUNCTION extensions.pgp_pub_decrypt(bytea, bytea, text, text) TO dashboard_user;


--
-- Name: FUNCTION pgp_pub_decrypt_bytea(bytea, bytea); Type: ACL; Schema: extensions; Owner: postgres
--

REVOKE ALL ON FUNCTION extensions.pgp_pub_decrypt_bytea(bytea, bytea) FROM postgres;
GRANT ALL ON FUNCTION extensions.pgp_pub_decrypt_bytea(bytea, bytea) TO postgres WITH GRANT OPTION;
GRANT ALL ON FUNCTION extensions.pgp_pub_decrypt_bytea(bytea, bytea) TO dashboard_user;


--
-- Name: FUNCTION pgp_pub_decrypt_bytea(bytea, bytea, text); Type: ACL; Schema: extensions; Owner: postgres
--

REVOKE ALL ON FUNCTION extensions.pgp_pub_decrypt_bytea(bytea, bytea, text) FROM postgres;
GRANT ALL ON FUNCTION extensions.pgp_pub_decrypt_bytea(bytea, bytea, text) TO postgres WITH GRANT OPTION;
GRANT ALL ON FUNCTION extensions.pgp_pub_decrypt_bytea(bytea, bytea, text) TO dashboard_user;


--
-- Name: FUNCTION pgp_pub_decrypt_bytea(bytea, bytea, text, text); Type: ACL; Schema: extensions; Owner: postgres
--

REVOKE ALL ON FUNCTION extensions.pgp_pub_decrypt_bytea(bytea, bytea, text, text) FROM postgres;
GRANT ALL ON FUNCTION extensions.pgp_pub_decrypt_bytea(bytea, bytea, text, text) TO postgres WITH GRANT OPTION;
GRANT ALL ON FUNCTION extensions.pgp_pub_decrypt_bytea(bytea, bytea, text, text) TO dashboard_user;


--
-- Name: FUNCTION pgp_pub_encrypt(text, bytea); Type: ACL; Schema: extensions; Owner: postgres
--

REVOKE ALL ON FUNCTION extensions.pgp_pub_encrypt(text, bytea) FROM postgres;
GRANT ALL ON FUNCTION extensions.pgp_pub_encrypt(text, bytea) TO postgres WITH GRANT OPTION;
GRANT ALL ON FUNCTION extensions.pgp_pub_encrypt(text, bytea) TO dashboard_user;


--
-- Name: FUNCTION pgp_pub_encrypt(text, bytea, text); Type: ACL; Schema: extensions; Owner: postgres
--

REVOKE ALL ON FUNCTION extensions.pgp_pub_encrypt(text, bytea, text) FROM postgres;
GRANT ALL ON FUNCTION extensions.pgp_pub_encrypt(text, bytea, text) TO postgres WITH GRANT OPTION;
GRANT ALL ON FUNCTION extensions.pgp_pub_encrypt(text, bytea, text) TO dashboard_user;


--
-- Name: FUNCTION pgp_pub_encrypt_bytea(bytea, bytea); Type: ACL; Schema: extensions; Owner: postgres
--

REVOKE ALL ON FUNCTION extensions.pgp_pub_encrypt_bytea(bytea, bytea) FROM postgres;
GRANT ALL ON FUNCTION extensions.pgp_pub_encrypt_bytea(bytea, bytea) TO postgres WITH GRANT OPTION;
GRANT ALL ON FUNCTION extensions.pgp_pub_encrypt_bytea(bytea, bytea) TO dashboard_user;


--
-- Name: FUNCTION pgp_pub_encrypt_bytea(bytea, bytea, text); Type: ACL; Schema: extensions; Owner: postgres
--

REVOKE ALL ON FUNCTION extensions.pgp_pub_encrypt_bytea(bytea, bytea, text) FROM postgres;
GRANT ALL ON FUNCTION extensions.pgp_pub_encrypt_bytea(bytea, bytea, text) TO postgres WITH GRANT OPTION;
GRANT ALL ON FUNCTION extensions.pgp_pub_encrypt_bytea(bytea, bytea, text) TO dashboard_user;


--
-- Name: FUNCTION pgp_sym_decrypt(bytea, text); Type: ACL; Schema: extensions; Owner: postgres
--

REVOKE ALL ON FUNCTION extensions.pgp_sym_decrypt(bytea, text) FROM postgres;
GRANT ALL ON FUNCTION extensions.pgp_sym_decrypt(bytea, text) TO postgres WITH GRANT OPTION;
GRANT ALL ON FUNCTION extensions.pgp_sym_decrypt(bytea, text) TO dashboard_user;


--
-- Name: FUNCTION pgp_sym_decrypt(bytea, text, text); Type: ACL; Schema: extensions; Owner: postgres
--

REVOKE ALL ON FUNCTION extensions.pgp_sym_decrypt(bytea, text, text) FROM postgres;
GRANT ALL ON FUNCTION extensions.pgp_sym_decrypt(bytea, text, text) TO postgres WITH GRANT OPTION;
GRANT ALL ON FUNCTION extensions.pgp_sym_decrypt(bytea, text, text) TO dashboard_user;


--
-- Name: FUNCTION pgp_sym_decrypt_bytea(bytea, text); Type: ACL; Schema: extensions; Owner: postgres
--

REVOKE ALL ON FUNCTION extensions.pgp_sym_decrypt_bytea(bytea, text) FROM postgres;
GRANT ALL ON FUNCTION extensions.pgp_sym_decrypt_bytea(bytea, text) TO postgres WITH GRANT OPTION;
GRANT ALL ON FUNCTION extensions.pgp_sym_decrypt_bytea(bytea, text) TO dashboard_user;


--
-- Name: FUNCTION pgp_sym_decrypt_bytea(bytea, text, text); Type: ACL; Schema: extensions; Owner: postgres
--

REVOKE ALL ON FUNCTION extensions.pgp_sym_decrypt_bytea(bytea, text, text) FROM postgres;
GRANT ALL ON FUNCTION extensions.pgp_sym_decrypt_bytea(bytea, text, text) TO postgres WITH GRANT OPTION;
GRANT ALL ON FUNCTION extensions.pgp_sym_decrypt_bytea(bytea, text, text) TO dashboard_user;


--
-- Name: FUNCTION pgp_sym_encrypt(text, text); Type: ACL; Schema: extensions; Owner: postgres
--

REVOKE ALL ON FUNCTION extensions.pgp_sym_encrypt(text, text) FROM postgres;
GRANT ALL ON FUNCTION extensions.pgp_sym_encrypt(text, text) TO postgres WITH GRANT OPTION;
GRANT ALL ON FUNCTION extensions.pgp_sym_encrypt(text, text) TO dashboard_user;


--
-- Name: FUNCTION pgp_sym_encrypt(text, text, text); Type: ACL; Schema: extensions; Owner: postgres
--

REVOKE ALL ON FUNCTION extensions.pgp_sym_encrypt(text, text, text) FROM postgres;
GRANT ALL ON FUNCTION extensions.pgp_sym_encrypt(text, text, text) TO postgres WITH GRANT OPTION;
GRANT ALL ON FUNCTION extensions.pgp_sym_encrypt(text, text, text) TO dashboard_user;


--
-- Name: FUNCTION pgp_sym_encrypt_bytea(bytea, text); Type: ACL; Schema: extensions; Owner: postgres
--

REVOKE ALL ON FUNCTION extensions.pgp_sym_encrypt_bytea(bytea, text) FROM postgres;
GRANT ALL ON FUNCTION extensions.pgp_sym_encrypt_bytea(bytea, text) TO postgres WITH GRANT OPTION;
GRANT ALL ON FUNCTION extensions.pgp_sym_encrypt_bytea(bytea, text) TO dashboard_user;


--
-- Name: FUNCTION pgp_sym_encrypt_bytea(bytea, text, text); Type: ACL; Schema: extensions; Owner: postgres
--

REVOKE ALL ON FUNCTION extensions.pgp_sym_encrypt_bytea(bytea, text, text) FROM postgres;
GRANT ALL ON FUNCTION extensions.pgp_sym_encrypt_bytea(bytea, text, text) TO postgres WITH GRANT OPTION;
GRANT ALL ON FUNCTION extensions.pgp_sym_encrypt_bytea(bytea, text, text) TO dashboard_user;


--
-- Name: FUNCTION pgrst_ddl_watch(); Type: ACL; Schema: extensions; Owner: supabase_admin
--

GRANT ALL ON FUNCTION extensions.pgrst_ddl_watch() TO postgres WITH GRANT OPTION;


--
-- Name: FUNCTION pgrst_drop_watch(); Type: ACL; Schema: extensions; Owner: supabase_admin
--

GRANT ALL ON FUNCTION extensions.pgrst_drop_watch() TO postgres WITH GRANT OPTION;


--
-- Name: FUNCTION set_graphql_placeholder(); Type: ACL; Schema: extensions; Owner: supabase_admin
--

GRANT ALL ON FUNCTION extensions.set_graphql_placeholder() TO postgres WITH GRANT OPTION;


--
-- Name: FUNCTION uuid_generate_v1(); Type: ACL; Schema: extensions; Owner: postgres
--

REVOKE ALL ON FUNCTION extensions.uuid_generate_v1() FROM postgres;
GRANT ALL ON FUNCTION extensions.uuid_generate_v1() TO postgres WITH GRANT OPTION;
GRANT ALL ON FUNCTION extensions.uuid_generate_v1() TO dashboard_user;


--
-- Name: FUNCTION uuid_generate_v1mc(); Type: ACL; Schema: extensions; Owner: postgres
--

REVOKE ALL ON FUNCTION extensions.uuid_generate_v1mc() FROM postgres;
GRANT ALL ON FUNCTION extensions.uuid_generate_v1mc() TO postgres WITH GRANT OPTION;
GRANT ALL ON FUNCTION extensions.uuid_generate_v1mc() TO dashboard_user;


--
-- Name: FUNCTION uuid_generate_v3(namespace uuid, name text); Type: ACL; Schema: extensions; Owner: postgres
--

REVOKE ALL ON FUNCTION extensions.uuid_generate_v3(namespace uuid, name text) FROM postgres;
GRANT ALL ON FUNCTION extensions.uuid_generate_v3(namespace uuid, name text) TO postgres WITH GRANT OPTION;
GRANT ALL ON FUNCTION extensions.uuid_generate_v3(namespace uuid, name text) TO dashboard_user;


--
-- Name: FUNCTION uuid_generate_v4(); Type: ACL; Schema: extensions; Owner: postgres
--

REVOKE ALL ON FUNCTION extensions.uuid_generate_v4() FROM postgres;
GRANT ALL ON FUNCTION extensions.uuid_generate_v4() TO postgres WITH GRANT OPTION;
GRANT ALL ON FUNCTION extensions.uuid_generate_v4() TO dashboard_user;


--
-- Name: FUNCTION uuid_generate_v5(namespace uuid, name text); Type: ACL; Schema: extensions; Owner: postgres
--

REVOKE ALL ON FUNCTION extensions.uuid_generate_v5(namespace uuid, name text) FROM postgres;
GRANT ALL ON FUNCTION extensions.uuid_generate_v5(namespace uuid, name text) TO postgres WITH GRANT OPTION;
GRANT ALL ON FUNCTION extensions.uuid_generate_v5(namespace uuid, name text) TO dashboard_user;


--
-- Name: FUNCTION uuid_nil(); Type: ACL; Schema: extensions; Owner: postgres
--

REVOKE ALL ON FUNCTION extensions.uuid_nil() FROM postgres;
GRANT ALL ON FUNCTION extensions.uuid_nil() TO postgres WITH GRANT OPTION;
GRANT ALL ON FUNCTION extensions.uuid_nil() TO dashboard_user;


--
-- Name: FUNCTION uuid_ns_dns(); Type: ACL; Schema: extensions; Owner: postgres
--

REVOKE ALL ON FUNCTION extensions.uuid_ns_dns() FROM postgres;
GRANT ALL ON FUNCTION extensions.uuid_ns_dns() TO postgres WITH GRANT OPTION;
GRANT ALL ON FUNCTION extensions.uuid_ns_dns() TO dashboard_user;


--
-- Name: FUNCTION uuid_ns_oid(); Type: ACL; Schema: extensions; Owner: postgres
--

REVOKE ALL ON FUNCTION extensions.uuid_ns_oid() FROM postgres;
GRANT ALL ON FUNCTION extensions.uuid_ns_oid() TO postgres WITH GRANT OPTION;
GRANT ALL ON FUNCTION extensions.uuid_ns_oid() TO dashboard_user;


--
-- Name: FUNCTION uuid_ns_url(); Type: ACL; Schema: extensions; Owner: postgres
--

REVOKE ALL ON FUNCTION extensions.uuid_ns_url() FROM postgres;
GRANT ALL ON FUNCTION extensions.uuid_ns_url() TO postgres WITH GRANT OPTION;
GRANT ALL ON FUNCTION extensions.uuid_ns_url() TO dashboard_user;


--
-- Name: FUNCTION uuid_ns_x500(); Type: ACL; Schema: extensions; Owner: postgres
--

REVOKE ALL ON FUNCTION extensions.uuid_ns_x500() FROM postgres;
GRANT ALL ON FUNCTION extensions.uuid_ns_x500() TO postgres WITH GRANT OPTION;
GRANT ALL ON FUNCTION extensions.uuid_ns_x500() TO dashboard_user;


--
-- Name: FUNCTION graphql("operationName" text, query text, variables jsonb, extensions jsonb); Type: ACL; Schema: graphql_public; Owner: supabase_admin
--

GRANT ALL ON FUNCTION graphql_public.graphql("operationName" text, query text, variables jsonb, extensions jsonb) TO postgres;
GRANT ALL ON FUNCTION graphql_public.graphql("operationName" text, query text, variables jsonb, extensions jsonb) TO anon;
GRANT ALL ON FUNCTION graphql_public.graphql("operationName" text, query text, variables jsonb, extensions jsonb) TO authenticated;
GRANT ALL ON FUNCTION graphql_public.graphql("operationName" text, query text, variables jsonb, extensions jsonb) TO service_role;


--
-- Name: FUNCTION get_auth(p_usename text); Type: ACL; Schema: pgbouncer; Owner: supabase_admin
--

REVOKE ALL ON FUNCTION pgbouncer.get_auth(p_usename text) FROM PUBLIC;
GRANT ALL ON FUNCTION pgbouncer.get_auth(p_usename text) TO pgbouncer;
GRANT ALL ON FUNCTION pgbouncer.get_auth(p_usename text) TO postgres;


--
-- Name: FUNCTION handle_new_user(); Type: ACL; Schema: public; Owner: postgres
--

GRANT ALL ON FUNCTION public.handle_new_user() TO anon;
GRANT ALL ON FUNCTION public.handle_new_user() TO authenticated;
GRANT ALL ON FUNCTION public.handle_new_user() TO service_role;


--
-- Name: FUNCTION run_sql(query text); Type: ACL; Schema: public; Owner: postgres
--

GRANT ALL ON FUNCTION public.run_sql(query text) TO anon;
GRANT ALL ON FUNCTION public.run_sql(query text) TO authenticated;
GRANT ALL ON FUNCTION public.run_sql(query text) TO service_role;


--
-- Name: FUNCTION apply_rls(wal jsonb, max_record_bytes integer); Type: ACL; Schema: realtime; Owner: supabase_admin
--

GRANT ALL ON FUNCTION realtime.apply_rls(wal jsonb, max_record_bytes integer) TO postgres;
GRANT ALL ON FUNCTION realtime.apply_rls(wal jsonb, max_record_bytes integer) TO dashboard_user;
GRANT ALL ON FUNCTION realtime.apply_rls(wal jsonb, max_record_bytes integer) TO anon;
GRANT ALL ON FUNCTION realtime.apply_rls(wal jsonb, max_record_bytes integer) TO authenticated;
GRANT ALL ON FUNCTION realtime.apply_rls(wal jsonb, max_record_bytes integer) TO service_role;
GRANT ALL ON FUNCTION realtime.apply_rls(wal jsonb, max_record_bytes integer) TO supabase_realtime_admin;


--
-- Name: FUNCTION broadcast_changes(topic_name text, event_name text, operation text, table_name text, table_schema text, new record, old record, level text); Type: ACL; Schema: realtime; Owner: supabase_admin
--

GRANT ALL ON FUNCTION realtime.broadcast_changes(topic_name text, event_name text, operation text, table_name text, table_schema text, new record, old record, level text) TO postgres;
GRANT ALL ON FUNCTION realtime.broadcast_changes(topic_name text, event_name text, operation text, table_name text, table_schema text, new record, old record, level text) TO dashboard_user;


--
-- Name: FUNCTION build_prepared_statement_sql(prepared_statement_name text, entity regclass, columns realtime.wal_column[]); Type: ACL; Schema: realtime; Owner: supabase_admin
--

GRANT ALL ON FUNCTION realtime.build_prepared_statement_sql(prepared_statement_name text, entity regclass, columns realtime.wal_column[]) TO postgres;
GRANT ALL ON FUNCTION realtime.build_prepared_statement_sql(prepared_statement_name text, entity regclass, columns realtime.wal_column[]) TO dashboard_user;
GRANT ALL ON FUNCTION realtime.build_prepared_statement_sql(prepared_statement_name text, entity regclass, columns realtime.wal_column[]) TO anon;
GRANT ALL ON FUNCTION realtime.build_prepared_statement_sql(prepared_statement_name text, entity regclass, columns realtime.wal_column[]) TO authenticated;
GRANT ALL ON FUNCTION realtime.build_prepared_statement_sql(prepared_statement_name text, entity regclass, columns realtime.wal_column[]) TO service_role;
GRANT ALL ON FUNCTION realtime.build_prepared_statement_sql(prepared_statement_name text, entity regclass, columns realtime.wal_column[]) TO supabase_realtime_admin;


--
-- Name: FUNCTION "cast"(val text, type_ regtype); Type: ACL; Schema: realtime; Owner: supabase_admin
--

GRANT ALL ON FUNCTION realtime."cast"(val text, type_ regtype) TO postgres;
GRANT ALL ON FUNCTION realtime."cast"(val text, type_ regtype) TO dashboard_user;
GRANT ALL ON FUNCTION realtime."cast"(val text, type_ regtype) TO anon;
GRANT ALL ON FUNCTION realtime."cast"(val text, type_ regtype) TO authenticated;
GRANT ALL ON FUNCTION realtime."cast"(val text, type_ regtype) TO service_role;
GRANT ALL ON FUNCTION realtime."cast"(val text, type_ regtype) TO supabase_realtime_admin;


--
-- Name: FUNCTION check_equality_op(op realtime.equality_op, type_ regtype, val_1 text, val_2 text); Type: ACL; Schema: realtime; Owner: supabase_admin
--

GRANT ALL ON FUNCTION realtime.check_equality_op(op realtime.equality_op, type_ regtype, val_1 text, val_2 text) TO postgres;
GRANT ALL ON FUNCTION realtime.check_equality_op(op realtime.equality_op, type_ regtype, val_1 text, val_2 text) TO dashboard_user;
GRANT ALL ON FUNCTION realtime.check_equality_op(op realtime.equality_op, type_ regtype, val_1 text, val_2 text) TO anon;
GRANT ALL ON FUNCTION realtime.check_equality_op(op realtime.equality_op, type_ regtype, val_1 text, val_2 text) TO authenticated;
GRANT ALL ON FUNCTION realtime.check_equality_op(op realtime.equality_op, type_ regtype, val_1 text, val_2 text) TO service_role;
GRANT ALL ON FUNCTION realtime.check_equality_op(op realtime.equality_op, type_ regtype, val_1 text, val_2 text) TO supabase_realtime_admin;


--
-- Name: FUNCTION is_visible_through_filters(columns realtime.wal_column[], filters realtime.user_defined_filter[]); Type: ACL; Schema: realtime; Owner: supabase_admin
--

GRANT ALL ON FUNCTION realtime.is_visible_through_filters(columns realtime.wal_column[], filters realtime.user_defined_filter[]) TO postgres;
GRANT ALL ON FUNCTION realtime.is_visible_through_filters(columns realtime.wal_column[], filters realtime.user_defined_filter[]) TO dashboard_user;
GRANT ALL ON FUNCTION realtime.is_visible_through_filters(columns realtime.wal_column[], filters realtime.user_defined_filter[]) TO anon;
GRANT ALL ON FUNCTION realtime.is_visible_through_filters(columns realtime.wal_column[], filters realtime.user_defined_filter[]) TO authenticated;
GRANT ALL ON FUNCTION realtime.is_visible_through_filters(columns realtime.wal_column[], filters realtime.user_defined_filter[]) TO service_role;
GRANT ALL ON FUNCTION realtime.is_visible_through_filters(columns realtime.wal_column[], filters realtime.user_defined_filter[]) TO supabase_realtime_admin;


--
-- Name: FUNCTION list_changes(publication name, slot_name name, max_changes integer, max_record_bytes integer); Type: ACL; Schema: realtime; Owner: supabase_admin
--

GRANT ALL ON FUNCTION realtime.list_changes(publication name, slot_name name, max_changes integer, max_record_bytes integer) TO postgres;
GRANT ALL ON FUNCTION realtime.list_changes(publication name, slot_name name, max_changes integer, max_record_bytes integer) TO dashboard_user;
GRANT ALL ON FUNCTION realtime.list_changes(publication name, slot_name name, max_changes integer, max_record_bytes integer) TO anon;
GRANT ALL ON FUNCTION realtime.list_changes(publication name, slot_name name, max_changes integer, max_record_bytes integer) TO authenticated;
GRANT ALL ON FUNCTION realtime.list_changes(publication name, slot_name name, max_changes integer, max_record_bytes integer) TO service_role;
GRANT ALL ON FUNCTION realtime.list_changes(publication name, slot_name name, max_changes integer, max_record_bytes integer) TO supabase_realtime_admin;


--
-- Name: FUNCTION quote_wal2json(entity regclass); Type: ACL; Schema: realtime; Owner: supabase_admin
--

GRANT ALL ON FUNCTION realtime.quote_wal2json(entity regclass) TO postgres;
GRANT ALL ON FUNCTION realtime.quote_wal2json(entity regclass) TO dashboard_user;
GRANT ALL ON FUNCTION realtime.quote_wal2json(entity regclass) TO anon;
GRANT ALL ON FUNCTION realtime.quote_wal2json(entity regclass) TO authenticated;
GRANT ALL ON FUNCTION realtime.quote_wal2json(entity regclass) TO service_role;
GRANT ALL ON FUNCTION realtime.quote_wal2json(entity regclass) TO supabase_realtime_admin;


--
-- Name: FUNCTION send(payload jsonb, event text, topic text, private boolean); Type: ACL; Schema: realtime; Owner: supabase_admin
--

GRANT ALL ON FUNCTION realtime.send(payload jsonb, event text, topic text, private boolean) TO postgres;
GRANT ALL ON FUNCTION realtime.send(payload jsonb, event text, topic text, private boolean) TO dashboard_user;


--
-- Name: FUNCTION subscription_check_filters(); Type: ACL; Schema: realtime; Owner: supabase_admin
--

GRANT ALL ON FUNCTION realtime.subscription_check_filters() TO postgres;
GRANT ALL ON FUNCTION realtime.subscription_check_filters() TO dashboard_user;
GRANT ALL ON FUNCTION realtime.subscription_check_filters() TO anon;
GRANT ALL ON FUNCTION realtime.subscription_check_filters() TO authenticated;
GRANT ALL ON FUNCTION realtime.subscription_check_filters() TO service_role;
GRANT ALL ON FUNCTION realtime.subscription_check_filters() TO supabase_realtime_admin;


--
-- Name: FUNCTION to_regrole(role_name text); Type: ACL; Schema: realtime; Owner: supabase_admin
--

GRANT ALL ON FUNCTION realtime.to_regrole(role_name text) TO postgres;
GRANT ALL ON FUNCTION realtime.to_regrole(role_name text) TO dashboard_user;
GRANT ALL ON FUNCTION realtime.to_regrole(role_name text) TO anon;
GRANT ALL ON FUNCTION realtime.to_regrole(role_name text) TO authenticated;
GRANT ALL ON FUNCTION realtime.to_regrole(role_name text) TO service_role;
GRANT ALL ON FUNCTION realtime.to_regrole(role_name text) TO supabase_realtime_admin;


--
-- Name: FUNCTION topic(); Type: ACL; Schema: realtime; Owner: supabase_realtime_admin
--

GRANT ALL ON FUNCTION realtime.topic() TO postgres;
GRANT ALL ON FUNCTION realtime.topic() TO dashboard_user;


--
-- Name: FUNCTION _crypto_aead_det_decrypt(message bytea, additional bytea, key_id bigint, context bytea, nonce bytea); Type: ACL; Schema: vault; Owner: supabase_admin
--

GRANT ALL ON FUNCTION vault._crypto_aead_det_decrypt(message bytea, additional bytea, key_id bigint, context bytea, nonce bytea) TO postgres WITH GRANT OPTION;
GRANT ALL ON FUNCTION vault._crypto_aead_det_decrypt(message bytea, additional bytea, key_id bigint, context bytea, nonce bytea) TO service_role;


--
-- Name: FUNCTION create_secret(new_secret text, new_name text, new_description text, new_key_id uuid); Type: ACL; Schema: vault; Owner: supabase_admin
--

GRANT ALL ON FUNCTION vault.create_secret(new_secret text, new_name text, new_description text, new_key_id uuid) TO postgres WITH GRANT OPTION;
GRANT ALL ON FUNCTION vault.create_secret(new_secret text, new_name text, new_description text, new_key_id uuid) TO service_role;


--
-- Name: FUNCTION update_secret(secret_id uuid, new_secret text, new_name text, new_description text, new_key_id uuid); Type: ACL; Schema: vault; Owner: supabase_admin
--

GRANT ALL ON FUNCTION vault.update_secret(secret_id uuid, new_secret text, new_name text, new_description text, new_key_id uuid) TO postgres WITH GRANT OPTION;
GRANT ALL ON FUNCTION vault.update_secret(secret_id uuid, new_secret text, new_name text, new_description text, new_key_id uuid) TO service_role;


--
-- Name: TABLE audit_log_entries; Type: ACL; Schema: auth; Owner: supabase_auth_admin
--

GRANT ALL ON TABLE auth.audit_log_entries TO dashboard_user;
GRANT INSERT,REFERENCES,DELETE,TRIGGER,TRUNCATE,MAINTAIN,UPDATE ON TABLE auth.audit_log_entries TO postgres;
GRANT SELECT ON TABLE auth.audit_log_entries TO postgres WITH GRANT OPTION;


--
-- Name: TABLE flow_state; Type: ACL; Schema: auth; Owner: supabase_auth_admin
--

GRANT INSERT,REFERENCES,DELETE,TRIGGER,TRUNCATE,MAINTAIN,UPDATE ON TABLE auth.flow_state TO postgres;
GRANT SELECT ON TABLE auth.flow_state TO postgres WITH GRANT OPTION;
GRANT ALL ON TABLE auth.flow_state TO dashboard_user;


--
-- Name: TABLE identities; Type: ACL; Schema: auth; Owner: supabase_auth_admin
--

GRANT INSERT,REFERENCES,DELETE,TRIGGER,TRUNCATE,MAINTAIN,UPDATE ON TABLE auth.identities TO postgres;
GRANT SELECT ON TABLE auth.identities TO postgres WITH GRANT OPTION;
GRANT ALL ON TABLE auth.identities TO dashboard_user;


--
-- Name: TABLE instances; Type: ACL; Schema: auth; Owner: supabase_auth_admin
--

GRANT ALL ON TABLE auth.instances TO dashboard_user;
GRANT INSERT,REFERENCES,DELETE,TRIGGER,TRUNCATE,MAINTAIN,UPDATE ON TABLE auth.instances TO postgres;
GRANT SELECT ON TABLE auth.instances TO postgres WITH GRANT OPTION;


--
-- Name: TABLE mfa_amr_claims; Type: ACL; Schema: auth; Owner: supabase_auth_admin
--

GRANT INSERT,REFERENCES,DELETE,TRIGGER,TRUNCATE,MAINTAIN,UPDATE ON TABLE auth.mfa_amr_claims TO postgres;
GRANT SELECT ON TABLE auth.mfa_amr_claims TO postgres WITH GRANT OPTION;
GRANT ALL ON TABLE auth.mfa_amr_claims TO dashboard_user;


--
-- Name: TABLE mfa_challenges; Type: ACL; Schema: auth; Owner: supabase_auth_admin
--

GRANT INSERT,REFERENCES,DELETE,TRIGGER,TRUNCATE,MAINTAIN,UPDATE ON TABLE auth.mfa_challenges TO postgres;
GRANT SELECT ON TABLE auth.mfa_challenges TO postgres WITH GRANT OPTION;
GRANT ALL ON TABLE auth.mfa_challenges TO dashboard_user;


--
-- Name: TABLE mfa_factors; Type: ACL; Schema: auth; Owner: supabase_auth_admin
--

GRANT INSERT,REFERENCES,DELETE,TRIGGER,TRUNCATE,MAINTAIN,UPDATE ON TABLE auth.mfa_factors TO postgres;
GRANT SELECT ON TABLE auth.mfa_factors TO postgres WITH GRANT OPTION;
GRANT ALL ON TABLE auth.mfa_factors TO dashboard_user;


--
-- Name: TABLE oauth_authorizations; Type: ACL; Schema: auth; Owner: supabase_auth_admin
--

GRANT ALL ON TABLE auth.oauth_authorizations TO postgres;
GRANT ALL ON TABLE auth.oauth_authorizations TO dashboard_user;


--
-- Name: TABLE oauth_clients; Type: ACL; Schema: auth; Owner: supabase_auth_admin
--

GRANT ALL ON TABLE auth.oauth_clients TO postgres;
GRANT ALL ON TABLE auth.oauth_clients TO dashboard_user;


--
-- Name: TABLE oauth_consents; Type: ACL; Schema: auth; Owner: supabase_auth_admin
--

GRANT ALL ON TABLE auth.oauth_consents TO postgres;
GRANT ALL ON TABLE auth.oauth_consents TO dashboard_user;


--
-- Name: TABLE one_time_tokens; Type: ACL; Schema: auth; Owner: supabase_auth_admin
--

GRANT INSERT,REFERENCES,DELETE,TRIGGER,TRUNCATE,MAINTAIN,UPDATE ON TABLE auth.one_time_tokens TO postgres;
GRANT SELECT ON TABLE auth.one_time_tokens TO postgres WITH GRANT OPTION;
GRANT ALL ON TABLE auth.one_time_tokens TO dashboard_user;


--
-- Name: TABLE refresh_tokens; Type: ACL; Schema: auth; Owner: supabase_auth_admin
--

GRANT ALL ON TABLE auth.refresh_tokens TO dashboard_user;
GRANT INSERT,REFERENCES,DELETE,TRIGGER,TRUNCATE,MAINTAIN,UPDATE ON TABLE auth.refresh_tokens TO postgres;
GRANT SELECT ON TABLE auth.refresh_tokens TO postgres WITH GRANT OPTION;


--
-- Name: SEQUENCE refresh_tokens_id_seq; Type: ACL; Schema: auth; Owner: supabase_auth_admin
--

GRANT ALL ON SEQUENCE auth.refresh_tokens_id_seq TO dashboard_user;
GRANT ALL ON SEQUENCE auth.refresh_tokens_id_seq TO postgres;


--
-- Name: TABLE saml_providers; Type: ACL; Schema: auth; Owner: supabase_auth_admin
--

GRANT INSERT,REFERENCES,DELETE,TRIGGER,TRUNCATE,MAINTAIN,UPDATE ON TABLE auth.saml_providers TO postgres;
GRANT SELECT ON TABLE auth.saml_providers TO postgres WITH GRANT OPTION;
GRANT ALL ON TABLE auth.saml_providers TO dashboard_user;


--
-- Name: TABLE saml_relay_states; Type: ACL; Schema: auth; Owner: supabase_auth_admin
--

GRANT INSERT,REFERENCES,DELETE,TRIGGER,TRUNCATE,MAINTAIN,UPDATE ON TABLE auth.saml_relay_states TO postgres;
GRANT SELECT ON TABLE auth.saml_relay_states TO postgres WITH GRANT OPTION;
GRANT ALL ON TABLE auth.saml_relay_states TO dashboard_user;


--
-- Name: TABLE sessions; Type: ACL; Schema: auth; Owner: supabase_auth_admin
--

GRANT INSERT,REFERENCES,DELETE,TRIGGER,TRUNCATE,MAINTAIN,UPDATE ON TABLE auth.sessions TO postgres;
GRANT SELECT ON TABLE auth.sessions TO postgres WITH GRANT OPTION;
GRANT ALL ON TABLE auth.sessions TO dashboard_user;


--
-- Name: TABLE sso_domains; Type: ACL; Schema: auth; Owner: supabase_auth_admin
--

GRANT INSERT,REFERENCES,DELETE,TRIGGER,TRUNCATE,MAINTAIN,UPDATE ON TABLE auth.sso_domains TO postgres;
GRANT SELECT ON TABLE auth.sso_domains TO postgres WITH GRANT OPTION;
GRANT ALL ON TABLE auth.sso_domains TO dashboard_user;


--
-- Name: TABLE sso_providers; Type: ACL; Schema: auth; Owner: supabase_auth_admin
--

GRANT INSERT,REFERENCES,DELETE,TRIGGER,TRUNCATE,MAINTAIN,UPDATE ON TABLE auth.sso_providers TO postgres;
GRANT SELECT ON TABLE auth.sso_providers TO postgres WITH GRANT OPTION;
GRANT ALL ON TABLE auth.sso_providers TO dashboard_user;


--
-- Name: TABLE users; Type: ACL; Schema: auth; Owner: supabase_auth_admin
--

GRANT ALL ON TABLE auth.users TO dashboard_user;
GRANT INSERT,REFERENCES,DELETE,TRIGGER,TRUNCATE,MAINTAIN,UPDATE ON TABLE auth.users TO postgres;
GRANT SELECT ON TABLE auth.users TO postgres WITH GRANT OPTION;


--
-- Name: TABLE pg_stat_statements; Type: ACL; Schema: extensions; Owner: postgres
--

REVOKE ALL ON TABLE extensions.pg_stat_statements FROM postgres;
GRANT ALL ON TABLE extensions.pg_stat_statements TO postgres WITH GRANT OPTION;
GRANT ALL ON TABLE extensions.pg_stat_statements TO dashboard_user;


--
-- Name: TABLE pg_stat_statements_info; Type: ACL; Schema: extensions; Owner: postgres
--

REVOKE ALL ON TABLE extensions.pg_stat_statements_info FROM postgres;
GRANT ALL ON TABLE extensions.pg_stat_statements_info TO postgres WITH GRANT OPTION;
GRANT ALL ON TABLE extensions.pg_stat_statements_info TO dashboard_user;


--
-- Name: TABLE emergency_alerts; Type: ACL; Schema: public; Owner: postgres
--

GRANT ALL ON TABLE public.emergency_alerts TO anon;
GRANT ALL ON TABLE public.emergency_alerts TO authenticated;
GRANT ALL ON TABLE public.emergency_alerts TO service_role;


--
-- Name: TABLE kyc_verifications; Type: ACL; Schema: public; Owner: postgres
--

GRANT ALL ON TABLE public.kyc_verifications TO anon;
GRANT ALL ON TABLE public.kyc_verifications TO authenticated;
GRANT ALL ON TABLE public.kyc_verifications TO service_role;


--
-- Name: TABLE tourist_info; Type: ACL; Schema: public; Owner: postgres
--

GRANT ALL ON TABLE public.tourist_info TO anon;
GRANT ALL ON TABLE public.tourist_info TO authenticated;
GRANT ALL ON TABLE public.tourist_info TO service_role;


--
-- Name: TABLE user_locations; Type: ACL; Schema: public; Owner: postgres
--

GRANT ALL ON TABLE public.user_locations TO anon;
GRANT ALL ON TABLE public.user_locations TO authenticated;
GRANT ALL ON TABLE public.user_locations TO service_role;


--
-- Name: TABLE user_profiles; Type: ACL; Schema: public; Owner: postgres
--

GRANT ALL ON TABLE public.user_profiles TO anon;
GRANT ALL ON TABLE public.user_profiles TO authenticated;
GRANT ALL ON TABLE public.user_profiles TO service_role;


--
-- Name: TABLE messages; Type: ACL; Schema: realtime; Owner: supabase_realtime_admin
--

GRANT ALL ON TABLE realtime.messages TO postgres;
GRANT ALL ON TABLE realtime.messages TO dashboard_user;
GRANT SELECT,INSERT,UPDATE ON TABLE realtime.messages TO anon;
GRANT SELECT,INSERT,UPDATE ON TABLE realtime.messages TO authenticated;
GRANT SELECT,INSERT,UPDATE ON TABLE realtime.messages TO service_role;


--
-- Name: TABLE schema_migrations; Type: ACL; Schema: realtime; Owner: supabase_admin
--

GRANT ALL ON TABLE realtime.schema_migrations TO postgres;
GRANT ALL ON TABLE realtime.schema_migrations TO dashboard_user;
GRANT SELECT ON TABLE realtime.schema_migrations TO anon;
GRANT SELECT ON TABLE realtime.schema_migrations TO authenticated;
GRANT SELECT ON TABLE realtime.schema_migrations TO service_role;
GRANT ALL ON TABLE realtime.schema_migrations TO supabase_realtime_admin;


--
-- Name: TABLE subscription; Type: ACL; Schema: realtime; Owner: supabase_admin
--

GRANT ALL ON TABLE realtime.subscription TO postgres;
GRANT ALL ON TABLE realtime.subscription TO dashboard_user;
GRANT SELECT ON TABLE realtime.subscription TO anon;
GRANT SELECT ON TABLE realtime.subscription TO authenticated;
GRANT SELECT ON TABLE realtime.subscription TO service_role;
GRANT ALL ON TABLE realtime.subscription TO supabase_realtime_admin;


--
-- Name: SEQUENCE subscription_id_seq; Type: ACL; Schema: realtime; Owner: supabase_admin
--

GRANT ALL ON SEQUENCE realtime.subscription_id_seq TO postgres;
GRANT ALL ON SEQUENCE realtime.subscription_id_seq TO dashboard_user;
GRANT USAGE ON SEQUENCE realtime.subscription_id_seq TO anon;
GRANT USAGE ON SEQUENCE realtime.subscription_id_seq TO authenticated;
GRANT USAGE ON SEQUENCE realtime.subscription_id_seq TO service_role;
GRANT ALL ON SEQUENCE realtime.subscription_id_seq TO supabase_realtime_admin;


--
-- Name: TABLE buckets; Type: ACL; Schema: storage; Owner: supabase_storage_admin
--

GRANT ALL ON TABLE storage.buckets TO anon;
GRANT ALL ON TABLE storage.buckets TO authenticated;
GRANT ALL ON TABLE storage.buckets TO service_role;
GRANT ALL ON TABLE storage.buckets TO postgres WITH GRANT OPTION;


--
-- Name: TABLE buckets_analytics; Type: ACL; Schema: storage; Owner: supabase_storage_admin
--

GRANT ALL ON TABLE storage.buckets_analytics TO service_role;
GRANT ALL ON TABLE storage.buckets_analytics TO authenticated;
GRANT ALL ON TABLE storage.buckets_analytics TO anon;


--
-- Name: TABLE objects; Type: ACL; Schema: storage; Owner: supabase_storage_admin
--

GRANT ALL ON TABLE storage.objects TO anon;
GRANT ALL ON TABLE storage.objects TO authenticated;
GRANT ALL ON TABLE storage.objects TO service_role;
GRANT ALL ON TABLE storage.objects TO postgres WITH GRANT OPTION;


--
-- Name: TABLE prefixes; Type: ACL; Schema: storage; Owner: supabase_storage_admin
--

GRANT ALL ON TABLE storage.prefixes TO service_role;
GRANT ALL ON TABLE storage.prefixes TO authenticated;
GRANT ALL ON TABLE storage.prefixes TO anon;


--
-- Name: TABLE s3_multipart_uploads; Type: ACL; Schema: storage; Owner: supabase_storage_admin
--

GRANT ALL ON TABLE storage.s3_multipart_uploads TO service_role;
GRANT SELECT ON TABLE storage.s3_multipart_uploads TO authenticated;
GRANT SELECT ON TABLE storage.s3_multipart_uploads TO anon;


--
-- Name: TABLE s3_multipart_uploads_parts; Type: ACL; Schema: storage; Owner: supabase_storage_admin
--

GRANT ALL ON TABLE storage.s3_multipart_uploads_parts TO service_role;
GRANT SELECT ON TABLE storage.s3_multipart_uploads_parts TO authenticated;
GRANT SELECT ON TABLE storage.s3_multipart_uploads_parts TO anon;


--
-- Name: TABLE secrets; Type: ACL; Schema: vault; Owner: supabase_admin
--

GRANT SELECT,REFERENCES,DELETE,TRUNCATE ON TABLE vault.secrets TO postgres WITH GRANT OPTION;
GRANT SELECT,DELETE ON TABLE vault.secrets TO service_role;


--
-- Name: TABLE decrypted_secrets; Type: ACL; Schema: vault; Owner: supabase_admin
--

GRANT SELECT,REFERENCES,DELETE,TRUNCATE ON TABLE vault.decrypted_secrets TO postgres WITH GRANT OPTION;
GRANT SELECT,DELETE ON TABLE vault.decrypted_secrets TO service_role;


--
-- Name: DEFAULT PRIVILEGES FOR SEQUENCES; Type: DEFAULT ACL; Schema: auth; Owner: supabase_auth_admin
--

ALTER DEFAULT PRIVILEGES FOR ROLE supabase_auth_admin IN SCHEMA auth GRANT ALL ON SEQUENCES TO postgres;
ALTER DEFAULT PRIVILEGES FOR ROLE supabase_auth_admin IN SCHEMA auth GRANT ALL ON SEQUENCES TO dashboard_user;


--
-- Name: DEFAULT PRIVILEGES FOR FUNCTIONS; Type: DEFAULT ACL; Schema: auth; Owner: supabase_auth_admin
--

ALTER DEFAULT PRIVILEGES FOR ROLE supabase_auth_admin IN SCHEMA auth GRANT ALL ON FUNCTIONS TO postgres;
ALTER DEFAULT PRIVILEGES FOR ROLE supabase_auth_admin IN SCHEMA auth GRANT ALL ON FUNCTIONS TO dashboard_user;


--
-- Name: DEFAULT PRIVILEGES FOR TABLES; Type: DEFAULT ACL; Schema: auth; Owner: supabase_auth_admin
--

ALTER DEFAULT PRIVILEGES FOR ROLE supabase_auth_admin IN SCHEMA auth GRANT ALL ON TABLES TO postgres;
ALTER DEFAULT PRIVILEGES FOR ROLE supabase_auth_admin IN SCHEMA auth GRANT ALL ON TABLES TO dashboard_user;


--
-- Name: DEFAULT PRIVILEGES FOR SEQUENCES; Type: DEFAULT ACL; Schema: extensions; Owner: supabase_admin
--

ALTER DEFAULT PRIVILEGES FOR ROLE supabase_admin IN SCHEMA extensions GRANT ALL ON SEQUENCES TO postgres WITH GRANT OPTION;


--
-- Name: DEFAULT PRIVILEGES FOR FUNCTIONS; Type: DEFAULT ACL; Schema: extensions; Owner: supabase_admin
--

ALTER DEFAULT PRIVILEGES FOR ROLE supabase_admin IN SCHEMA extensions GRANT ALL ON FUNCTIONS TO postgres WITH GRANT OPTION;


--
-- Name: DEFAULT PRIVILEGES FOR TABLES; Type: DEFAULT ACL; Schema: extensions; Owner: supabase_admin
--

ALTER DEFAULT PRIVILEGES FOR ROLE supabase_admin IN SCHEMA extensions GRANT ALL ON TABLES TO postgres WITH GRANT OPTION;


--
-- Name: DEFAULT PRIVILEGES FOR SEQUENCES; Type: DEFAULT ACL; Schema: graphql; Owner: supabase_admin
--

ALTER DEFAULT PRIVILEGES FOR ROLE supabase_admin IN SCHEMA graphql GRANT ALL ON SEQUENCES TO postgres;
ALTER DEFAULT PRIVILEGES FOR ROLE supabase_admin IN SCHEMA graphql GRANT ALL ON SEQUENCES TO anon;
ALTER DEFAULT PRIVILEGES FOR ROLE supabase_admin IN SCHEMA graphql GRANT ALL ON SEQUENCES TO authenticated;
ALTER DEFAULT PRIVILEGES FOR ROLE supabase_admin IN SCHEMA graphql GRANT ALL ON SEQUENCES TO service_role;


--
-- Name: DEFAULT PRIVILEGES FOR FUNCTIONS; Type: DEFAULT ACL; Schema: graphql; Owner: supabase_admin
--

ALTER DEFAULT PRIVILEGES FOR ROLE supabase_admin IN SCHEMA graphql GRANT ALL ON FUNCTIONS TO postgres;
ALTER DEFAULT PRIVILEGES FOR ROLE supabase_admin IN SCHEMA graphql GRANT ALL ON FUNCTIONS TO anon;
ALTER DEFAULT PRIVILEGES FOR ROLE supabase_admin IN SCHEMA graphql GRANT ALL ON FUNCTIONS TO authenticated;
ALTER DEFAULT PRIVILEGES FOR ROLE supabase_admin IN SCHEMA graphql GRANT ALL ON FUNCTIONS TO service_role;


--
-- Name: DEFAULT PRIVILEGES FOR TABLES; Type: DEFAULT ACL; Schema: graphql; Owner: supabase_admin
--

ALTER DEFAULT PRIVILEGES FOR ROLE supabase_admin IN SCHEMA graphql GRANT ALL ON TABLES TO postgres;
ALTER DEFAULT PRIVILEGES FOR ROLE supabase_admin IN SCHEMA graphql GRANT ALL ON TABLES TO anon;
ALTER DEFAULT PRIVILEGES FOR ROLE supabase_admin IN SCHEMA graphql GRANT ALL ON TABLES TO authenticated;
ALTER DEFAULT PRIVILEGES FOR ROLE supabase_admin IN SCHEMA graphql GRANT ALL ON TABLES TO service_role;


--
-- Name: DEFAULT PRIVILEGES FOR SEQUENCES; Type: DEFAULT ACL; Schema: graphql_public; Owner: supabase_admin
--

ALTER DEFAULT PRIVILEGES FOR ROLE supabase_admin IN SCHEMA graphql_public GRANT ALL ON SEQUENCES TO postgres;
ALTER DEFAULT PRIVILEGES FOR ROLE supabase_admin IN SCHEMA graphql_public GRANT ALL ON SEQUENCES TO anon;
ALTER DEFAULT PRIVILEGES FOR ROLE supabase_admin IN SCHEMA graphql_public GRANT ALL ON SEQUENCES TO authenticated;
ALTER DEFAULT PRIVILEGES FOR ROLE supabase_admin IN SCHEMA graphql_public GRANT ALL ON SEQUENCES TO service_role;


--
-- Name: DEFAULT PRIVILEGES FOR FUNCTIONS; Type: DEFAULT ACL; Schema: graphql_public; Owner: supabase_admin
--

ALTER DEFAULT PRIVILEGES FOR ROLE supabase_admin IN SCHEMA graphql_public GRANT ALL ON FUNCTIONS TO postgres;
ALTER DEFAULT PRIVILEGES FOR ROLE supabase_admin IN SCHEMA graphql_public GRANT ALL ON FUNCTIONS TO anon;
ALTER DEFAULT PRIVILEGES FOR ROLE supabase_admin IN SCHEMA graphql_public GRANT ALL ON FUNCTIONS TO authenticated;
ALTER DEFAULT PRIVILEGES FOR ROLE supabase_admin IN SCHEMA graphql_public GRANT ALL ON FUNCTIONS TO service_role;


--
-- Name: DEFAULT PRIVILEGES FOR TABLES; Type: DEFAULT ACL; Schema: graphql_public; Owner: supabase_admin
--

ALTER DEFAULT PRIVILEGES FOR ROLE supabase_admin IN SCHEMA graphql_public GRANT ALL ON TABLES TO postgres;
ALTER DEFAULT PRIVILEGES FOR ROLE supabase_admin IN SCHEMA graphql_public GRANT ALL ON TABLES TO anon;
ALTER DEFAULT PRIVILEGES FOR ROLE supabase_admin IN SCHEMA graphql_public GRANT ALL ON TABLES TO authenticated;
ALTER DEFAULT PRIVILEGES FOR ROLE supabase_admin IN SCHEMA graphql_public GRANT ALL ON TABLES TO service_role;


--
-- Name: DEFAULT PRIVILEGES FOR SEQUENCES; Type: DEFAULT ACL; Schema: public; Owner: postgres
--

ALTER DEFAULT PRIVILEGES FOR ROLE postgres IN SCHEMA public GRANT ALL ON SEQUENCES TO postgres;
ALTER DEFAULT PRIVILEGES FOR ROLE postgres IN SCHEMA public GRANT ALL ON SEQUENCES TO anon;
ALTER DEFAULT PRIVILEGES FOR ROLE postgres IN SCHEMA public GRANT ALL ON SEQUENCES TO authenticated;
ALTER DEFAULT PRIVILEGES FOR ROLE postgres IN SCHEMA public GRANT ALL ON SEQUENCES TO service_role;


--
-- Name: DEFAULT PRIVILEGES FOR SEQUENCES; Type: DEFAULT ACL; Schema: public; Owner: supabase_admin
--

ALTER DEFAULT PRIVILEGES FOR ROLE supabase_admin IN SCHEMA public GRANT ALL ON SEQUENCES TO postgres;
ALTER DEFAULT PRIVILEGES FOR ROLE supabase_admin IN SCHEMA public GRANT ALL ON SEQUENCES TO anon;
ALTER DEFAULT PRIVILEGES FOR ROLE supabase_admin IN SCHEMA public GRANT ALL ON SEQUENCES TO authenticated;
ALTER DEFAULT PRIVILEGES FOR ROLE supabase_admin IN SCHEMA public GRANT ALL ON SEQUENCES TO service_role;


--
-- Name: DEFAULT PRIVILEGES FOR FUNCTIONS; Type: DEFAULT ACL; Schema: public; Owner: postgres
--

ALTER DEFAULT PRIVILEGES FOR ROLE postgres IN SCHEMA public GRANT ALL ON FUNCTIONS TO postgres;
ALTER DEFAULT PRIVILEGES FOR ROLE postgres IN SCHEMA public GRANT ALL ON FUNCTIONS TO anon;
ALTER DEFAULT PRIVILEGES FOR ROLE postgres IN SCHEMA public GRANT ALL ON FUNCTIONS TO authenticated;
ALTER DEFAULT PRIVILEGES FOR ROLE postgres IN SCHEMA public GRANT ALL ON FUNCTIONS TO service_role;


--
-- Name: DEFAULT PRIVILEGES FOR FUNCTIONS; Type: DEFAULT ACL; Schema: public; Owner: supabase_admin
--

ALTER DEFAULT PRIVILEGES FOR ROLE supabase_admin IN SCHEMA public GRANT ALL ON FUNCTIONS TO postgres;
ALTER DEFAULT PRIVILEGES FOR ROLE supabase_admin IN SCHEMA public GRANT ALL ON FUNCTIONS TO anon;
ALTER DEFAULT PRIVILEGES FOR ROLE supabase_admin IN SCHEMA public GRANT ALL ON FUNCTIONS TO authenticated;
ALTER DEFAULT PRIVILEGES FOR ROLE supabase_admin IN SCHEMA public GRANT ALL ON FUNCTIONS TO service_role;


--
-- Name: DEFAULT PRIVILEGES FOR TABLES; Type: DEFAULT ACL; Schema: public; Owner: postgres
--

ALTER DEFAULT PRIVILEGES FOR ROLE postgres IN SCHEMA public GRANT ALL ON TABLES TO postgres;
ALTER DEFAULT PRIVILEGES FOR ROLE postgres IN SCHEMA public GRANT ALL ON TABLES TO anon;
ALTER DEFAULT PRIVILEGES FOR ROLE postgres IN SCHEMA public GRANT ALL ON TABLES TO authenticated;
ALTER DEFAULT PRIVILEGES FOR ROLE postgres IN SCHEMA public GRANT ALL ON TABLES TO service_role;


--
-- Name: DEFAULT PRIVILEGES FOR TABLES; Type: DEFAULT ACL; Schema: public; Owner: supabase_admin
--

ALTER DEFAULT PRIVILEGES FOR ROLE supabase_admin IN SCHEMA public GRANT ALL ON TABLES TO postgres;
ALTER DEFAULT PRIVILEGES FOR ROLE supabase_admin IN SCHEMA public GRANT ALL ON TABLES TO anon;
ALTER DEFAULT PRIVILEGES FOR ROLE supabase_admin IN SCHEMA public GRANT ALL ON TABLES TO authenticated;
ALTER DEFAULT PRIVILEGES FOR ROLE supabase_admin IN SCHEMA public GRANT ALL ON TABLES TO service_role;


--
-- Name: DEFAULT PRIVILEGES FOR SEQUENCES; Type: DEFAULT ACL; Schema: realtime; Owner: supabase_admin
--

ALTER DEFAULT PRIVILEGES FOR ROLE supabase_admin IN SCHEMA realtime GRANT ALL ON SEQUENCES TO postgres;
ALTER DEFAULT PRIVILEGES FOR ROLE supabase_admin IN SCHEMA realtime GRANT ALL ON SEQUENCES TO dashboard_user;


--
-- Name: DEFAULT PRIVILEGES FOR FUNCTIONS; Type: DEFAULT ACL; Schema: realtime; Owner: supabase_admin
--

ALTER DEFAULT PRIVILEGES FOR ROLE supabase_admin IN SCHEMA realtime GRANT ALL ON FUNCTIONS TO postgres;
ALTER DEFAULT PRIVILEGES FOR ROLE supabase_admin IN SCHEMA realtime GRANT ALL ON FUNCTIONS TO dashboard_user;


--
-- Name: DEFAULT PRIVILEGES FOR TABLES; Type: DEFAULT ACL; Schema: realtime; Owner: supabase_admin
--

ALTER DEFAULT PRIVILEGES FOR ROLE supabase_admin IN SCHEMA realtime GRANT ALL ON TABLES TO postgres;
ALTER DEFAULT PRIVILEGES FOR ROLE supabase_admin IN SCHEMA realtime GRANT ALL ON TABLES TO dashboard_user;


--
-- Name: DEFAULT PRIVILEGES FOR SEQUENCES; Type: DEFAULT ACL; Schema: storage; Owner: postgres
--

ALTER DEFAULT PRIVILEGES FOR ROLE postgres IN SCHEMA storage GRANT ALL ON SEQUENCES TO postgres;
ALTER DEFAULT PRIVILEGES FOR ROLE postgres IN SCHEMA storage GRANT ALL ON SEQUENCES TO anon;
ALTER DEFAULT PRIVILEGES FOR ROLE postgres IN SCHEMA storage GRANT ALL ON SEQUENCES TO authenticated;
ALTER DEFAULT PRIVILEGES FOR ROLE postgres IN SCHEMA storage GRANT ALL ON SEQUENCES TO service_role;


--
-- Name: DEFAULT PRIVILEGES FOR FUNCTIONS; Type: DEFAULT ACL; Schema: storage; Owner: postgres
--

ALTER DEFAULT PRIVILEGES FOR ROLE postgres IN SCHEMA storage GRANT ALL ON FUNCTIONS TO postgres;
ALTER DEFAULT PRIVILEGES FOR ROLE postgres IN SCHEMA storage GRANT ALL ON FUNCTIONS TO anon;
ALTER DEFAULT PRIVILEGES FOR ROLE postgres IN SCHEMA storage GRANT ALL ON FUNCTIONS TO authenticated;
ALTER DEFAULT PRIVILEGES FOR ROLE postgres IN SCHEMA storage GRANT ALL ON FUNCTIONS TO service_role;


--
-- Name: DEFAULT PRIVILEGES FOR TABLES; Type: DEFAULT ACL; Schema: storage; Owner: postgres
--

ALTER DEFAULT PRIVILEGES FOR ROLE postgres IN SCHEMA storage GRANT ALL ON TABLES TO postgres;
ALTER DEFAULT PRIVILEGES FOR ROLE postgres IN SCHEMA storage GRANT ALL ON TABLES TO anon;
ALTER DEFAULT PRIVILEGES FOR ROLE postgres IN SCHEMA storage GRANT ALL ON TABLES TO authenticated;
ALTER DEFAULT PRIVILEGES FOR ROLE postgres IN SCHEMA storage GRANT ALL ON TABLES TO service_role;


--
-- Name: issue_graphql_placeholder; Type: EVENT TRIGGER; Schema: -; Owner: supabase_admin
--

CREATE EVENT TRIGGER issue_graphql_placeholder ON sql_drop
         WHEN TAG IN ('DROP EXTENSION')
   EXECUTE FUNCTION extensions.set_graphql_placeholder();


ALTER EVENT TRIGGER issue_graphql_placeholder OWNER TO supabase_admin;

--
-- Name: issue_pg_cron_access; Type: EVENT TRIGGER; Schema: -; Owner: supabase_admin
--

CREATE EVENT TRIGGER issue_pg_cron_access ON ddl_command_end
         WHEN TAG IN ('CREATE EXTENSION')
   EXECUTE FUNCTION extensions.grant_pg_cron_access();


ALTER EVENT TRIGGER issue_pg_cron_access OWNER TO supabase_admin;

--
-- Name: issue_pg_graphql_access; Type: EVENT TRIGGER; Schema: -; Owner: supabase_admin
--

CREATE EVENT TRIGGER issue_pg_graphql_access ON ddl_command_end
         WHEN TAG IN ('CREATE FUNCTION')
   EXECUTE FUNCTION extensions.grant_pg_graphql_access();


ALTER EVENT TRIGGER issue_pg_graphql_access OWNER TO supabase_admin;

--
-- Name: issue_pg_net_access; Type: EVENT TRIGGER; Schema: -; Owner: supabase_admin
--

CREATE EVENT TRIGGER issue_pg_net_access ON ddl_command_end
         WHEN TAG IN ('CREATE EXTENSION')
   EXECUTE FUNCTION extensions.grant_pg_net_access();


ALTER EVENT TRIGGER issue_pg_net_access OWNER TO supabase_admin;

--
-- Name: pgrst_ddl_watch; Type: EVENT TRIGGER; Schema: -; Owner: supabase_admin
--

CREATE EVENT TRIGGER pgrst_ddl_watch ON ddl_command_end
   EXECUTE FUNCTION extensions.pgrst_ddl_watch();


ALTER EVENT TRIGGER pgrst_ddl_watch OWNER TO supabase_admin;

--
-- Name: pgrst_drop_watch; Type: EVENT TRIGGER; Schema: -; Owner: supabase_admin
--

CREATE EVENT TRIGGER pgrst_drop_watch ON sql_drop
   EXECUTE FUNCTION extensions.pgrst_drop_watch();


ALTER EVENT TRIGGER pgrst_drop_watch OWNER TO supabase_admin;

--
-- PostgreSQL database dump complete
--

\unrestrict MKAd1OmXAfJ9OTjfWZtU5sdXYoV0FwI7wteV0vv6L9vm8gAypkbtnnVmq6hgOtb

--
-- PostgreSQL database cluster dump complete
--

